n_obs,directional_accuracy,base_rate,balanced_accuracy,matthews_corrcoef,roc_auc,brier_score,model,fold,seed,target,test_start,test_end,n_train,fit_seconds
273.0,0.5274725274725275,0.5274725274725275,0.5,0.0,0.5,0.25,zero,0,,dir_1d,2020-01-01,2020-03-31,1648,0.002
273.0,0.4432234432234432,0.5274725274725275,0.44153746770025837,-0.11692506459948321,0.4308247200689061,0.35152281369876154,persistence,0,,dir_1d,2020-01-01,2020-03-31,1648,0.002
273.0,0.46886446886446886,0.5274725274725275,0.4561531007751938,-0.09849236935017056,0.45155038759689925,0.418621327654728,historical_mean,0,,dir_1d,2020-01-01,2020-03-31,1648,0.005
273.0,0.4725274725274725,0.5274725274725275,0.5,0.0,0.5,0.2502902884654228,majority_class,0,,dir_1d,2020-01-01,2020-03-31,1648,0.001
273.0,0.4908424908424908,0.5274725274725275,0.4802164082687339,-0.04279969683527338,0.4788975021533161,0.25241095628848254,lstm,0,42.0,dir_1d,2020-01-01,2020-03-31,1648,3.362
273.0,0.47619047619047616,0.5274725274725275,0.46915374677002586,-0.06366641200152799,0.4789513350559862,0.25292136711442814,lstm,0,43.0,dir_1d,2020-01-01,2020-03-31,1648,4.592
273.0,0.4945054945054945,0.5274725274725275,0.48247739018087854,-0.038880468471345526,0.48562661498708004,0.2519228322489108,lstm,0,44.0,dir_1d,2020-01-01,2020-03-31,1648,3.731
273.0,0.4945054945054945,0.5274725274725275,0.4780361757105943,-0.05467697333311252,0.49746985357450474,0.2510818888447236,lstm,0,45.0,dir_1d,2020-01-01,2020-03-31,1648,4.249
273.0,0.5128205128205128,0.5274725274725275,0.5115471576227391,0.023085617523343586,0.5056524547803618,0.2513160335338463,lstm,0,46.0,dir_1d,2020-01-01,2020-03-31,1648,2.784
273.0,0.5054945054945055,0.5274725274725275,0.5021802325581395,0.004386039911039478,0.51437338501292,0.2511901999885896,lstm_per_asset,0,42.0,dir_1d,2020-01-01,2020-03-31,1648,4.616
273.0,0.5018315018315018,0.5274725274725275,0.489421834625323,-0.023662096563296812,0.4776055124892334,0.2526221788241798,lstm_per_asset,0,43.0,dir_1d,2020-01-01,2020-03-31,1648,5.903
273.0,0.5054945054945055,0.5274725274725275,0.49329780361757103,-0.014930808890713817,0.505275624461671,0.2501486704078647,lstm_per_asset,0,44.0,dir_1d,2020-01-01,2020-03-31,1648,4.227
273.0,0.5311355311355311,0.5274725274725275,0.51921834625323,0.042643094452443485,0.5249784668389319,0.25022500408206166,lstm_per_asset,0,45.0,dir_1d,2020-01-01,2020-03-31,1648,3.508
273.0,0.5384615384615384,0.5274725274725275,0.5330264857881137,0.06733382540473737,0.5335378983634798,0.24892186698921703,lstm_per_asset,0,46.0,dir_1d,2020-01-01,2020-03-31,1648,4.082
273.0,0.5018315018315018,0.5274725274725275,0.48780684754521964,-0.028291181785472484,0.5137812230835487,0.249729331650266,cnn,0,42.0,dir_1d,2020-01-01,2020-03-31,1648,7.793
273.0,0.5091575091575091,0.5274725274725275,0.4919250645994832,-0.020686336179514528,0.49520887166236005,0.2504497876043816,cnn,0,43.0,dir_1d,2020-01-01,2020-03-31,1648,4.203
273.0,0.5201465201465202,0.5274725274725275,0.49547803617571057,-0.02047006777804188,0.4871877691645133,0.25531513769826414,cnn,0,44.0,dir_1d,2020-01-01,2020-03-31,1648,10.294
273.0,0.5164835164835165,0.5274725274725275,0.505733204134367,0.012444792380858868,0.5017764857881137,0.25068142006393784,cnn,0,45.0,dir_1d,2020-01-01,2020-03-31,1648,4.491
273.0,0.5201465201465202,0.5274725274725275,0.5116279069767442,0.02443527344090665,0.5162575366063739,0.24928626795520975,cnn,0,46.0,dir_1d,2020-01-01,2020-03-31,1648,4.173
273.0,0.5274725274725275,0.5274725274725275,0.522609819121447,0.045896676209626966,0.5016688199827735,0.2500450815991318,cnn_per_asset,0,42.0,dir_1d,2020-01-01,2020-03-31,1648,4.638
273.0,0.5054945054945055,0.5274725274725275,0.4888565891472868,-0.027932210263514494,0.5012381567614126,0.25185444309022714,cnn_per_asset,0,43.0,dir_1d,2020-01-01,2020-03-31,1648,7.356
273.0,0.4835164835164835,0.5274725274725275,0.47165697674418605,-0.06264518021884176,0.47114556416882,0.25084910537575894,cnn_per_asset,0,44.0,dir_1d,2020-01-01,2020-03-31,1648,6.191
273.0,0.5128205128205128,0.5274725274725275,0.5208333333333333,0.04346329608809728,0.5154500430663221,0.25088463818345585,cnn_per_asset,0,45.0,dir_1d,2020-01-01,2020-03-31,1648,8.091
273.0,0.5128205128205128,0.5274725274725275,0.5107396640826873,0.021510616351173927,0.5102282515073213,0.2506302958722586,cnn_per_asset,0,46.0,dir_1d,2020-01-01,2020-03-31,1648,4.879
273.0,0.5128205128205128,0.5274725274725275,0.5050872093023255,0.010588968120037762,0.5003229974160207,0.2925085482054725,dlinear,0,42.0,dir_1d,2020-01-01,2020-03-31,1648,1.199
273.0,0.5494505494505495,0.5274725274725275,0.544250645994832,0.09008149128120016,0.524493970714901,0.29607511950888477,dlinear,0,43.0,dir_1d,2020-01-01,2020-03-31,1648,1.189
273.0,0.5604395604395604,0.5274725274725275,0.5494186046511628,0.10801982065226164,0.5213178294573644,0.32448105036446667,dlinear,0,44.0,dir_1d,2020-01-01,2020-03-31,1648,1.594
273.0,0.5164835164835165,0.5274725274725275,0.5121931524547804,0.02465724992379885,0.5197028423772609,0.29584715657268,dlinear,0,45.0,dir_1d,2020-01-01,2020-03-31,1648,1.248
273.0,0.5567765567765568,0.5274725274725275,0.5411014211886305,0.10032974515784665,0.5060292850990525,0.31293042518786046,dlinear,0,46.0,dir_1d,2020-01-01,2020-03-31,1648,3.027
273.0,0.5274725274725275,0.5274725274725275,0.5306847545219638,0.06167572608955002,0.5409668389319552,0.30523843708957255,dlinear_per_asset,0,42.0,dir_1d,2020-01-01,2020-03-31,1648,2.693
273.0,0.4945054945054945,0.5274725274725275,0.5054909560723515,0.01195998008278448,0.5069444444444444,0.3597638193895316,dlinear_per_asset,0,43.0,dir_1d,2020-01-01,2020-03-31,1648,1.452
273.0,0.5091575091575091,0.5274725274725275,0.5109011627906976,0.02181172111106284,0.5136735572782085,0.32634482609265597,dlinear_per_asset,0,44.0,dir_1d,2020-01-01,2020-03-31,1648,1.481
273.0,0.4981684981684982,0.5274725274725275,0.49160206718346255,-0.017267062892749267,0.5045757967269595,0.31699213963961115,dlinear_per_asset,0,45.0,dir_1d,2020-01-01,2020-03-31,1648,1.419
273.0,0.5201465201465202,0.5274725274725275,0.5188953488372092,0.03777646503819859,0.5223944875107666,0.33835042727788667,dlinear_per_asset,0,46.0,dir_1d,2020-01-01,2020-03-31,1648,1.589
273.0,0.5201465201465202,0.5201465201465202,0.5,0.0,0.5,0.25,zero,1,,dir_1d,2020-04-01,2020-06-30,1867,0.001
273.0,0.43223443223443225,0.5201465201465202,0.43116331577249756,-0.13771779594019992,0.38925921943877,0.3480043151180459,persistence,1,,dir_1d,2020-04-01,2020-06-30,1867,0.002
273.0,0.4981684981684982,0.5201465201465202,0.48094290936458445,-0.0730787578305162,0.4534458660359101,0.3669663315311,historical_mean,1,,dir_1d,2020-04-01,2020-06-30,1867,0.005
273.0,0.47985347985347987,0.5201465201465202,0.5,0.0,0.5,0.25049744870101764,majority_class,1,,dir_1d,2020-04-01,2020-06-30,1867,0.001
273.0,0.5164835164835165,0.5201465201465202,0.5287065906891733,0.0720066315697953,0.569239866681002,0.24859864847981364,lstm,1,42.0,dir_1d,2020-04-01,2020-06-30,1867,3.083
273.0,0.5054945054945055,0.5201465201465202,0.49744651112783567,-0.005565704895288077,0.5621438554994087,0.2469011026038413,lstm,1,43.0,dir_1d,2020-04-01,2020-06-30,1867,3.125
273.0,0.5714285714285714,0.5201465201465202,0.5661488012041715,0.13718566793621675,0.5796688528115256,0.245217007931926,lstm,1,44.0,dir_1d,2020-04-01,2020-06-30,1867,3.207
273.0,0.5238095238095238,0.5201465201465202,0.52510482743791,0.050266433265700836,0.5545640253736157,0.24804181398895037,lstm,1,45.0,dir_1d,2020-04-01,2020-06-30,1867,5.026
273.0,0.5531135531135531,0.5201465201465202,0.5517955058595849,0.10375848126599715,0.6016019782819051,0.24385863888072967,lstm,1,46.0,dir_1d,2020-04-01,2020-06-30,1867,4.143
273.0,0.48717948717948717,0.5201465201465202,0.5011289108697989,0.0031263589181089496,0.4980109665627352,0.25484422008011876,lstm_per_asset,1,42.0,dir_1d,2020-04-01,2020-06-30,1867,4.011
273.0,0.46153846153846156,0.5201465201465202,0.4602193312547038,-0.07965130753023258,0.5030641866465971,0.25071980485651074,lstm_per_asset,1,43.0,dir_1d,2020-04-01,2020-06-30,1867,4.291
273.0,0.5384615384615384,0.5201465201465202,0.5353456617568003,0.07152674620130266,0.5571981507364799,0.24691466407581536,lstm_per_asset,1,44.0,dir_1d,2020-04-01,2020-06-30,1867,6.075
273.0,0.5274725274725275,0.5201465201465202,0.5357219653800667,0.07813615516253614,0.5628964627459413,0.24693230592584026,lstm_per_asset,1,45.0,dir_1d,2020-04-01,2020-06-30,1867,7.303
273.0,0.5677655677655677,0.5201465201465202,0.5641060101064401,0.13040359571722945,0.5893989893559832,0.24538722592217146,lstm_per_asset,1,46.0,dir_1d,2020-04-01,2020-06-30,1867,4.974
273.0,0.5457875457875457,0.5201465201465202,0.533222234168369,0.08516812288642912,0.5710138694764004,0.2481180887406847,cnn,1,42.0,dir_1d,2020-04-01,2020-06-30,1867,4.666
273.0,0.5421245421245421,0.5201465201465202,0.548919471024621,0.10368959491348831,0.5384367272336308,0.25038543115186634,cnn,1,43.0,dir_1d,2020-04-01,2020-06-30,1867,4.762
273.0,0.4981684981684982,0.5201465201465202,0.5069616170304269,0.015457759491678958,0.5362326631544995,0.2501676219670522,cnn,1,44.0,dir_1d,2020-04-01,2020-06-30,1867,7.741
273.0,0.47619047619047616,0.5201465201465202,0.4787388452854532,-0.04284131790746794,0.48247500268788307,0.2523865090921287,cnn,1,45.0,dir_1d,2020-04-01,2020-06-30,1867,7.865
273.0,0.5347985347985348,0.5201465201465202,0.5406945489732287,0.08495791666309498,0.5354262982475003,0.24989845589498766,cnn,1,46.0,dir_1d,2020-04-01,2020-06-30,1867,4.737
273.0,0.4945054945054945,0.5201465201465202,0.4975271476185356,-0.004998379037651368,0.5112891086979895,0.2512431217155519,cnn_per_asset,1,42.0,dir_1d,2020-04-01,2020-06-30,1867,5.285
273.0,0.47985347985347987,0.5201465201465202,0.4872863132996452,-0.027347100825321182,0.5,0.2591266695032771,cnn_per_asset,1,43.0,dir_1d,2020-04-01,2020-06-30,1867,12.298
273.0,0.5018315018315018,0.5201465201465202,0.5128480808515213,0.030641569327211474,0.48774325341361147,0.2539456431093684,cnn_per_asset,1,44.0,dir_1d,2020-04-01,2020-06-30,1867,8.44
273.0,0.4652014652014652,0.5201465201465202,0.47083646919686056,-0.060746023801926126,0.47978711966455223,0.25797071427113905,cnn_per_asset,1,45.0,dir_1d,2020-04-01,2020-06-30,1867,8.374
273.0,0.5018315018315018,0.5201465201465202,0.5045694011396624,0.009216419807440868,0.5113966240189227,0.25214124819237943,cnn_per_asset,1,46.0,dir_1d,2020-04-01,2020-06-30,1867,7.467
273.0,0.5274725274725275,0.5201465201465202,0.5351306311149339,0.07580666310500823,0.5566068164713471,0.3138222067867569,dlinear,1,42.0,dir_1d,2020-04-01,2020-06-30,1867,1.536
273.0,0.5091575091575091,0.5201465201465202,0.5127943231910548,0.0259899344018211,0.5394043651220298,0.31431131512206795,dlinear,1,43.0,dir_1d,2020-04-01,2020-06-30,1867,1.554
273.0,0.47985347985347987,0.5201465201465202,0.49349532308353944,-0.017676304184179575,0.5141920223631867,0.3872641470541747,dlinear,1,44.0,dir_1d,2020-04-01,2020-06-30,1867,4.677
273.0,0.5384615384615384,0.5201465201465202,0.5359369960219331,0.07241320106483519,0.5537039028061499,0.28089667011724123,dlinear,1,45.0,dir_1d,2020-04-01,2020-06-30,1867,2.103
273.0,0.5274725274725275,0.5201465201465202,0.5283302870659069,0.05666057413181378,0.5256961617030427,0.336617609640097,dlinear,1,46.0,dir_1d,2020-04-01,2020-06-30,1867,2.844
273.0,0.5054945054945055,0.5201465201465202,0.5077948607676595,0.015678470700971735,0.5359638748521665,0.32803692196762246,dlinear_per_asset,1,42.0,dir_1d,2020-04-01,2020-06-30,1867,3.193
273.0,0.5384615384615384,0.5201465201465202,0.5430330072035265,0.08822676264299407,0.5448876464896248,0.3319580410610428,dlinear_per_asset,1,43.0,dir_1d,2020-04-01,2020-06-30,1867,3.428
273.0,0.5641025641025641,0.5201465201465202,0.5679765616600365,0.13827702036430745,0.5639178582948069,0.3141644105527185,dlinear_per_asset,1,44.0,dir_1d,2020-04-01,2020-06-30,1867,2.057
273.0,0.5494505494505495,0.5201465201465202,0.5530050532200839,0.1075295621783016,0.5750456940113967,0.2944414994478303,dlinear_per_asset,1,45.0,dir_1d,2020-04-01,2020-06-30,1867,2.017
273.0,0.5641025641025641,0.5201465201465202,0.5664982259972047,0.1337535741869106,0.5568218471132136,0.3168774249274246,dlinear_per_asset,1,46.0,dir_1d,2020-04-01,2020-06-30,1867,1.876
276.0,0.5615942028985508,0.5615942028985508,0.5,0.0,0.5,0.25,zero,2,,dir_1d,2020-07-01,2020-09-30,2083,0.001
276.0,0.35507246376811596,0.5615942028985508,0.3442282058117835,-0.31214331991817323,0.3296720874433484,0.36025169562989917,persistence,2,,dir_1d,2020-07-01,2020-09-30,2083,0.002
276.0,0.5543478260869565,0.5615942028985508,0.5035190615835777,0.012393943320395888,0.4703812316715542,0.32612298251552446,historical_mean,2,,dir_1d,2020-07-01,2020-09-30,2083,0.006
276.0,0.4384057971014493,0.5615942028985508,0.5,0.0,0.5,0.25231464782804996,majority_class,2,,dir_1d,2020-07-01,2020-09-30,2083,0.001
276.0,0.4963768115942029,0.5615942028985508,0.5316715542521995,0.07620007620011429,0.5579845374566782,0.25357440632855555,lstm,2,42.0,dir_1d,2020-07-01,2020-09-30,2083,4.008
276.0,0.5434782608695652,0.5615942028985508,0.5609170887763263,0.12550122326678864,0.5772327379365502,0.25070216063256606,lstm,2,43.0,dir_1d,2020-07-01,2020-09-30,2083,7.071
276.0,0.5181159420289855,0.5615942028985508,0.5510263929618768,0.11871395777423616,0.6038922953878966,0.25083977417312503,lstm,2,44.0,dir_1d,2020-07-01,2020-09-30,2083,6.058
276.0,0.4963768115942029,0.5615942028985508,0.5262330045321247,0.059286420807911785,0.5855505198613703,0.25159180789326957,lstm,2,45.0,dir_1d,2020-07-01,2020-09-30,2083,5.07
276.0,0.5036231884057971,0.5615942028985508,0.5426552919221541,0.1082519597596301,0.6233537723273793,0.24928466993652257,lstm,2,46.0,dir_1d,2020-07-01,2020-09-30,2083,5.935
276.0,0.4963768115942029,0.5615942028985508,0.5271394294854705,0.06190227546877471,0.5570781125033324,0.2609693444232384,lstm_per_asset,2,42.0,dir_1d,2020-07-01,2020-09-30,2083,8.525
276.0,0.5253623188405797,0.5615942028985508,0.5221274326846175,0.043991771824087735,0.5438549720074647,0.2545225602564095,lstm_per_asset,2,43.0,dir_1d,2020-07-01,2020-09-30,2083,5.532
276.0,0.5072463768115942,0.5615942028985508,0.5114369501466276,0.022748105588212688,0.530951746201013,0.26542282049067745,lstm_per_asset,2,44.0,dir_1d,2020-07-01,2020-09-30,2083,6.005
276.0,0.5,0.5615942028985508,0.5330845107971207,0.07737761533762523,0.5600639829378832,0.2667735704111506,lstm_per_asset,2,45.0,dir_1d,2020-07-01,2020-09-30,2083,6.437
276.0,0.5144927536231884,0.5615942028985508,0.515169288189816,0.03010828708713359,0.5266862170087976,0.26234058813004013,lstm_per_asset,2,46.0,dir_1d,2020-07-01,2020-09-30,2083,3.18
276.0,0.4927536231884058,0.5615942028985508,0.4940015995734471,-0.011908239024141955,0.5001332977872568,0.2506115133113258,cnn,2,42.0,dir_1d,2020-07-01,2020-09-30,2083,5.335
276.0,0.4673913043478261,0.5615942028985508,0.47595307917888563,-0.04823679632500679,0.4950679818715009,0.2523963743885154,cnn,2,43.0,dir_1d,2020-07-01,2020-09-30,2083,4.053
276.0,0.5,0.5615942028985508,0.4904825379898694,-0.019112530383922403,0.4820581178352439,0.2504928047090371,cnn,2,44.0,dir_1d,2020-07-01,2020-09-30,2083,4.078
276.0,0.5108695652173914,0.5615942028985508,0.512849906691549,0.02551478614648288,0.4923487070114636,0.2530217195889795,cnn,2,45.0,dir_1d,2020-07-01,2020-09-30,2083,5.462
276.0,0.44565217391304346,0.5615942028985508,0.4874166888829645,-0.034112467404940415,0.505091975473207,0.25347066475488134,cnn,2,46.0,dir_1d,2020-07-01,2020-09-30,2083,3.729
276.0,0.4746376811594203,0.5615942028985508,0.4905625166622234,-0.01940305066749613,0.4980538523060517,0.2552888520909887,cnn_per_asset,2,42.0,dir_1d,2020-07-01,2020-09-30,2083,4.434
276.0,0.5036231884057971,0.5615942028985508,0.5136496934150894,0.027442422146128184,0.53425753132498,0.25183644996376336,cnn_per_asset,2,43.0,dir_1d,2020-07-01,2020-09-30,2083,4.882
276.0,0.5217391304347826,0.5615942028985508,0.5080245267928553,0.016344540672797312,0.49976006398293793,0.2557198639555318,cnn_per_asset,2,44.0,dir_1d,2020-07-01,2020-09-30,2083,7.797
276.0,0.5253623188405797,0.5615942028985508,0.5058117835243935,0.012170217465730554,0.49650759797387367,0.25228910751630773,cnn_per_asset,2,45.0,dir_1d,2020-07-01,2020-09-30,2083,4.697
276.0,0.5,0.5615942028985508,0.5031724873367103,0.006304763179870654,0.5064249533457744,0.2566823506710809,cnn_per_asset,2,46.0,dir_1d,2020-07-01,2020-09-30,2083,5.444
276.0,0.5181159420289855,0.5615942028985508,0.5510263929618768,0.11871395777423616,0.5825113303119168,0.2877138305490738,dlinear,2,42.0,dir_1d,2020-07-01,2020-09-30,2083,0.803
276.0,0.5471014492753623,0.5615942028985508,0.573207144761397,0.15897696712665976,0.5947747267395361,0.2787568186869936,dlinear,2,43.0,dir_1d,2020-07-01,2020-09-30,2083,1.239
276.0,0.5615942028985508,0.5615942028985508,0.5707011463609704,0.14153441796588426,0.587150093308451,0.25564590318446,dlinear,2,44.0,dir_1d,2020-07-01,2020-09-30,2083,1.903
276.0,0.5978260869565217,0.5615942028985508,0.5667022127432685,0.1551840764634999,0.6085310583844309,0.252815477720385,dlinear,2,45.0,dir_1d,2020-07-01,2020-09-30,2083,1.515
276.0,0.5833333333333334,0.5615942028985508,0.5519861370301253,0.12094682218378291,0.581604905358571,0.25803421593909115,dlinear,2,46.0,dir_1d,2020-07-01,2020-09-30,2083,1.658
276.0,0.5652173913043478,0.5615942028985508,0.5811783524393495,0.1659342581276216,0.5971740869101573,0.28332217835736434,dlinear_per_asset,2,42.0,dir_1d,2020-07-01,2020-09-30,2083,1.65
276.0,0.5362318840579711,0.5615942028985508,0.5589976006398294,0.12525846148903882,0.6023460410557184,0.2999950312369437,dlinear_per_asset,2,43.0,dir_1d,2020-07-01,2020-09-30,2083,1.172
276.0,0.532608695652174,0.5615942028985508,0.5467075446547587,0.09497494461848395,0.5666755531858172,0.30103500272119915,dlinear_per_asset,2,44.0,dir_1d,2020-07-01,2020-09-30,2083,1.049
276.0,0.572463768115942,0.5615942028985508,0.5830978405758465,0.1668732694865158,0.595147960543855,0.2800296544766735,dlinear_per_asset,2,45.0,dir_1d,2020-07-01,2020-09-30,2083,0.9
276.0,0.5688405797101449,0.5615942028985508,0.5798720341242335,0.1605810483394532,0.6064516129032257,0.2911730199347419,dlinear_per_asset,2,46.0,dir_1d,2020-07-01,2020-09-30,2083,1.059
276.0,0.6086956521739131,0.6086956521739131,0.5,0.0,0.5,0.25,zero,3,,dir_1d,2020-10-01,2020-12-31,2305,0.001
276.0,0.5398550724637681,0.6086956521739131,0.5178571428571429,0.035656359738887984,0.5090388007054674,0.3047428051850582,persistence,3,,dir_1d,2020-10-01,2020-12-31,2305,0.001
276.0,0.5833333333333334,0.6086956521739131,0.4890873015873016,-0.042071239288530744,0.44259810405643735,0.3344380367563186,historical_mean,3,,dir_1d,2020-10-01,2020-12-31,2305,0.005
276.0,0.391304347826087,0.6086956521739131,0.5,0.0,0.5,0.2530516329537153,majority_class,3,,dir_1d,2020-10-01,2020-12-31,2305,0.001
276.0,0.43478260869565216,0.6086956521739131,0.4877645502645503,-0.027449461018382103,0.5275022045855379,0.25944429013919224,lstm,3,42.0,dir_1d,2020-10-01,2020-12-31,2305,3.666
276.0,0.42028985507246375,0.6086956521739131,0.4890873015873016,-0.0276560050334848,0.513613315696649,0.26520199043016573,lstm,3,43.0,dir_1d,2020-10-01,2020-12-31,2305,4.262
276.0,0.463768115942029,0.6086956521739131,0.5363756613756614,0.09367406575464755,0.5160934744268078,0.27225961146293853,lstm,3,44.0,dir_1d,2020-10-01,2020-12-31,2305,4.004
276.0,0.48188405797101447,0.6086956521739131,0.5413359788359788,0.0950882455649385,0.5172508818342152,0.2704953417825994,lstm,3,45.0,dir_1d,2020-10-01,2020-12-31,2305,3.857
276.0,0.43478260869565216,0.6086956521739131,0.5191798941798942,0.05847534848491246,0.5575396825396826,0.2728287064365343,lstm,3,46.0,dir_1d,2020-10-01,2020-12-31,2305,3.855
276.0,0.4673913043478261,0.6086956521739131,0.49636243386243384,-0.007371021897174486,0.5166997354497355,0.25914812645015756,lstm_per_asset,3,42.0,dir_1d,2020-10-01,2020-12-31,2305,3.683
276.0,0.48188405797101447,0.6086956521739131,0.4851190476190476,-0.029069221558413346,0.4809303350970018,0.2584646260753878,lstm_per_asset,3,43.0,dir_1d,2020-10-01,2020-12-31,2305,4.386
276.0,0.4420289855072464,0.6086956521739131,0.4904100529100529,-0.020955157596832898,0.4914572310405644,0.264074479586397,lstm_per_asset,3,44.0,dir_1d,2020-10-01,2020-12-31,2305,5.184
276.0,0.5217391304347826,0.6086956521739131,0.541005291005291,0.08108628932418616,0.5362654320987654,0.2554960037697061,lstm_per_asset,3,45.0,dir_1d,2020-10-01,2020-12-31,2305,3.819
276.0,0.5,0.6086956521739131,0.5496031746031746,0.10752911960260607,0.5392967372134038,0.261108461825512,lstm_per_asset,3,46.0,dir_1d,2020-10-01,2020-12-31,2305,3.639
276.0,0.4855072463768116,0.6086956521739131,0.5376984126984127,0.08306690592833527,0.5253527336860669,0.25449814704236734,cnn,3,42.0,dir_1d,2020-10-01,2020-12-31,2305,5.213
276.0,0.45652173913043476,0.6086956521739131,0.5205026455026455,0.049120657723406416,0.5300925925925926,0.254626389084186,cnn,3,43.0,dir_1d,2020-10-01,2020-12-31,2305,4.135
276.0,0.5434782608695652,0.6086956521739131,0.5291005291005291,0.05741532830049058,0.5303130511463845,0.24944569180881018,cnn,3,44.0,dir_1d,2020-10-01,2020-12-31,2305,4.358
276.0,0.47101449275362317,0.6086956521739131,0.5373677248677249,0.09069593387898375,0.5360449735449736,0.25785666016516745,cnn,3,45.0,dir_1d,2020-10-01,2020-12-31,2305,3.808
276.0,0.47101449275362317,0.6086956521739131,0.5307539682539683,0.07112786263951539,0.5600198412698413,0.25661473242414223,cnn,3,46.0,dir_1d,2020-10-01,2020-12-31,2305,4.963
276.0,0.5434782608695652,0.6086956521739131,0.5241402116402116,0.047985127401570224,0.5380291005291005,0.24712829571326855,cnn_per_asset,3,42.0,dir_1d,2020-10-01,2020-12-31,2305,8.06
276.0,0.5507246376811594,0.6086956521739131,0.5069444444444444,0.0148329055396711,0.5207782186948854,0.24626766142335882,cnn_per_asset,3,43.0,dir_1d,2020-10-01,2020-12-31,2305,5.908
276.0,0.5253623188405797,0.6086956521739131,0.5291005291005291,0.05682258134295165,0.5318562610229277,0.24975272785691854,cnn_per_asset,3,44.0,dir_1d,2020-10-01,2020-12-31,2305,7.064
276.0,0.48188405797101447,0.6086956521739131,0.5264550264550265,0.056310192724852944,0.531415343915344,0.2565914801677445,cnn_per_asset,3,45.0,dir_1d,2020-10-01,2020-12-31,2305,7.663
276.0,0.5398550724637681,0.6086956521739131,0.5062830687830688,0.012908246145643497,0.5166997354497355,0.24669578402500933,cnn_per_asset,3,46.0,dir_1d,2020-10-01,2020-12-31,2305,6.65
276.0,0.4528985507246377,0.6086956521739131,0.5125661375661376,0.02922390501307516,0.5485559964726632,0.3103286838985397,dlinear,3,42.0,dir_1d,2020-10-01,2020-12-31,2305,1.145
276.0,0.44565217391304346,0.6086956521739131,0.5016534391534392,0.003764212975175659,0.5060626102292769,0.3191120908007505,dlinear,3,43.0,dir_1d,2020-10-01,2020-12-31,2305,2.034
276.0,0.40942028985507245,0.6086956521739131,0.4950396825396825,-0.015789141284735016,0.5322971781305115,0.3772448386306895,dlinear,3,44.0,dir_1d,2020-10-01,2020-12-31,2305,3.707
276.0,0.42028985507246375,0.6086956521739131,0.4808201058201058,-0.04538791367986478,0.5118496472663139,0.31500020849973104,dlinear,3,45.0,dir_1d,2020-10-01,2020-12-31,2305,3.364
276.0,0.43478260869565216,0.6086956521739131,0.5026455026455026,0.006603573764586061,0.5287147266313933,0.3363035745657972,dlinear,3,46.0,dir_1d,2020-10-01,2020-12-31,2305,3.674
276.0,0.4855072463768116,0.6086956521739131,0.5029761904761905,0.00588529519288448,0.5120149911816578,0.3248427730735349,dlinear_per_asset,3,42.0,dir_1d,2020-10-01,2020-12-31,2305,1.841
276.0,0.4673913043478261,0.6086956521739131,0.48313492063492064,-0.033311440272799364,0.505676807760141,0.3172257080903297,dlinear_per_asset,3,43.0,dir_1d,2020-10-01,2020-12-31,2305,4.13
276.0,0.5072463768115942,0.6086956521739131,0.5109126984126984,0.0213123871112485,0.5027006172839507,0.3170550717498262,dlinear_per_asset,3,44.0,dir_1d,2020-10-01,2020-12-31,2305,4.714
276.0,0.48188405797101447,0.6086956521739131,0.4983465608465608,-0.0032658274777254276,0.5062830687830688,0.3117445187065397,dlinear_per_asset,3,45.0,dir_1d,2020-10-01,2020-12-31,2305,2.786
276.0,0.5471014492753623,0.6086956521739131,0.546957671957672,0.09169098353067198,0.5034722222222222,0.3253094264396785,dlinear_per_asset,3,46.0,dir_1d,2020-10-01,2020-12-31,2305,3.404
270.0,0.5740740740740741,0.5740740740740741,0.5,0.0,0.5,0.25,zero,4,,dir_1d,2021-01-01,2021-03-31,2527,0.001
270.0,0.4888888888888889,0.5740740740740741,0.4774193548387097,-0.04516129032258064,0.4856100981767181,0.33264158213109857,persistence,4,,dir_1d,2021-01-01,2021-03-31,2527,0.002
270.0,0.5407407407407407,0.5740740740740741,0.47321178120617113,-0.12375146944028627,0.421570827489481,0.3763428355650178,historical_mean,4,,dir_1d,2021-01-01,2021-03-31,2527,0.007
270.0,0.42592592592592593,0.5740740740740741,0.5,0.0,0.5,0.25146419519270297,majority_class,4,,dir_1d,2021-01-01,2021-03-31,2527,0.001
270.0,0.48148148148148145,0.5740740740740741,0.4429172510518934,-0.13069658019703462,0.4525105189340813,0.25048656135531133,lstm,4,42.0,dir_1d,2021-01-01,2021-03-31,2527,2.992
270.0,0.5444444444444444,0.5740740740740741,0.47755960729312763,-0.10009012168253752,0.4890883590462832,0.2468270839147249,lstm,4,43.0,dir_1d,2021-01-01,2021-03-31,2527,5.029
270.0,0.5555555555555556,0.5740740740740741,0.5107994389901823,0.026889217157490847,0.5167461430575035,0.2476921819239013,lstm,4,44.0,dir_1d,2021-01-01,2021-03-31,2527,4.938
270.0,0.5037037037037037,0.5740740740740741,0.46227208976157086,-0.0892214864717971,0.4663113604488079,0.25001621159579696,lstm,4,45.0,dir_1d,2021-01-01,2021-03-31,2527,2.708
270.0,0.4777777777777778,0.5740740740740741,0.4767180925666199,-0.046051254952668784,0.47500701262272094,0.2528265391132225,lstm,4,46.0,dir_1d,2021-01-01,2021-03-31,2527,7.403
270.0,0.45555555555555555,0.5740740740740741,0.43380084151472653,-0.1361507294254106,0.444656381486676,0.25218114048527424,lstm_per_asset,4,42.0,dir_1d,2021-01-01,2021-03-31,2527,8.018
270.0,0.5555555555555556,0.5740740740740741,0.4950911640953717,-0.016748280772542135,0.475960729312763,0.24811640506173543,lstm_per_asset,4,43.0,dir_1d,2021-01-01,2021-03-31,2527,6.661
270.0,0.4888888888888889,0.5740740740740741,0.4841514726507714,-0.03140246927420152,0.4816830294530155,0.2515681325437725,lstm_per_asset,4,44.0,dir_1d,2021-01-01,2021-03-31,2527,3.503
270.0,0.5074074074074074,0.5740740740740741,0.4553997194950911,-0.1216999182106638,0.46294530154277697,0.24909794859962966,lstm_per_asset,4,45.0,dir_1d,2021-01-01,2021-03-31,2527,2.491
270.0,0.5222222222222223,0.5740740740740741,0.48737727910238426,-0.028229221483359174,0.49133239831697056,0.2488528513498449,lstm_per_asset,4,46.0,dir_1d,2021-01-01,2021-03-31,2527,4.936
270.0,0.5111111111111111,0.5740740740740741,0.49453015427769986,-0.011096428534275352,0.5004207573632539,0.2500444648457264,cnn,4,42.0,dir_1d,2021-01-01,2021-03-31,2527,9.156
270.0,0.5037037037037037,0.5740740740740741,0.4858345021037868,-0.028840299155304176,0.47276297335203366,0.25092774518061767,cnn,4,43.0,dir_1d,2021-01-01,2021-03-31,2527,7.623
270.0,0.4703703703703704,0.5740740740740741,0.48709677419354835,-0.026222394617791214,0.48280504908835903,0.25183045151959316,cnn,4,44.0,dir_1d,2021-01-01,2021-03-31,2527,7.486
270.0,0.4888888888888889,0.5740740740740741,0.4785413744740533,-0.04282604999031807,0.47068723702664794,0.25450586635593814,cnn,4,45.0,dir_1d,2021-01-01,2021-03-31,2527,9.475
270.0,0.48148148148148145,0.5740740740740741,0.4833099579242637,-0.03302624121220995,0.5073772791023843,0.24997356379913918,cnn,4,46.0,dir_1d,2021-01-01,2021-03-31,2527,9.404
270.0,0.5111111111111111,0.5740740740740741,0.46199158485273495,-0.09913412221095436,0.4705189340813464,0.2500333455905276,cnn_per_asset,4,42.0,dir_1d,2021-01-01,2021-03-31,2527,10.331
270.0,0.5518518518518518,0.5740740740740741,0.4828892005610098,-0.08960420516309923,0.4675455820476858,0.2532336577772873,cnn_per_asset,4,43.0,dir_1d,2021-01-01,2021-03-31,2527,4.751
270.0,0.5481481481481482,0.5740740740740741,0.4774193548387097,-0.14052520154879672,0.4706872370266479,0.2476586905867925,cnn_per_asset,4,44.0,dir_1d,2021-01-01,2021-03-31,2527,4.916
270.0,0.4777777777777778,0.5740740740740741,0.4654978962131837,-0.06908370441808298,0.4544740532959327,0.25192084269116133,cnn_per_asset,4,45.0,dir_1d,2021-01-01,2021-03-31,2527,4.871
270.0,0.5296296296296297,0.5740740740740741,0.4893408134642356,-0.02506347674529207,0.4542496493688639,0.25070146390935993,cnn_per_asset,4,46.0,dir_1d,2021-01-01,2021-03-31,2527,5.589
270.0,0.4444444444444444,0.5740740740740741,0.4959326788218794,-0.01120839850301286,0.48779803646563813,0.34431353470216614,dlinear,4,42.0,dir_1d,2021-01-01,2021-03-31,2527,1.154
270.0,0.4962962962962963,0.5740740740740741,0.5298737727910239,0.06596094987984692,0.5087798036465638,0.31909155608732614,dlinear,4,43.0,dir_1d,2021-01-01,2021-03-31,2527,2.214
270.0,0.42592592592592593,0.5740740740740741,0.4865357643758766,-0.04679002677439418,0.4701262272089761,0.40472069880009,dlinear,4,44.0,dir_1d,2021-01-01,2021-03-31,2527,3.246
270.0,0.45555555555555555,0.5740740740740741,0.4483870967741935,-0.10242731379196056,0.4722019635343618,0.2948446731931541,dlinear,4,45.0,dir_1d,2021-01-01,2021-03-31,2527,1.06
270.0,0.4222222222222222,0.5740740740740741,0.45301542776998593,-0.10291437123344604,0.4569985974754558,0.34244208370372675,dlinear,4,46.0,dir_1d,2021-01-01,2021-03-31,2527,2.289
270.0,0.5296296296296297,0.5740740740740741,0.5488078541374474,0.09955882268072103,0.5066479663394109,0.3286915594499785,dlinear_per_asset,4,42.0,dir_1d,2021-01-01,2021-03-31,2527,2.797
270.0,0.5185185185185185,0.5740740740740741,0.5099579242636746,0.019835887177639566,0.511921458625526,0.35145349658208674,dlinear_per_asset,4,43.0,dir_1d,2021-01-01,2021-03-31,2527,1.364
270.0,0.4740740740740741,0.5740740740740741,0.48246844319775595,-0.03492233658035135,0.504460028050491,0.33571293900403526,dlinear_per_asset,4,44.0,dir_1d,2021-01-01,2021-03-31,2527,1.274
270.0,0.5333333333333333,0.5740740740740741,0.497054698457223,-0.0066780852028001,0.5219074333800842,0.29912060455459727,dlinear_per_asset,4,45.0,dir_1d,2021-01-01,2021-03-31,2527,1.118
270.0,0.4888888888888889,0.5740740740740741,0.5099579242636746,0.02052601609428283,0.5242075736325386,0.34485242181624226,dlinear_per_asset,4,46.0,dir_1d,2021-01-01,2021-03-31,2527,1.216
273.0,0.4945054945054945,0.4945054945054945,0.5,0.0,0.5,0.25,zero,5,,dir_1d,2021-04-01,2021-06-30,2743,0.001
273.0,0.4725274725274725,0.4945054945054945,0.47254428341384863,-0.05490848593599799,0.4714439076757917,0.3614076221277267,persistence,5,,dir_1d,2021-04-01,2021-06-30,2743,0.002
273.0,0.48717948717948717,0.4945054945054945,0.4868760064412238,-0.026286110575722933,0.4863392377885131,0.37667220244662225,historical_mean,5,,dir_1d,2021-04-01,2021-06-30,2743,0.005
273.0,0.5054945054945055,0.4945054945054945,0.5,0.0,0.5,0.24997530300127346,majority_class,5,,dir_1d,2021-04-01,2021-06-30,2743,0.001
273.0,0.5384615384615384,0.4945054945054945,0.5414653784219001,0.09896576450588444,0.5217391304347826,0.25027024151561117,lstm,5,42.0,dir_1d,2021-04-01,2021-06-30,2743,2.789
273.0,0.5054945054945055,0.4945054945054945,0.5106280193236715,0.05952035876816015,0.5041867954911433,0.2535001233001579,lstm,5,43.0,dir_1d,2021-04-01,2021-06-30,2743,5.089
273.0,0.5091575091575091,0.4945054945054945,0.5110305958132045,0.02346327305945754,0.5334943639291466,0.2486914724344413,lstm,5,44.0,dir_1d,2021-04-01,2021-06-30,2743,5.433
273.0,0.5054945054945055,0.4945054945054945,0.5096618357487922,0.02963694829829247,0.49634997316156726,0.251841507396367,lstm,5,45.0,dir_1d,2021-04-01,2021-06-30,2743,5.162
273.0,0.4542124542124542,0.4945054945054945,0.45644122383252816,-0.09534962044123671,0.48405797101449277,0.25236747235759077,lstm,5,46.0,dir_1d,2021-04-01,2021-06-30,2743,7.728
273.0,0.5238095238095238,0.4945054945054945,0.5246376811594202,0.04983763590056895,0.5176596886741814,0.25020617271706425,lstm_per_asset,5,42.0,dir_1d,2021-04-01,2021-06-30,2743,7.132
273.0,0.5054945054945055,0.4945054945054945,0.5093397745571658,0.02614188475089754,0.5259259259259259,0.2523097104664143,lstm_per_asset,5,43.0,dir_1d,2021-04-01,2021-06-30,2743,5.916
273.0,0.5531135531135531,0.4945054945054945,0.5549919484702094,0.11697383576357298,0.5573268921095008,0.24831227601141873,lstm_per_asset,5,44.0,dir_1d,2021-04-01,2021-06-30,2743,7.387
273.0,0.5128205128205128,0.4945054945054945,0.5164251207729469,0.043505267782255705,0.48126677402039725,0.25211200847362436,lstm_per_asset,5,45.0,dir_1d,2021-04-01,2021-06-30,2743,3.747
273.0,0.48717948717948717,0.4945054945054945,0.49090177133655394,-0.024742819750378585,0.48856682769726245,0.2516951733949399,lstm_per_asset,5,46.0,dir_1d,2021-04-01,2021-06-30,2743,8.827
273.0,0.4981684981684982,0.4945054945054945,0.5,0.0,0.4849704777241009,0.2528229699875873,cnn,5,42.0,dir_1d,2021-04-01,2021-06-30,2743,11.721
273.0,0.4981684981684982,0.4945054945054945,0.5019323671497584,0.0053042980985253795,0.4807836822329576,0.2527516786284952,cnn,5,43.0,dir_1d,2021-04-01,2021-06-30,2743,8.736
273.0,0.4945054945054945,0.4945054945054945,0.5,0.0,0.4360708534621578,0.2581705368641454,cnn,5,44.0,dir_1d,2021-04-01,2021-06-30,2743,8.366
273.0,0.47619047619047616,0.4945054945054945,0.4758454106280193,-0.0484001932913979,0.4741814278046162,0.2533683162495067,cnn,5,45.0,dir_1d,2021-04-01,2021-06-30,2743,8.783
273.0,0.4835164835164835,0.4945054945054945,0.4852657004830918,-0.031087671216201894,0.474074074074074,0.25484120731572113,cnn,5,46.0,dir_1d,2021-04-01,2021-06-30,2743,10.012
273.0,0.5164835164835165,0.4945054945054945,0.518840579710145,0.04170288281141495,0.5269457863660763,0.25110841519390936,cnn_per_asset,5,42.0,dir_1d,2021-04-01,2021-06-30,2743,7.491
273.0,0.4835164835164835,0.4945054945054945,0.4876811594202899,-0.0377871090803229,0.47359098228663443,0.26452094990403013,cnn_per_asset,5,43.0,dir_1d,2021-04-01,2021-06-30,2743,5.58
273.0,0.4725274725274725,0.4945054945054945,0.4709339774557166,-0.060726720517033185,0.4778851315083199,0.25230923749315276,cnn_per_asset,5,44.0,dir_1d,2021-04-01,2021-06-30,2743,8.364
273.0,0.4835164835164835,0.4945054945054945,0.48607085346215784,-0.031469113043945424,0.4727321524422973,0.2560555943847531,cnn_per_asset,5,45.0,dir_1d,2021-04-01,2021-06-30,2743,11.307
273.0,0.4945054945054945,0.4945054945054945,0.49838969404186795,-0.004553411150884169,0.4757917337627483,0.25586489582486466,cnn_per_asset,5,46.0,dir_1d,2021-04-01,2021-06-30,2743,7.677
273.0,0.43956043956043955,0.4945054945054945,0.44090177133655395,-0.12191799563810148,0.4249060654857756,0.3534382550879655,dlinear,5,42.0,dir_1d,2021-04-01,2021-06-30,2743,0.99
273.0,0.46886446886446886,0.4945054945054945,0.46948470209339777,-0.06142420696574678,0.45008051529790655,0.3309280838596757,dlinear,5,43.0,dir_1d,2021-04-01,2021-06-30,2743,1.704
273.0,0.4908424908424908,0.4945054945054945,0.4904991948470209,-0.01903740936128317,0.47729468599033814,0.32434790793880447,dlinear,5,44.0,dir_1d,2021-04-01,2021-06-30,2743,1.283
273.0,0.4432234432234432,0.4945054945054945,0.4454106280193237,-0.11907508805009603,0.44685990338164255,0.3072710787380681,dlinear,5,45.0,dir_1d,2021-04-01,2021-06-30,2743,1.02
273.0,0.4432234432234432,0.4945054945054945,0.44557165861513687,-0.12047499478853207,0.4213633923778852,0.34989674032680074,dlinear,5,46.0,dir_1d,2021-04-01,2021-06-30,2743,0.972
273.0,0.4468864468864469,0.4945054945054945,0.4483896940418679,-0.10734470710709944,0.4470746108427268,0.36410181791808954,dlinear_per_asset,5,42.0,dir_1d,2021-04-01,2021-06-30,2743,1.113
273.0,0.5201465201465202,0.4945054945054945,0.5228663446054751,0.052613057205954876,0.4971551261406333,0.34273006639899595,dlinear_per_asset,5,43.0,dir_1d,2021-04-01,2021-06-30,2743,3.852
273.0,0.48717948717948717,0.4945054945054945,0.48856682769726245,-0.02363224773014747,0.4849168008588299,0.3332460319060051,dlinear_per_asset,5,44.0,dir_1d,2021-04-01,2021-06-30,2743,1.392
273.0,0.4468864468864469,0.4945054945054945,0.44879227053140097,-0.10923656324529911,0.46387546967257115,0.3475159272510194,dlinear_per_asset,5,45.0,dir_1d,2021-04-01,2021-06-30,2743,1.22
273.0,0.47985347985347987,0.4945054945054945,0.48132045088566827,-0.03876856807948305,0.4975845410628019,0.37214156217658395,dlinear_per_asset,5,46.0,dir_1d,2021-04-01,2021-06-30,2743,3.999
276.0,0.5398550724637681,0.5398550724637681,0.5,0.0,0.5,0.25,zero,6,,dir_1d,2021-07-01,2021-09-30,2959,0.001
276.0,0.48188405797101447,0.5398550724637681,0.4794430058658775,-0.04105220588011722,0.4680547481900333,0.32959534032955123,persistence,6,,dir_1d,2021-07-01,2021-09-30,2959,0.001
276.0,0.4891304347826087,0.5398550724637681,0.4727844422131797,-0.05936554222589747,0.41716429741584315,0.35419775046021995,historical_mean,6,,dir_1d,2021-07-01,2021-09-30,2959,0.005
276.0,0.4601449275362319,0.5398550724637681,0.5,0.0,0.5,0.25015161502042194,majority_class,6,,dir_1d,2021-07-01,2021-09-30,2959,0.001
276.0,0.5072463768115942,0.5398550724637681,0.49828251334355017,-0.003513849211234625,0.5027215557786819,0.2501138432070222,lstm,6,42.0,dir_1d,2021-07-01,2021-09-30,2959,3.303
276.0,0.5615942028985508,0.5398550724637681,0.5276911694762987,0.10647099372298435,0.5338476985678804,0.24726605419273437,lstm,6,43.0,dir_1d,2021-07-01,2021-09-30,2959,4.263
276.0,0.5905797101449275,0.5398550724637681,0.5731385086931248,0.16321095167014654,0.5427786291814194,0.24761271561519008,lstm,6,44.0,dir_1d,2021-07-01,2021-09-30,2959,2.775
276.0,0.4855072463768116,0.5398550724637681,0.4665222216350473,-0.07566101640823182,0.4983353590868256,0.24982707244242958,lstm,6,45.0,dir_1d,2021-07-01,2021-09-30,2959,2.62
276.0,0.5072463768115942,0.5398550724637681,0.5075833641600169,0.015118866016956993,0.4940548538815198,0.25243974742764935,lstm,6,46.0,dir_1d,2021-07-01,2021-09-30,2959,2.604
276.0,0.4891304347826087,0.5398550724637681,0.4913861438461132,-0.01720182405773549,0.48480684880832847,0.2519750293695967,lstm_per_asset,6,42.0,dir_1d,2021-07-01,2021-09-30,2959,2.715
276.0,0.5869565217391305,0.5398550724637681,0.565713681762934,0.15607046134025812,0.5643925381810495,0.24618831253494963,lstm_per_asset,6,43.0,dir_1d,2021-07-01,2021-09-30,2959,2.887
276.0,0.5398550724637681,0.5398550724637681,0.5302277651535169,0.06217991681016952,0.5500713417534218,0.2473555314298332,lstm_per_asset,6,44.0,dir_1d,2021-07-01,2021-09-30,2959,2.994
276.0,0.5108695652173914,0.5398550724637681,0.49059345769698254,-0.021760500468470938,0.48374993394282084,0.25067254227442815,lstm_per_asset,6,45.0,dir_1d,2021-07-01,2021-09-30,2959,2.581
276.0,0.5181159420289855,0.5398550724637681,0.4961422607408973,-0.009214146853360958,0.49098980077154786,0.2500858780868737,lstm_per_asset,6,46.0,dir_1d,2021-07-01,2021-09-30,2959,2.704
276.0,0.4891304347826087,0.5398550724637681,0.48266659620567565,-0.035004175996372185,0.4839613169159224,0.2504782348741935,cnn,6,42.0,dir_1d,2021-07-01,2021-09-30,2959,5.184
276.0,0.5289855072463768,0.5398550724637681,0.516091528827353,0.03393558020308931,0.5171484436928606,0.2495352227858705,cnn,6,43.0,dir_1d,2021-07-01,2021-09-30,2959,5.409
276.0,0.48188405797101447,0.5398550724637681,0.47711779316176084,-0.04592853804525185,0.49822966760027476,0.2501751981166492,cnn,6,44.0,dir_1d,2021-07-01,2021-09-30,2959,8.453
276.0,0.4927536231884058,0.5398550724637681,0.49764836442424565,-0.004724289225923563,0.5119695608518735,0.2505813855918149,cnn,6,45.0,dir_1d,2021-07-01,2021-09-30,2959,5.186
276.0,0.4855072463768116,0.5398550724637681,0.489193045500185,-0.0216413741357163,0.48850605083760507,0.25096426500016666,cnn,6,46.0,dir_1d,2021-07-01,2021-09-30,2959,5.065
276.0,0.5217391304347826,0.5398550724637681,0.5053109971991756,0.011626292571296203,0.4894572742165619,0.25012634595941163,cnn_per_asset,6,42.0,dir_1d,2021-07-01,2021-09-30,2959,8.616
276.0,0.5507246376811594,0.5398550724637681,0.5373883633673308,0.07927840149649827,0.5104898800401628,0.25037930906245043,cnn_per_asset,6,43.0,dir_1d,2021-07-01,2021-09-30,2959,8.217
276.0,0.5181159420289855,0.5398550724637681,0.5077683242614808,0.016042706038790003,0.5200549595730064,0.24842131996454742,cnn_per_asset,6,44.0,dir_1d,2021-07-01,2021-09-30,2959,8.314
276.0,0.5217391304347826,0.5398550724637681,0.5012418749669714,0.0028873027124247325,0.4846483115785024,0.25054353326267403,cnn_per_asset,6,45.0,dir_1d,2021-07-01,2021-09-30,2959,6.418
276.0,0.4963768115942029,0.5398550724637681,0.48647148972150295,-0.027828773956998946,0.49373777942186764,0.25063840749487193,cnn_per_asset,6,46.0,dir_1d,2021-07-01,2021-09-30,2959,8.449
276.0,0.5615942028985508,0.5398550724637681,0.5689636949743698,0.13961612486453812,0.5817259419753739,0.25655349843712055,dlinear,6,42.0,dir_1d,2021-07-01,2021-09-30,2959,1.065
276.0,0.5217391304347826,0.5398550724637681,0.5163557575437299,0.03292094911130287,0.5229086297098768,0.27505734224056677,dlinear,6,43.0,dir_1d,2021-07-01,2021-09-30,2959,1.217
276.0,0.4927536231884058,0.5398550724637681,0.502298789832479,0.004719886478318889,0.5391322728954183,0.28227435445601484,dlinear,6,44.0,dir_1d,2021-07-01,2021-09-30,2959,1.295
276.0,0.4855072463768116,0.5398550724637681,0.48570522644400993,-0.028499325836842275,0.5161443745706283,0.2797692866314523,dlinear,6,45.0,dir_1d,2021-07-01,2021-09-30,2959,1.139
276.0,0.5217391304347826,0.5398550724637681,0.5256566083601966,0.051378421236627204,0.5314696401204883,0.28247082604744966,dlinear,6,46.0,dir_1d,2021-07-01,2021-09-30,2959,1.047
276.0,0.572463768115942,0.5398550724637681,0.5662421391956878,0.13393604826342415,0.5537705437826984,0.29008613550647583,dlinear_per_asset,6,42.0,dir_1d,2021-07-01,2021-09-30,2959,1.177
276.0,0.5398550724637681,0.5398550724637681,0.5401099191460128,0.07996458551334383,0.5711567933202981,0.27560111270809806,dlinear_per_asset,6,43.0,dir_1d,2021-07-01,2021-09-30,2959,1.21
276.0,0.5507246376811594,0.5398550724637681,0.5420387887755641,0.08600821684729675,0.5474819003329283,0.2918456744853098,dlinear_per_asset,6,44.0,dir_1d,2021-07-01,2021-09-30,2959,1.179
276.0,0.5072463768115942,0.5398550724637681,0.4913068752312001,-0.018896579657668708,0.5234370871426306,0.3008325941802844,dlinear_per_asset,6,45.0,dir_1d,2021-07-01,2021-09-30,2959,1.173
276.0,0.5181159420289855,0.5398550724637681,0.5147439623738308,0.029505861680391397,0.5258151455900227,0.31007733685398653,dlinear_per_asset,6,46.0,dir_1d,2021-07-01,2021-09-30,2959,1.225
276.0,0.5217391304347826,0.5217391304347826,0.5,0.0,0.5,0.25,zero,7,,dir_1d,2021-10-01,2021-12-31,3181,0.001
276.0,0.43478260869565216,0.5217391304347826,0.4337121212121212,-0.13257575757575757,0.43997264309764306,0.33393211219681584,persistence,7,,dir_1d,2021-10-01,2021-12-31,3181,0.001
276.0,0.532608695652174,0.5217391304347826,0.5205176767676768,0.04940173976230174,0.4836647727272727,0.3756246434942182,historical_mean,7,,dir_1d,2021-10-01,2021-12-31,3181,0.005
276.0,0.5217391304347826,0.5217391304347826,0.5,0.0,0.5,0.2497910736218637,majority_class,7,,dir_1d,2021-10-01,2021-12-31,3181,0.001
276.0,0.4782608695652174,0.5217391304347826,0.46969696969696967,-0.0657951694959769,0.49242424242424243,0.251062859724219,lstm,7,42.0,dir_1d,2021-10-01,2021-12-31,3181,3.05
276.0,0.5,0.5217391304347826,0.4813762626262626,-0.0717678714148904,0.514888468013468,0.25022163811527903,lstm,7,43.0,dir_1d,2021-10-01,2021-12-31,3181,3.067
276.0,0.5217391304347826,0.5217391304347826,0.5047348484848485,0.015197638592001616,0.5006313131313131,0.24989433659403282,lstm,7,44.0,dir_1d,2021-10-01,2021-12-31,3181,2.884
276.0,0.4927536231884058,0.5217391304347826,0.4794823232323232,-0.05167173257929064,0.4774305555555555,0.2510695178028117,lstm,7,45.0,dir_1d,2021-10-01,2021-12-31,3181,2.845
276.0,0.5253623188405797,0.5217391304347826,0.5255681818181819,0.051089349094008016,0.5518728956228955,0.2482865344479272,lstm,7,46.0,dir_1d,2021-10-01,2021-12-31,3181,3.04
276.0,0.5144927536231884,0.5217391304347826,0.5132575757575757,0.02653470237477382,0.5143623737373737,0.2503266011120194,lstm_per_asset,7,42.0,dir_1d,2021-10-01,2021-12-31,3181,3.081
276.0,0.5253623188405797,0.5217391304347826,0.5041035353535354,0.03953797621593148,0.4991056397306398,0.2506328831990007,lstm_per_asset,7,43.0,dir_1d,2021-10-01,2021-12-31,3181,2.858
276.0,0.5362318840579711,0.5217391304347826,0.516729797979798,0.07616829610896966,0.5540298821548821,0.2483552920551652,lstm_per_asset,7,44.0,dir_1d,2021-10-01,2021-12-31,3181,6.144
276.0,0.5181159420289855,0.5217391304347826,0.5069444444444444,0.01618173820945837,0.47853535353535354,0.2510601584013554,lstm_per_asset,7,45.0,dir_1d,2021-10-01,2021-12-31,3181,3.268
276.0,0.5398550724637681,0.5217391304347826,0.5309343434343434,0.06787022594135467,0.5682344276094276,0.24686020463975622,lstm_per_asset,7,46.0,dir_1d,2021-10-01,2021-12-31,3181,3.717
276.0,0.4746376811594203,0.5217391304347826,0.46811868686868685,-0.0667147749816096,0.43555345117845107,0.25427103794155503,cnn,7,42.0,dir_1d,2021-10-01,2021-12-31,3181,12.752
276.0,0.4746376811594203,0.5217391304347826,0.4797979797979798,-0.041571941133771925,0.48184974747474746,0.25212912575568586,cnn,7,43.0,dir_1d,2021-10-01,2021-12-31,3181,7.57
276.0,0.47101449275362317,0.5217391304347826,0.47664141414141414,-0.048347057157754884,0.47001262626262624,0.25449360634571505,cnn,7,44.0,dir_1d,2021-10-01,2021-12-31,3181,13.183
276.0,0.4782608695652174,0.5217391304347826,0.4633838383838384,-0.09993110574449182,0.4365530303030303,0.2533305392155391,cnn,7,45.0,dir_1d,2021-10-01,2021-12-31,3181,11.258
276.0,0.4782608695652174,0.5217391304347826,0.473800505050505,-0.05346145080114348,0.4715382996632997,0.25216161147379423,cnn,7,46.0,dir_1d,2021-10-01,2021-12-31,3181,8.777
276.0,0.427536231884058,0.5217391304347826,0.43308080808080807,-0.13850778537086536,0.4402356902356902,0.2563022207891209,cnn_per_asset,7,42.0,dir_1d,2021-10-01,2021-12-31,3181,11.664
276.0,0.5108695652173914,0.5217391304347826,0.5119949494949495,0.023998106816830254,0.48274410774410775,0.25542896138979476,cnn_per_asset,7,43.0,dir_1d,2021-10-01,2021-12-31,3181,11.666
276.0,0.5,0.5217391304347826,0.49810606060606055,-0.003798685881987932,0.49295033670033667,0.2511153178415102,cnn_per_asset,7,44.0,dir_1d,2021-10-01,2021-12-31,3181,7.937
276.0,0.5072463768115942,0.5217391304347826,0.4962121212121212,-0.008782297740303606,0.4667508417508418,0.2510298992800426,cnn_per_asset,7,45.0,dir_1d,2021-10-01,2021-12-31,3181,8.222
276.0,0.4891304347826087,0.5217391304347826,0.4797979797979798,-0.04465255865777805,0.4722222222222222,0.2516188311249368,cnn_per_asset,7,46.0,dir_1d,2021-10-01,2021-12-31,3181,6.783
276.0,0.4420289855072464,0.5217391304347826,0.44065656565656564,-0.11877438205851137,0.4491266835016835,0.295571119464044,dlinear,7,42.0,dir_1d,2021-10-01,2021-12-31,3181,1.132
276.0,0.4166666666666667,0.5217391304347826,0.4198232323232323,-0.1620896401078247,0.43576388888888884,0.3065469731566946,dlinear,7,43.0,dir_1d,2021-10-01,2021-12-31,3181,1.334
276.0,0.4528985507246377,0.5217391304347826,0.45738636363636365,-0.0870914093104729,0.4403935185185185,0.31615939007342175,dlinear,7,44.0,dir_1d,2021-10-01,2021-12-31,3181,1.397
276.0,0.45652173913043476,0.5217391304347826,0.4577020202020202,-0.0846583361480879,0.4548611111111111,0.29785988106830796,dlinear,7,45.0,dir_1d,2021-10-01,2021-12-31,3181,1.266
276.0,0.43478260869565216,0.5217391304347826,0.4349747474747475,-0.1299411729546339,0.442550505050505,0.3285390489099672,dlinear,7,46.0,dir_1d,2021-10-01,2021-12-31,3181,1.384
276.0,0.4891304347826087,0.5217391304347826,0.4857954545454546,-0.02871666852303981,0.4913194444444444,0.31669113784466596,dlinear_per_asset,7,42.0,dir_1d,2021-10-01,2021-12-31,3181,1.373
276.0,0.4855072463768116,0.5217391304347826,0.4876893939393939,-0.024725495570222356,0.48758417508417506,0.3236425450243222,dlinear_per_asset,7,43.0,dir_1d,2021-10-01,2021-12-31,3181,1.329
276.0,0.47101449275362317,0.5217391304347826,0.4753787878787879,-0.050240881475773394,0.4881102693602693,0.3306137212607105,dlinear_per_asset,7,44.0,dir_1d,2021-10-01,2021-12-31,3181,1.379
276.0,0.4963768115942029,0.5217391304347826,0.49463383838383834,-0.0107564004225337,0.484375,0.3112966583477709,dlinear_per_asset,7,45.0,dir_1d,2021-10-01,2021-12-31,3181,1.785
276.0,0.4891304347826087,0.5217391304347826,0.49210858585858586,-0.015919511469038902,0.4923190235690236,0.3352978217608091,dlinear_per_asset,7,46.0,dir_1d,2021-10-01,2021-12-31,3181,1.472
270.0,0.5148148148148148,0.5148148148148148,0.5,0.0,0.5,0.25,zero,8,,dir_1d,2022-01-01,2022-03-31,3403,0.001
270.0,0.4925925925925926,0.5148148148148148,0.49203690482728324,-0.015930127653054856,0.49277829644681204,0.3122029453379272,persistence,8,,dir_1d,2022-01-01,2022-03-31,3403,0.001
270.0,0.5,0.5148148148148148,0.5104344005711461,0.029359363431360034,0.4713328573782196,0.3489096319482749,historical_mean,8,,dir_1d,2022-01-01,2022-03-31,3403,0.004
270.0,0.5148148148148148,0.5148148148148148,0.5,0.0,0.5,0.2498052277261889,majority_class,8,,dir_1d,2022-01-01,2022-03-31,3403,0.001
270.0,0.5185185185185185,0.5148148148148148,0.5154593882146192,0.031592184413695795,0.5109012027019606,0.2502629654321531,lstm,8,42.0,dir_1d,2022-01-01,2022-03-31,3403,3.163
270.0,0.5037037037037037,0.5148148148148148,0.49118567741226865,-0.032896724937780064,0.5279806688999945,0.24996165421225433,lstm,8,43.0,dir_1d,2022-01-01,2022-03-31,3403,3.109
270.0,0.4703703703703704,0.5148148148148148,0.46298533692130267,-0.08523475225604685,0.4780602998517217,0.25123408593044744,lstm,8,44.0,dir_1d,2022-01-01,2022-03-31,3403,3.068
270.0,0.45555555555555555,0.5148148148148148,0.4551869954418145,-0.08960878682971067,0.44708660552474055,0.2528890244066329,lstm,8,45.0,dir_1d,2022-01-01,2022-03-31,3403,3.214
270.0,0.46296296296296297,0.5148148148148148,0.4626009116371025,-0.07478380371450118,0.45631281234554344,0.25701515908779476,lstm,8,46.0,dir_1d,2022-01-01,2022-03-31,3403,3.796
270.0,0.4888888888888889,0.5148148148148148,0.48931846888901087,-0.021363062221978143,0.4918446921851832,0.2516980568282386,lstm_per_asset,8,42.0,dir_1d,2022-01-01,2022-03-31,3403,4.648
270.0,0.48518518518518516,0.5148148148148148,0.4786918556757647,-0.04735992568032406,0.47339227854357735,0.25250558291211633,lstm_per_asset,8,43.0,dir_1d,2022-01-01,2022-03-31,3403,4.753
270.0,0.45555555555555555,0.5148148148148148,0.449255862485584,-0.1119079662589381,0.47004228678126203,0.25227816197840075,lstm_per_asset,8,44.0,dir_1d,2022-01-01,2022-03-31,3403,4.905
270.0,0.44814814814814813,0.5148148148148148,0.44601570651875444,-0.10900617748127146,0.41929814926684605,0.2532496113736209,lstm_per_asset,8,45.0,dir_1d,2022-01-01,2022-03-31,3403,3.478
270.0,0.4703703703703704,0.5148148148148148,0.4656213960129606,-0.07250323190055098,0.45669723762974357,0.2542544984512558,lstm_per_asset,8,46.0,dir_1d,2022-01-01,2022-03-31,3403,4.574
270.0,0.5259259259259259,0.5148148148148148,0.5162831566807623,0.0429249981304151,0.5214454390685925,0.24906583835798898,cnn,8,42.0,dir_1d,2022-01-01,2022-03-31,3403,6.381
270.0,0.5111111111111111,0.5148148148148148,0.509802844747103,0.019674963940023795,0.5491789774287441,0.24826387586182289,cnn,8,43.0,dir_1d,2022-01-01,2022-03-31,3403,6.607
270.0,0.5074074074074074,0.5148148148148148,0.4958811576692844,-0.013100321768814783,0.5442912845296282,0.2489036149622275,cnn,8,44.0,dir_1d,2022-01-01,2022-03-31,3403,6.794
270.0,0.5222222222222223,0.5148148148148148,0.517079466198034,0.036422546520007856,0.5357240924817398,0.2487885287435705,cnn,8,45.0,dir_1d,2022-01-01,2022-03-31,3403,6.412
270.0,0.5296296296296297,0.5148148148148148,0.5242737108023505,0.05207761419809815,0.5700477785710363,0.24773115660568776,cnn,8,46.0,dir_1d,2022-01-01,2022-03-31,3403,8.87
270.0,0.5296296296296297,0.5148148148148148,0.5163655335273766,0.07377669758266067,0.532154429128453,0.24988821085992186,cnn_per_asset,8,42.0,dir_1d,2022-01-01,2022-03-31,3403,9.367
270.0,0.5222222222222223,0.5148148148148148,0.5188368389258059,0.03869103559352243,0.5478060299851722,0.24715048812425258,cnn_per_asset,8,43.0,dir_1d,2022-01-01,2022-03-31,3403,10.591
270.0,0.5481481481481482,0.5148148148148148,0.5413806359492559,0.09312701038555596,0.5408314569718271,0.250621797360786,cnn_per_asset,8,44.0,dir_1d,2022-01-01,2022-03-31,3403,13.718
270.0,0.5148148148148148,0.5148148148148148,0.5030754022736009,0.010082965380424642,0.5453896424844857,0.2484335868870986,cnn_per_asset,8,45.0,dir_1d,2022-01-01,2022-03-31,3403,14.713
270.0,0.5740740740740741,0.5148148148148148,0.5674391784282498,0.1511267764743807,0.5921796913614146,0.24587396478832357,cnn_per_asset,8,46.0,dir_1d,2022-01-01,2022-03-31,3403,15.363
270.0,0.48148148148148145,0.5148148148148148,0.4808061947388654,-0.03840870957328639,0.4830029106485803,0.273858734057315,dlinear,8,42.0,dir_1d,2022-01-01,2022-03-31,3403,3.477
270.0,0.45925925925925926,0.5148148148148148,0.45658740183425783,-0.08819191448098805,0.47641276291943546,0.2821656941348477,dlinear,8,43.0,dir_1d,2022-01-01,2022-03-31,3403,3.453
270.0,0.48148148148148145,0.5148148148148148,0.4832225822395519,-0.03377817706571473,0.4915701026964688,0.28445765623281755,dlinear,8,44.0,dir_1d,2022-01-01,2022-03-31,3403,3.311
270.0,0.46296296296296297,0.5148148148148148,0.45798780822670104,-0.08908218802794053,0.4705365478609479,0.2833902331362082,dlinear,8,45.0,dir_1d,2022-01-01,2022-03-31,3403,6.026
270.0,0.5407407407407407,0.5148148148148148,0.5344060629359109,0.0761700088317827,0.5251249382173652,0.27672472940245996,dlinear,8,46.0,dir_1d,2022-01-01,2022-03-31,3403,2.728
270.0,0.46296296296296297,0.5148148148148148,0.45908616618155856,-0.08468739220664481,0.46526442967763193,0.3024928807791583,dlinear_per_asset,8,42.0,dir_1d,2022-01-01,2022-03-31,3403,3.128
270.0,0.4925925925925926,0.5148148148148148,0.4929155911911692,-0.01416609497675573,0.45845461035751556,0.3124740650115835,dlinear_per_asset,8,43.0,dir_1d,2022-01-01,2022-03-31,3403,1.821
270.0,0.45185185185185184,0.5148148148148148,0.4498325004118843,-0.10119448700144028,0.44560382228568296,0.3140763716262494,dlinear_per_asset,8,44.0,dir_1d,2022-01-01,2022-03-31,3403,1.725
270.0,0.4703703703703704,0.5148148148148148,0.46276566533033114,-0.08660233267280854,0.4591685430281729,0.3242848923754351,dlinear_per_asset,8,45.0,dir_1d,2022-01-01,2022-03-31,3403,1.882
270.0,0.46296296296296297,0.5148148148148148,0.4577681366357296,-0.09006089477133776,0.4337964742709649,0.3350728886428627,dlinear_per_asset,8,46.0,dir_1d,2022-01-01,2022-03-31,3403,1.884
273.0,0.4249084249084249,0.4249084249084249,0.5,0.0,0.5,0.25,zero,9,,dir_1d,2022-04-01,2022-06-30,3619,0.001
273.0,0.46153846153846156,0.4249084249084249,0.4519273006808697,-0.09567376087396767,0.3881232154623326,0.3656405409156997,persistence,9,,dir_1d,2022-04-01,2022-06-30,3619,0.001
273.0,0.5567765567765568,0.4249084249084249,0.4885789589281792,-0.05302200662847201,0.39160992752031626,0.3763976495362139,historical_mean,9,,dir_1d,2022-04-01,2022-06-30,3619,0.004
273.0,0.4249084249084249,0.4249084249084249,0.5,0.0,0.5,0.25219227829564533,majority_class,9,,dir_1d,2022-04-01,2022-06-30,3619,0.001
273.0,0.48717948717948717,0.4249084249084249,0.5338787612563145,0.08468121169489301,0.5843949044585988,0.2519679426848868,lstm,9,42.0,dir_1d,2022-04-01,2022-06-30,3619,3.693
273.0,0.5128205128205128,0.4249084249084249,0.565176806501208,0.17524991435069553,0.6059740830221831,0.24992698329084062,lstm,9,43.0,dir_1d,2022-04-01,2022-06-30,3619,4.061
273.0,0.5384615384615384,0.4249084249084249,0.5424445420601801,0.08399449991531538,0.5942784976938282,0.24702581439381385,lstm,9,44.0,dir_1d,2022-04-01,2022-06-30,3619,5.661
273.0,0.5201465201465202,0.4249084249084249,0.5659180759938502,0.1613947705637075,0.6309576103667911,0.2485290070361281,lstm,9,45.0,dir_1d,2022-04-01,2022-06-30,3619,3.926
273.0,0.5054945054945055,0.4249084249084249,0.534043487810235,0.07245574652958854,0.5951570393147376,0.24833632218686422,lstm,9,46.0,dir_1d,2022-04-01,2022-06-30,3619,3.841
273.0,0.5018315018315018,0.4249084249084249,0.537612563145179,0.0840166417866659,0.5579288381287064,0.25247743834413616,lstm_per_asset,9,42.0,dir_1d,2022-04-01,2022-06-30,3619,4.623
273.0,0.5238095238095238,0.4249084249084249,0.5409620030748956,0.08295528686004432,0.5753898528442785,0.2484423362085955,lstm_per_asset,9,43.0,dir_1d,2022-04-01,2022-06-30,3619,4.036
273.0,0.5347985347985348,0.4249084249084249,0.5561443004612343,0.11521033513932723,0.5912585108719526,0.24822586996186025,lstm_per_asset,9,44.0,dir_1d,2022-04-01,2022-06-30,3619,4.339
273.0,0.5457875457875457,0.4249084249084249,0.5780803865583132,0.16898869316365767,0.6103118822754228,0.24852062166430086,lstm_per_asset,9,45.0,dir_1d,2022-04-01,2022-06-30,3619,5.517
273.0,0.45054945054945056,0.4249084249084249,0.5054085218537229,0.015621780879081447,0.5528223149571712,0.2546888420401477,lstm_per_asset,9,46.0,dir_1d,2022-04-01,2022-06-30,3619,5.543
273.0,0.4432234432234432,0.4249084249084249,0.47877772896991,-0.0478294970428719,0.46606632989237856,0.2526780490683621,cnn,9,42.0,dir_1d,2022-04-01,2022-06-30,3619,6.812
273.0,0.45787545787545786,0.4249084249084249,0.4735064792444542,-0.05365405617958631,0.5086206896551724,0.25213741557987923,cnn,9,43.0,dir_1d,2022-04-01,2022-06-30,3619,9.091
273.0,0.42857142857142855,0.4249084249084249,0.4930540303096859,-0.026986591900717227,0.5034592576323303,0.2596330144651534,cnn,9,44.0,dir_1d,2022-04-01,2022-06-30,3619,10.507
273.0,0.4725274725274725,0.4249084249084249,0.49750164726553925,-0.005239697095578649,0.4735888425214145,0.255930378499033,cnn,9,45.0,dir_1d,2022-04-01,2022-06-30,3619,9.167
273.0,0.43223443223443225,0.4249084249084249,0.5052437952998023,0.043146782032313244,0.5214693608609707,0.2563336872661983,cnn,9,46.0,dir_1d,2022-04-01,2022-06-30,3619,10.812
273.0,0.43956043956043955,0.4249084249084249,0.48797496156380404,-0.031230821774549392,0.47018449374039095,0.26235919110931033,cnn_per_asset,9,42.0,dir_1d,2022-04-01,2022-06-30,3619,12.654
273.0,0.4725274725274725,0.4249084249084249,0.49074785855479897,-0.018871568899784606,0.49143421919613445,0.27065419555738607,cnn_per_asset,9,43.0,dir_1d,2022-04-01,2022-06-30,3619,13.074
273.0,0.46153846153846156,0.4249084249084249,0.49132440149352075,-0.018710468062703708,0.5047221612123873,0.26463701311735355,cnn_per_asset,9,44.0,dir_1d,2022-04-01,2022-06-30,3619,12.412
273.0,0.4835164835164835,0.4249084249084249,0.49129694706786736,-0.017306611806874754,0.4915989457500549,0.259621554721401,cnn_per_asset,9,45.0,dir_1d,2022-04-01,2022-06-30,3619,11.304
273.0,0.5018315018315018,0.4249084249084249,0.5128486712057984,0.02566916858182142,0.5024159894575005,0.257933077635043,cnn_per_asset,9,46.0,dir_1d,2022-04-01,2022-06-30,3619,12.955
273.0,0.46886446886446886,0.4249084249084249,0.47968372501647266,-0.04063254996705469,0.46172853063913905,0.27180728296191087,dlinear,9,42.0,dir_1d,2022-04-01,2022-06-30,3619,2.271
273.0,0.4908424908424908,0.4249084249084249,0.5145508455963101,0.030276565373207283,0.5328354930814847,0.2775688025870957,dlinear,9,43.0,dir_1d,2022-04-01,2022-06-30,3619,2.6
273.0,0.5494505494505495,0.4249084249084249,0.530611684603558,0.06268608341011903,0.5451350757742148,0.2485039714729324,dlinear,9,44.0,dir_1d,2022-04-01,2022-06-30,3619,2.383
273.0,0.45054945054945056,0.4249084249084249,0.5042828904019327,0.012100562114417734,0.5203711838348342,0.31281854545086324,dlinear,9,45.0,dir_1d,2022-04-01,2022-06-30,3619,2.273
273.0,0.4652014652014652,0.4249084249084249,0.5203986382604876,0.058918696411967085,0.5412365473314298,0.2869931200214524,dlinear,9,46.0,dir_1d,2022-04-01,2022-06-30,3619,2.312
273.0,0.47985347985347987,0.4249084249084249,0.5151273885350318,0.03379063476237439,0.5349220294311443,0.3105679956373496,dlinear_per_asset,9,42.0,dir_1d,2022-04-01,2022-06-30,3619,2.638
273.0,0.4945054945054945,0.4249084249084249,0.5346200307489567,0.08036147879627789,0.5209202723479025,0.3231523569171756,dlinear_per_asset,9,43.0,dir_1d,2022-04-01,2022-06-30,3619,2.562
273.0,0.4835164835164835,0.4249084249084249,0.5014276301339776,0.0029064610070782394,0.5063145179002855,0.3221422573673619,dlinear_per_asset,9,44.0,dir_1d,2022-04-01,2022-06-30,3619,2.547
273.0,0.5018315018315018,0.4249084249084249,0.539863826048759,0.0906876538310149,0.5367340215242697,0.31632503690846575,dlinear_per_asset,9,45.0,dir_1d,2022-04-01,2022-06-30,3619,2.596
273.0,0.5238095238095238,0.4249084249084249,0.5578464748517461,0.12709027414904633,0.5302547770700636,0.32912226462845057,dlinear_per_asset,9,46.0,dir_1d,2022-04-01,2022-06-30,3619,2.814
276.0,0.4891304347826087,0.4891304347826087,0.5,0.0,0.5,0.25,zero,10,,dir_1d,2022-07-01,2022-09-30,3835,0.001
276.0,0.4855072463768116,0.4891304347826087,0.485263987391647,-0.02947202521670607,0.44996059889676915,0.32204692009055863,persistence,10,,dir_1d,2022-07-01,2022-09-30,3835,0.002
276.0,0.4601449275362319,0.4891304347826087,0.4657998423955871,-0.08015911773454477,0.43506698187549253,0.34787429969863165,historical_mean,10,,dir_1d,2022-07-01,2022-09-30,3835,0.006
276.0,0.4891304347826087,0.4891304347826087,0.5,0.0,0.5,0.2503868979805621,majority_class,10,,dir_1d,2022-07-01,2022-09-30,3835,0.001
276.0,0.5072463768115942,0.4891304347826087,0.5100078802206462,0.020687445699511958,0.520147097452062,0.250139453316533,lstm,10,42.0,dir_1d,2022-07-01,2022-09-30,3835,6.657
276.0,0.4927536231884058,0.4891304347826087,0.4966115051221434,-0.007247654183711896,0.5015497767270817,0.25348897551771793,lstm,10,43.0,dir_1d,2022-07-01,2022-09-30,3835,7.006
276.0,0.5108695652173914,0.4891304347826087,0.5140267927501969,0.02930500349093817,0.506855791962175,0.25137144736803696,lstm,10,44.0,dir_1d,2022-07-01,2022-09-30,3835,6.259
276.0,0.5471014492753623,0.4891304347826087,0.5493301812450748,0.1007323024434499,0.5631205673758864,0.2478192776360292,lstm,10,45.0,dir_1d,2022-07-01,2022-09-30,3835,4.02
276.0,0.5181159420289855,0.4891304347826087,0.5203309692671395,0.041515869058163055,0.534909377462569,0.24860042929622103,lstm,10,46.0,dir_1d,2022-07-01,2022-09-30,3835,4.324
276.0,0.5217391304347826,0.4891304347826087,0.5232466509062254,0.04692924023505149,0.5589177830312582,0.24752203860443267,lstm_per_asset,10,42.0,dir_1d,2022-07-01,2022-09-30,3835,5.346
276.0,0.5253623188405797,0.4891304347826087,0.5282111899133175,0.05843232011595783,0.5110060415024954,0.2514965581747957,lstm_per_asset,10,43.0,dir_1d,2022-07-01,2022-09-30,3835,7.51
276.0,0.572463768115942,0.4891304347826087,0.5725768321513003,0.14512317143648962,0.5599159443131074,0.2483188519197986,lstm_per_asset,10,44.0,dir_1d,2022-07-01,2022-09-30,3835,4.995
276.0,0.5833333333333334,0.4891304347826087,0.5854215918045705,0.17391745075306325,0.6026792750197005,0.24518529758899332,lstm_per_asset,10,45.0,dir_1d,2022-07-01,2022-09-30,3835,5.983
276.0,0.5471014492753623,0.4891304347826087,0.5499605988967691,0.10348070098747839,0.5537168374047806,0.24828596587334797,lstm_per_asset,10,46.0,dir_1d,2022-07-01,2022-09-30,3835,5.652
276.0,0.5362318840579711,0.4891304347826087,0.5317572892040977,0.0697252443905266,0.531284475965327,0.24923631993671247,cnn,10,42.0,dir_1d,2022-07-01,2022-09-30,3835,10.241
276.0,0.4782608695652174,0.4891304347826087,0.4810086682427108,-0.039257278847105365,0.5059101654846336,0.2510494282854311,cnn,10,43.0,dir_1d,2022-07-01,2022-09-30,3835,8.678
276.0,0.5289855072463768,0.4891304347826087,0.5308116627265563,0.06248268926093007,0.5557656947727869,0.24850913621118248,cnn,10,44.0,dir_1d,2022-07-01,2022-09-30,3835,10.451
276.0,0.4782608695652174,0.4891304347826087,0.4811662726556344,-0.03908975998759772,0.5083793012871027,0.2508248816972168,cnn,10,45.0,dir_1d,2022-07-01,2022-09-30,3835,12.125
276.0,0.5108695652173914,0.4891304347826087,0.5102442868400315,0.02051823796811909,0.49550827423167854,0.2506095770346266,cnn,10,46.0,dir_1d,2022-07-01,2022-09-30,3835,26.835
276.0,0.5217391304347826,0.4891304347826087,0.5159968479117415,0.03769145875631623,0.5321250328342527,0.24965764052560116,cnn_per_asset,10,42.0,dir_1d,2022-07-01,2022-09-30,3835,18.882
276.0,0.5181159420289855,0.4891304347826087,0.5184397163120567,0.03688621558317893,0.5346992382453375,0.24863363372576427,cnn_per_asset,10,43.0,dir_1d,2022-07-01,2022-09-30,3835,16.05
276.0,0.4963768115942029,0.4891304347826087,0.4957446808510638,-0.00852296038675716,0.48463356973995275,0.2527203695012258,cnn_per_asset,10,44.0,dir_1d,2022-07-01,2022-09-30,3835,16.107
276.0,0.5253623188405797,0.4891304347826087,0.5212765957446809,0.045928530708821656,0.5227213028631468,0.24931942383477865,cnn_per_asset,10,45.0,dir_1d,2022-07-01,2022-09-30,3835,10.269
276.0,0.5108695652173914,0.4891304347826087,0.510086682427108,0.020221759514338213,0.5266614131862359,0.24996280043600327,cnn_per_asset,10,46.0,dir_1d,2022-07-01,2022-09-30,3835,17.923
276.0,0.5217391304347826,0.4891304347826087,0.5218282111899133,0.043647251344090796,0.5036511688993959,0.26556599022308586,dlinear,10,42.0,dir_1d,2022-07-01,2022-09-30,3835,4.016
276.0,0.5,0.4891304347826087,0.49724192277383766,-0.005701264562857626,0.4719201470974521,0.2772680121149844,dlinear,10,43.0,dir_1d,2022-07-01,2022-09-30,3835,1.592
276.0,0.5036231884057971,0.4891304347826087,0.4979511426319937,-0.004802159126954295,0.4977672708169162,0.2842430064734087,dlinear,10,44.0,dir_1d,2022-07-01,2022-09-30,3835,4.254
276.0,0.5181159420289855,0.4891304347826087,0.5211189913317573,0.04392616355205018,0.4972944575781455,0.2764099566724162,dlinear,10,45.0,dir_1d,2022-07-01,2022-09-30,3835,1.47
276.0,0.5289855072463768,0.4891304347826087,0.5284475965327029,0.05695506700259003,0.5163120567375886,0.27123109305602044,dlinear,10,46.0,dir_1d,2022-07-01,2022-09-30,3835,1.504
276.0,0.5036231884057971,0.4891304347826087,0.5014184397163121,0.0028964559808020737,0.531284475965327,0.277641753036045,dlinear_per_asset,10,42.0,dir_1d,2022-07-01,2022-09-30,3835,1.596
276.0,0.5398550724637681,0.4891304347826087,0.5387706855791962,0.07792508422568686,0.5227213028631469,0.2906544265993272,dlinear_per_asset,10,43.0,dir_1d,2022-07-01,2022-09-30,3835,1.65
276.0,0.4927536231884058,0.4891304347826087,0.4888888888888889,-0.023765563718683193,0.4769109535066982,0.31296918773000576,dlinear_per_asset,10,44.0,dir_1d,2022-07-01,2022-09-30,3835,1.509
276.0,0.5108695652173914,0.4891304347826087,0.5102442868400315,0.02051823796811909,0.5062779091147885,0.2942983609935741,dlinear_per_asset,10,45.0,dir_1d,2022-07-01,2022-09-30,3835,4.574
276.0,0.5072463768115942,0.4891304347826087,0.5068557919621749,0.0137173502428193,0.5127396900446546,0.29674996670741804,dlinear_per_asset,10,46.0,dir_1d,2022-07-01,2022-09-30,3835,2.227
276.0,0.4746376811594203,0.4746376811594203,0.5,0.0,0.5,0.25,zero,11,,dir_1d,2022-10-01,2022-12-31,4057,0.001
276.0,0.4601449275362319,0.4746376811594203,0.45819952619110293,-0.08371340492867166,0.4500131613582522,0.299003410679128,persistence,11,,dir_1d,2022-10-01,2022-12-31,4057,0.002
276.0,0.4492753623188406,0.4746376811594203,0.4471176625427744,-0.10596569554336555,0.4392208475914714,0.30131997811449596,historical_mean,11,,dir_1d,2022-10-01,2022-12-31,4057,0.009
276.0,0.4746376811594203,0.4746376811594203,0.5,0.0,0.5,0.25091979692795624,majority_class,11,,dir_1d,2022-10-01,2022-12-31,4057,0.001
276.0,0.4891304347826087,0.4746376811594203,0.494630165833114,-0.01098864137200152,0.507133456172677,0.250648219469317,lstm,11,42.0,dir_1d,2022-10-01,2022-12-31,4057,6.933
276.0,0.5108695652173914,0.4746376811594203,0.5322716504343248,0.11899881112066839,0.5382995525138194,0.25279822814901837,lstm,11,43.0,dir_1d,2022-10-01,2022-12-31,4057,7.954
276.0,0.48188405797101447,0.4746376811594203,0.49584101079231374,-0.009952557757236491,0.5160831797841536,0.25074557133838205,lstm,11,44.0,dir_1d,2022-10-01,2022-12-31,4057,6.359
276.0,0.4927536231884058,0.4746376811594203,0.4958673335088181,-0.008318048901173887,0.49160305343511446,0.2516128318881467,lstm,11,45.0,dir_1d,2022-10-01,2022-12-31,4057,6.306
276.0,0.4855072463768116,0.4746376811594203,0.4845485654119505,-0.030883364917588745,0.47838904974993424,0.2527942783766683,lstm,11,46.0,dir_1d,2022-10-01,2022-12-31,4057,6.336
276.0,0.5036231884057971,0.4746376811594203,0.506212161095025,0.012472678198601629,0.5152934982890234,0.2497758936335959,lstm_per_asset,11,42.0,dir_1d,2022-10-01,2022-12-31,4057,7.941
276.0,0.5072463768115942,0.4746376811594203,0.5251381942616478,0.07059238632260571,0.5472492761252962,0.25182390316794817,lstm_per_asset,11,43.0,dir_1d,2022-10-01,2022-12-31,4057,8.751
276.0,0.4855072463768116,0.4746376811594203,0.48897078178468023,-0.022241858173601702,0.5309291918926033,0.2493581880602767,lstm_per_asset,11,44.0,dir_1d,2022-10-01,2022-12-31,4057,7.092
276.0,0.48188405797101447,0.4746376811594203,0.48294287970518557,-0.03410257284496931,0.4991839957883654,0.2512543192014381,lstm_per_asset,11,45.0,dir_1d,2022-10-01,2022-12-31,4057,6.834
276.0,0.4891304347826087,0.4746376811594203,0.49278757567780995,-0.014559999724007757,0.4931824164253751,0.251768586134512,lstm_per_asset,11,46.0,dir_1d,2022-10-01,2022-12-31,4057,7.341
276.0,0.4927536231884058,0.4746376811594203,0.47375625164516977,-0.07876494351646876,0.49739405106607004,0.25033023301606805,cnn,11,42.0,dir_1d,2022-10-01,2022-12-31,4057,12.439
276.0,0.4891304347826087,0.4746376811594203,0.4905764674914451,-0.018854511016616872,0.48602263753619374,0.25157653480435793,cnn,11,43.0,dir_1d,2022-10-01,2022-12-31,4057,12.882
276.0,0.5108695652173914,0.4746376811594203,0.514951302974467,0.030250997578124345,0.5032903395630429,0.2524131535412558,cnn,11,44.0,dir_1d,2022-10-01,2022-12-31,4057,7.045
276.0,0.4891304347826087,0.4746376811594203,0.4868912871808371,-0.02628323340247964,0.5096077915240853,0.24954056909340366,cnn,11,45.0,dir_1d,2022-10-01,2022-12-31,4057,15.573
276.0,0.4963768115942029,0.4746376811594203,0.4834693340352725,-0.038313680292377396,0.47686233219268226,0.2508098292779418,cnn,11,46.0,dir_1d,2022-10-01,2022-12-31,4057,9.353
276.0,0.5036231884057971,0.4746376811594203,0.5014214266912345,0.002849989164124298,0.5092919189260331,0.2505571097482073,cnn_per_asset,11,42.0,dir_1d,2022-10-01,2022-12-31,4057,17.747
276.0,0.5,0.4746376811594203,0.5071861016056857,0.014963692246300005,0.4949723611476704,0.2546047283779028,cnn_per_asset,11,43.0,dir_1d,2022-10-01,2022-12-31,4057,16.842
276.0,0.4891304347826087,0.4746376811594203,0.5060542247959989,0.016224277026833354,0.4883390365885759,0.25258659785624016,cnn_per_asset,11,44.0,dir_1d,2022-10-01,2022-12-31,4057,16.511
276.0,0.4927536231884058,0.4746376811594203,0.5025006580679127,0.005409757651737509,0.5130297446696499,0.2524458657546933,cnn_per_asset,11,45.0,dir_1d,2022-10-01,2022-12-31,4057,14.267
276.0,0.4963768115942029,0.4746376811594203,0.507054488023164,0.015528950868540493,0.5064490655435641,0.2534575174680615,cnn_per_asset,11,46.0,dir_1d,2022-10-01,2022-12-31,4057,11.711
276.0,0.5253623188405797,0.4746376811594203,0.5213740458015267,0.04324614442506509,0.4761252961305607,0.26610781999960087,dlinear,11,42.0,dir_1d,2022-10-01,2022-12-31,4057,1.909
276.0,0.5181159420289855,0.4746376811594203,0.5222163727296657,0.04495042597876223,0.513345617267702,0.2646537677012305,dlinear,11,43.0,dir_1d,2022-10-01,2022-12-31,4057,2.524
276.0,0.5289855072463768,0.4746376811594203,0.5119241905764675,0.03223786751929157,0.47501974203737823,0.26327362791255093,dlinear,11,44.0,dir_1d,2022-10-01,2022-12-31,4057,1.811
276.0,0.5108695652173914,0.4746376811594203,0.5175309291918926,0.036272698848369075,0.514030007896815,0.26155624055450255,dlinear,11,45.0,dir_1d,2022-10-01,2022-12-31,4057,2.488
276.0,0.48188405797101447,0.4746376811594203,0.48220584364306396,-0.03554623231888504,0.45664648591734663,0.2762718545650636,dlinear,11,46.0,dir_1d,2022-10-01,2022-12-31,4057,1.866
276.0,0.45652173913043476,0.4746376811594203,0.45511976836009477,-0.08976046327981048,0.469018162674388,0.2986051936597124,dlinear_per_asset,11,42.0,dir_1d,2022-10-01,2022-12-31,4057,2.734
276.0,0.5108695652173914,0.4746376811594203,0.5094235325085549,0.018854511016616872,0.5251908396946565,0.27567842632726963,dlinear_per_asset,11,43.0,dir_1d,2022-10-01,2022-12-31,4057,1.94
276.0,0.5108695652173914,0.4746376811594203,0.5145827849434061,0.02943883155876021,0.5132929718346934,0.28764839740956444,dlinear_per_asset,11,44.0,dir_1d,2022-10-01,2022-12-31,4057,1.839
276.0,0.4927536231884058,0.4746376811594203,0.49218215319821007,-0.015619256601818317,0.5012371676757041,0.28732262143220544,dlinear_per_asset,11,45.0,dir_1d,2022-10-01,2022-12-31,4057,2.98
276.0,0.4855072463768116,0.4746376811594203,0.4900763358778626,-0.020155272644386196,0.48533824690708083,0.30082133465027605,dlinear_per_asset,11,46.0,dir_1d,2022-10-01,2022-12-31,4057,2.195
270.0,0.5074074074074074,0.5074074074074074,0.5,0.0,0.5,0.25,zero,12,,dir_1d,2023-01-01,2023-03-31,4279,0.001
270.0,0.45925925925925926,0.5074074074074074,0.4590307886504582,-0.08196541756782565,0.4465726359694858,0.3100589263838078,persistence,12,,dir_1d,2023-01-01,2023-03-31,4279,0.002
270.0,0.4925925925925926,0.5074074074074074,0.4858405136929916,-0.06870100995620661,0.4837275670929148,0.3720342925990285,historical_mean,12,,dir_1d,2023-01-01,2023-03-31,4279,0.005
270.0,0.5074074074074074,0.5074074074074074,0.5,0.0,0.5,0.24999695316649456,majority_class,12,,dir_1d,2023-01-01,2023-03-31,4279,0.001
270.0,0.5074074074074074,0.5074074074074074,0.503073376872839,0.007579333525355646,0.45381702431260634,0.2535188235476316,lstm,12,42.0,dir_1d,2023-01-01,2023-03-31,4279,6.322
270.0,0.4925925925925926,0.5074074074074074,0.4861698040722243,-0.05543804535550502,0.4587014982712256,0.2574315857546217,lstm,12,43.0,dir_1d,2023-01-01,2023-03-31,4279,5.913
270.0,0.4666666666666667,0.5074074074074074,0.4618297568739367,-0.10065599944315874,0.48372756709291487,0.2512365382661048,lstm,12,44.0,dir_1d,2023-01-01,2023-03-31,4279,5.117
270.0,0.4888888888888889,0.5074074074074074,0.4872399978047308,-0.02617159717697166,0.4486032599747544,0.25848089788714795,lstm,12,45.0,dir_1d,2023-01-01,2023-03-31,4279,4.694
270.0,0.48148148148148145,0.5074074074074074,0.47675758739915486,-0.060298030818787825,0.4524998627956754,0.25777641021232006,lstm,12,46.0,dir_1d,2023-01-01,2023-03-31,4279,6.61
270.0,0.4925925925925926,0.5074074074074074,0.48935294440480764,-0.023672163971960557,0.46226881071291376,0.25486966806180067,lstm_per_asset,12,42.0,dir_1d,2023-01-01,2023-03-31,4279,6.847
270.0,0.4888888888888889,0.5074074074074074,0.4854837824488228,-0.03267947153208788,0.45617693869710785,0.2623923800555983,lstm_per_asset,12,43.0,dir_1d,2023-01-01,2023-03-31,4279,8.333
270.0,0.48148148148148145,0.5074074074074074,0.47884309313429557,-0.04526714483529821,0.47209264036002413,0.25583431320405164,lstm_per_asset,12,44.0,dir_1d,2023-01-01,2023-03-31,4279,7.841
270.0,0.4777777777777778,0.5074074074074074,0.47651061961473024,-0.04767054376149967,0.446243345590253,0.25612008535281633,lstm_per_asset,12,45.0,dir_1d,2023-01-01,2023-03-31,4279,6.851
270.0,0.4925925925925926,0.5074074074074074,0.48836507326710943,-0.028326820156864645,0.4599088963284123,0.25469245214564146,lstm_per_asset,12,46.0,dir_1d,2023-01-01,2023-03-31,4279,6.772
270.0,0.43703703703703706,0.5074074074074074,0.43647439767301466,-0.12738722694025426,0.4201196421711213,0.2593057945084941,cnn,12,42.0,dir_1d,2023-01-01,2023-03-31,4279,14.377
270.0,0.4888888888888889,0.5074074074074074,0.4894352669996158,-0.021185348756802544,0.4835080401734263,0.2520630606068282,cnn,12,43.0,dir_1d,2023-01-01,2023-03-31,4279,10.044
270.0,0.4925925925925926,0.5074074074074074,0.4901212886230174,-0.020953611597455093,0.4574392184841667,0.2529335715912784,cnn,12,44.0,dir_1d,2023-01-01,2023-03-31,4279,9.453
270.0,0.45185185185185184,0.5074074074074074,0.44723121672795124,-0.1347988026844012,0.41792437297623625,0.2539620781538999,cnn,12,45.0,dir_1d,2023-01-01,2023-03-31,4279,10.449
270.0,0.5074074074074074,0.5074074074074074,0.5,0.0,0.4590856703803304,0.2531995161236943,cnn,12,46.0,dir_1d,2023-01-01,2023-03-31,4279,9.191
270.0,0.4925925925925926,0.5074074074074074,0.48880412710608634,-0.026048757190051886,0.4733000384172109,0.2523134562305666,cnn_per_asset,12,42.0,dir_1d,2023-01-01,2023-03-31,4279,8.623
270.0,0.5333333333333333,0.5074074074074074,0.5298282201855002,0.0677466348350954,0.5304319192140937,0.2489568294841488,cnn_per_asset,12,43.0,dir_1d,2023-01-01,2023-03-31,4279,4524.653
270.0,0.4925925925925926,0.5074074074074074,0.49506064431150865,-0.010476805798727546,0.47944679216288894,0.25615729897178835,cnn_per_asset,12,44.0,dir_1d,2023-01-01,2023-03-31,4279,17.945
270.0,0.4925925925925926,0.5074074074074074,0.4924263212776467,-0.015149436155477494,0.46528730585588063,0.2524531071077211,cnn_per_asset,12,45.0,dir_1d,2023-01-01,2023-03-31,4279,13.819
270.0,0.4925925925925926,0.5074074074074074,0.4885846001865979,-0.02713811723971038,0.4666593491026837,0.25177921362237055,cnn_per_asset,12,46.0,dir_1d,2023-01-01,2023-03-31,4279,13.868
270.0,0.4777777777777778,0.5074074074074074,0.47640085615498595,-0.04802374378025752,0.4657812414247297,0.2710411576448146,dlinear,12,42.0,dir_1d,2023-01-01,2023-03-31,4279,4.051
270.0,0.5148148148148148,0.5074074074074074,0.5119093353822513,0.02589511086021898,0.5054058503924045,0.2652695128593159,dlinear,12,43.0,dir_1d,2023-01-01,2023-03-31,4279,9.982
270.0,0.4740740740740741,0.5074074074074074,0.4758245979913287,-0.04976373359003174,0.49278305252181553,0.26418339228893606,dlinear,12,44.0,dir_1d,2023-01-01,2023-03-31,4279,2.418
270.0,0.5222222222222223,0.5074074074074074,0.5177816804785687,0.04444932255272875,0.4695680807859063,0.2908008354380668,dlinear,12,45.0,dir_1d,2023-01-01,2023-03-31,4279,2.935
270.0,0.4666666666666667,0.5074074074074074,0.4629273914713792,-0.08581907410482706,0.47884309313429557,0.27341130918583084,dlinear,12,46.0,dir_1d,2023-01-01,2023-03-31,4279,3.13
270.0,0.5074074074074074,0.5074074074074074,0.5053784095274683,0.011183885341708052,0.5291696394270348,0.27630954440189454,dlinear_per_asset,12,42.0,dir_1d,2023-01-01,2023-03-31,4279,2.875
270.0,0.5296296296296297,0.5074074074074074,0.5265078755282366,0.058478080213200875,0.5112233137588497,0.28443242645288164,dlinear_per_asset,12,43.0,dir_1d,2023-01-01,2023-03-31,4279,3.231
270.0,0.5111111111111111,0.5074074074074074,0.5089182811042203,0.018673100298329533,0.5088633993743483,0.2866681690843634,dlinear_per_asset,12,44.0,dir_1d,2023-01-01,2023-03-31,4279,2.862
270.0,0.5333333333333333,0.5074074074074074,0.5336699412765491,0.06739909222112041,0.5185225838318424,0.27650967619792316,dlinear_per_asset,12,45.0,dir_1d,2023-01-01,2023-03-31,4279,2.717
270.0,0.5074074074074074,0.5074074074074074,0.5054881729872125,0.011363691391975591,0.49936886010647064,0.29312469910501365,dlinear_per_asset,12,46.0,dir_1d,2023-01-01,2023-03-31,4279,3.14
273.0,0.5274725274725275,0.5274725274725275,0.5,0.0,0.5,0.25,zero,13,,dir_1d,2023-04-01,2023-06-30,4495,0.001
273.0,0.4249084249084249,0.5274725274725275,0.42296511627906974,-0.1541361625181774,0.39012704565030143,0.3168010897360694,persistence,13,,dir_1d,2023-04-01,2023-06-30,4495,0.001
273.0,0.40293040293040294,0.5274725274725275,0.40253552971576223,-0.19463578268769097,0.3803294573643411,0.289808320932969,historical_mean,13,,dir_1d,2023-04-01,2023-06-30,4495,0.004
273.0,0.5274725274725275,0.5274725274725275,0.5,0.0,0.5,0.2494946754011021,majority_class,13,,dir_1d,2023-04-01,2023-06-30,4495,0.001
273.0,0.5164835164835165,0.5274725274725275,0.5077519379844961,0.016331973242819365,0.48207364341085274,0.25276110452659245,lstm,13,42.0,dir_1d,2023-04-01,2023-06-30,4495,6.542
273.0,0.46886446886446886,0.5274725274725275,0.448078165374677,-0.1570065307544377,0.4558570198105082,0.2512432258703555,lstm,13,43.0,dir_1d,2023-04-01,2023-06-30,4495,6.308
273.0,0.5311355311355311,0.5274725274725275,0.5147771317829457,0.0367863460292632,0.5285314384151594,0.24884972385244672,lstm,13,44.0,dir_1d,2023-04-01,2023-06-30,4495,5.456
273.0,0.46886446886446886,0.5274725274725275,0.46745801033591733,-0.06505946756578647,0.46366279069767435,0.2518480208645316,lstm,13,45.0,dir_1d,2023-04-01,2023-06-30,4495,4.58
273.0,0.4432234432234432,0.5274725274725275,0.4370962532299742,-0.1286579651501273,0.44821274763135227,0.2524071438469615,lstm,13,46.0,dir_1d,2023-04-01,2023-06-30,4495,4.613
273.0,0.5128205128205128,0.5274725274725275,0.5058947028423773,0.012166618000291998,0.4990848406546081,0.25161787287924786,lstm_per_asset,13,42.0,dir_1d,2023-04-01,2023-06-30,4495,7.687
273.0,0.46886446886446886,0.5274725274725275,0.47149547803617575,-0.05720337773081783,0.4891795865633075,0.25133926143580543,lstm_per_asset,13,43.0,dir_1d,2023-04-01,2023-06-30,4495,7.279
273.0,0.5311355311355311,0.5274725274725275,0.5184108527131783,0.04153398221792155,0.5243863049095607,0.24933438520888435,lstm_per_asset,13,44.0,dir_1d,2023-04-01,2023-06-30,4495,6.86
273.0,0.4652014652014652,0.5274725274725275,0.47165697674418605,-0.05827633726302877,0.46522394487510765,0.2569194252375976,lstm_per_asset,13,45.0,dir_1d,2023-04-01,2023-06-30,4495,7.785
273.0,0.5164835164835165,0.5274725274725275,0.5000807493540051,0.00020101828431291367,0.4580641688199828,0.2512060196268031,lstm_per_asset,13,46.0,dir_1d,2023-04-01,2023-06-30,4495,5.978
273.0,0.5311355311355311,0.5274725274725275,0.5232558139534884,0.048517167726248124,0.53843669250646,0.24877753218404322,cnn,13,42.0,dir_1d,2023-04-01,2023-06-30,4495,10.501
273.0,0.4981684981684982,0.5274725274725275,0.4815083979328165,-0.04635127645177405,0.4776593453919035,0.250367227541188,cnn,13,43.0,dir_1d,2023-04-01,2023-06-30,4495,9.455
273.0,0.5201465201465202,0.5274725274725275,0.49668927648578814,-0.012686848443100687,0.49800818260120583,0.24995781992161986,cnn,13,44.0,dir_1d,2023-04-01,2023-06-30,4495,8.229
273.0,0.48717948717948717,0.5274725274725275,0.48643410852713176,-0.027099707098915318,0.4821274763135228,0.2509795899994718,cnn,13,45.0,dir_1d,2023-04-01,2023-06-30,4495,7.611
273.0,0.5238095238095238,0.5274725274725275,0.5146963824289406,0.031128640318234514,0.48847975882859607,0.25065564639485505,cnn,13,46.0,dir_1d,2023-04-01,2023-06-30,4495,12.093
273.0,0.5128205128205128,0.5274725274725275,0.49620478036175714,-0.009513144075254935,0.4616171403962102,0.2522780838678382,cnn_per_asset,13,42.0,dir_1d,2023-04-01,2023-06-30,4495,12.541
273.0,0.5091575091575091,0.5274725274725275,0.5084786821705427,0.016937316936822072,0.49504737295434975,0.25256713904600686,cnn_per_asset,13,43.0,dir_1d,2023-04-01,2023-06-30,4495,9.723
273.0,0.4945054945054945,0.5274725274725275,0.4816698966408269,-0.04135181562924646,0.48325796726959513,0.25238869904504,cnn_per_asset,13,44.0,dir_1d,2023-04-01,2023-06-30,4495,15.13
273.0,0.47619047619047616,0.5274725274725275,0.4752099483204134,-0.04953213034033491,0.4844961240310077,0.25318330236582964,cnn_per_asset,13,45.0,dir_1d,2023-04-01,2023-06-30,4495,13.438
273.0,0.46886446886446886,0.5274725274725275,0.4597868217054264,-0.08494567958945509,0.4986003445305771,0.25066164799357366,cnn_per_asset,13,46.0,dir_1d,2023-04-01,2023-06-30,4495,10.875
273.0,0.5274725274725275,0.5274725274725275,0.525032299741602,0.050199902144616455,0.5322997416020672,0.2503992391554504,dlinear,13,42.0,dir_1d,2023-04-01,2023-06-30,4495,3.11
273.0,0.5091575091575091,0.5274725274725275,0.5161498708010336,0.03333320000079999,0.5200796726959518,0.26398541751623344,dlinear,13,43.0,dir_1d,2023-04-01,2023-06-30,4495,2.485
273.0,0.5054945054945055,0.5274725274725275,0.5058139534883721,0.011611042708294791,0.5034991386735572,0.26152488767003207,dlinear,13,44.0,dir_1d,2023-04-01,2023-06-30,4495,2.943
273.0,0.5054945054945055,0.5274725274725275,0.49249031007751937,-0.017016248731482088,0.49375538329026697,0.26112093742799036,dlinear,13,45.0,dir_1d,2023-04-01,2023-06-30,4495,2.42
273.0,0.45787545787545786,0.5274725274725275,0.46107881136950907,-0.07829893470818623,0.46786175710594313,0.26490702376478026,dlinear,13,46.0,dir_1d,2023-04-01,2023-06-30,4495,2.558
273.0,0.5128205128205128,0.5274725274725275,0.5018572351421189,0.004045287380941809,0.5282084409991387,0.26590043910278394,dlinear_per_asset,13,42.0,dir_1d,2023-04-01,2023-06-30,4495,2.752
273.0,0.5164835164835165,0.5274725274725275,0.5150193798449612,0.030038759689922482,0.5208871662360034,0.2754723807676488,dlinear_per_asset,13,43.0,dir_1d,2023-04-01,2023-06-30,4495,3.185
273.0,0.5421245421245421,0.5274725274725275,0.5421511627906976,0.08417554147719526,0.5241171403962102,0.2805260739801709,dlinear_per_asset,13,44.0,dir_1d,2023-04-01,2023-06-30,4495,2.28
273.0,0.4981684981684982,0.5274725274725275,0.502906976744186,0.005893162833551576,0.547642118863049,0.26611287052211646,dlinear_per_asset,13,45.0,dir_1d,2023-04-01,2023-06-30,4495,1.971
273.0,0.5457875457875457,0.5274725274725275,0.5415859173126615,0.08409591861428084,0.5128660637381567,0.2860576330538539,dlinear_per_asset,13,46.0,dir_1d,2023-04-01,2023-06-30,4495,2.003
276.0,0.4492753623188406,0.4492753623188406,0.5,0.0,0.5,0.25,zero,14,,dir_1d,2023-07-01,2023-09-30,4711,0.001
276.0,0.47101449275362317,0.4492753623188406,0.46477079796264853,-0.07057081983103732,0.4498620543293718,0.278700721385181,persistence,14,,dir_1d,2023-07-01,2023-09-30,4711,0.001
276.0,0.5253623188405797,0.4492753623188406,0.4806876061120543,-0.07991428166764562,0.4178427419354838,0.30518152345288785,historical_mean,14,,dir_1d,2023-07-01,2023-09-30,4711,0.004
276.0,0.4492753623188406,0.4492753623188406,0.5,0.0,0.5,0.2512547556402688,majority_class,14,,dir_1d,2023-07-01,2023-09-30,4711,0.001
276.0,0.5362318840579711,0.4492753623188406,0.5440365025466893,0.0885535353524532,0.5481748726655348,0.24926088981584246,lstm,14,42.0,dir_1d,2023-07-01,2023-09-30,4711,4.927
276.0,0.4963768115942029,0.4492753623188406,0.529393039049236,0.07652373432034855,0.5646222410865874,0.250011428187889,lstm,14,43.0,dir_1d,2023-07-01,2023-09-30,4711,4.877
276.0,0.5,0.4492753623188406,0.5200551782682513,0.04336096127449848,0.514696519524618,0.25205159819100076,lstm,14,44.0,dir_1d,2023-07-01,2023-09-30,4711,5.266
276.0,0.5434782608695652,0.4492753623188406,0.5335314091680815,0.06813402582547687,0.5391022920203735,0.2490254598933931,lstm,14,45.0,dir_1d,2023-07-01,2023-09-30,4711,4.785
276.0,0.5181159420289855,0.4492753623188406,0.5179329371816639,0.03568176886586661,0.5514112903225806,0.24864327747745232,lstm,14,46.0,dir_1d,2023-07-01,2023-09-30,4711,5.326
276.0,0.5289855072463768,0.4492753623188406,0.521116298811545,0.04255900297547093,0.5207449066213923,0.24900501624347404,lstm_per_asset,14,42.0,dir_1d,2023-07-01,2023-09-30,4711,6.785
276.0,0.5108695652173914,0.4492753623188406,0.5158106960950765,0.031598767471420534,0.5465301358234296,0.2484615447434173,lstm_per_asset,14,43.0,dir_1d,2023-07-01,2023-09-30,4711,5.408
276.0,0.4601449275362319,0.4492753623188406,0.4831281833616299,-0.03773078306872111,0.4798387096774194,0.2538962642949212,lstm_per_asset,14,44.0,dir_1d,2023-07-01,2023-09-30,4711,5.818
276.0,0.5253623188405797,0.4492753623188406,0.5066850594227504,0.014314539320088969,0.5124151103565364,0.24860599041707865,lstm_per_asset,14,45.0,dir_1d,2023-07-01,2023-09-30,4711,5.444
276.0,0.5253623188405797,0.4492753623188406,0.5215407470288624,0.042996034035875645,0.5150148556876061,0.249912500102514,lstm_per_asset,14,46.0,dir_1d,2023-07-01,2023-09-30,4711,4.899
276.0,0.4963768115942029,0.4492753623188406,0.5100806451612903,0.0208195457106347,0.5001591680814941,0.2518225543489061,cnn,14,42.0,dir_1d,2023-07-01,2023-09-30,4711,81.985
276.0,0.5181159420289855,0.4492753623188406,0.5038200339558574,0.007923656225842297,0.497983870967742,0.24959003855444822,cnn,14,43.0,dir_1d,2023-07-01,2023-09-30,4711,9.939
276.0,0.4528985507246377,0.4492753623188406,0.4847198641765704,-0.03916638600215482,0.49039685908319186,0.2552699275129941,cnn,14,44.0,dir_1d,2023-07-01,2023-09-30,4711,8.029
276.0,0.45652173913043476,0.4492753623188406,0.4961799660441426,-0.012209606702852347,0.5274299660441426,0.25340979798678803,cnn,14,45.0,dir_1d,2023-07-01,2023-09-30,4711,32.512
276.0,0.5036231884057971,0.4492753623188406,0.4988327674023769,-0.0023327949139974893,0.5068442275042444,0.24962081039752934,cnn,14,46.0,dir_1d,2023-07-01,2023-09-30,4711,11.981
276.0,0.4891304347826087,0.4492753623188406,0.49310271646859083,-0.013767203016413383,0.4893357385398981,0.25089189875619966,cnn_per_asset,14,42.0,dir_1d,2023-07-01,2023-09-30,4711,12.021
276.0,0.4492753623188406,0.4492753623188406,0.47251697792869274,-0.06172137240749251,0.4891235144312394,0.2541381748583955,cnn_per_asset,14,43.0,dir_1d,2023-07-01,2023-09-30,4711,13.508
276.0,0.5217391304347826,0.4492753623188406,0.5108234295415959,0.02206281929529768,0.5021752971137521,0.24955522761579285,cnn_per_asset,14,44.0,dir_1d,2023-07-01,2023-09-30,4711,14.788
276.0,0.4891304347826087,0.4492753623188406,0.49681663837011886,-0.006408510739641116,0.47702674023769104,0.25348752517673445,cnn_per_asset,14,45.0,dir_1d,2023-07-01,2023-09-30,4711,11.475
276.0,0.44565217391304346,0.4492753623188406,0.48482597623089985,-0.047807881919692014,0.48318123938879454,0.2557885305095621,cnn_per_asset,14,46.0,dir_1d,2023-07-01,2023-09-30,4711,11.247
276.0,0.5,0.4492753623188406,0.5074278438030561,0.01493674090282343,0.50758701188455,0.2624603005506636,dlinear,14,42.0,dir_1d,2023-07-01,2023-09-30,4711,1.9
276.0,0.4855072463768116,0.4492753623188406,0.4860993208828523,-0.027660828143620416,0.5064197792869269,0.25644603369845276,dlinear,14,43.0,dir_1d,2023-07-01,2023-09-30,4711,2.755
276.0,0.463768115942029,0.4492753623188406,0.48418930390492354,-0.03441960103577755,0.5063667232597623,0.2652234815479073,dlinear,14,44.0,dir_1d,2023-07-01,2023-09-30,4711,2.003
276.0,0.4963768115942029,0.4492753623188406,0.5152801358234296,0.03271894701734621,0.5268994057724957,0.2616597810325262,dlinear,14,45.0,dir_1d,2023-07-01,2023-09-30,4711,2.584
276.0,0.5108695652173914,0.4492753623188406,0.5135823429541596,0.027059369651203535,0.510133701188455,0.261993681676849,dlinear,14,46.0,dir_1d,2023-07-01,2023-09-30,4711,1.995
276.0,0.4782608695652174,0.4492753623188406,0.4884337860780985,-0.023501926629673982,0.47989176570458403,0.28447361709016794,dlinear_per_asset,14,42.0,dir_1d,2023-07-01,2023-09-30,4711,2.898
276.0,0.48188405797101447,0.4492753623188406,0.49320882852292025,-0.01386666704029631,0.47241086587436326,0.3075984009470429,dlinear_per_asset,14,43.0,dir_1d,2023-07-01,2023-09-30,4711,2.07
276.0,0.5,0.4492753623188406,0.5007427843803056,0.001478059519124755,0.4734189303904924,0.29559051070219927,dlinear_per_asset,14,44.0,dir_1d,2023-07-01,2023-09-30,4711,2.605
276.0,0.463768115942029,0.4492753623188406,0.47527589134125636,-0.050571505479627896,0.4786714770797963,0.28921254297867316,dlinear_per_asset,14,45.0,dir_1d,2023-07-01,2023-09-30,4711,2.335
276.0,0.4782608695652174,0.4492753623188406,0.47803480475382004,-0.04370374100610488,0.4628607809847199,0.315811891291718,dlinear_per_asset,14,46.0,dir_1d,2023-07-01,2023-09-30,4711,3.189
276.0,0.5507246376811594,0.5507246376811594,0.5,0.0,0.5,0.25,zero,15,,dir_1d,2023-10-01,2023-12-31,4933,0.001
276.0,0.5,0.5507246376811594,0.4948005093378608,-0.010398981324278437,0.48636460101867574,0.28097369739831196,persistence,15,,dir_1d,2023-10-01,2023-12-31,4933,0.001
276.0,0.5579710144927537,0.5507246376811594,0.5266341256366723,0.0677603117269463,0.4932088285229202,0.29786129313335696,historical_mean,15,,dir_1d,2023-10-01,2023-12-31,4933,0.004
276.0,0.5507246376811594,0.5507246376811594,0.5,0.0,0.5,0.24913256278755855,majority_class,15,,dir_1d,2023-10-01,2023-12-31,4933,0.001
276.0,0.5,0.5507246376811594,0.49108658743633277,-0.018009294827183737,0.5006366723259762,0.25044283268527157,lstm,15,42.0,dir_1d,2023-10-01,2023-12-31,4933,5.987
276.0,0.5978260869565217,0.5507246376811594,0.5709889643463497,0.16826484744380457,0.5494482173174873,0.24641482509470666,lstm,15,43.0,dir_1d,2023-10-01,2023-12-31,4933,6.662
276.0,0.5579710144927537,0.5507246376811594,0.5258913412563667,0.06687718113715635,0.5657364176570459,0.24564105926135732,lstm,15,44.0,dir_1d,2023-10-01,2023-12-31,4933,7.738
276.0,0.5652173913043478,0.5507246376811594,0.5398981324278438,0.09211472838809237,0.5576719015280136,0.245910972074071,lstm,15,45.0,dir_1d,2023-10-01,2023-12-31,4933,8.14
276.0,0.5072463768115942,0.5507246376811594,0.49246604414261463,-0.015662556999295675,0.5234507640067911,0.24865700153030476,lstm,15,46.0,dir_1d,2023-10-01,2023-12-31,4933,7.479
276.0,0.5471014492753623,0.5507246376811594,0.5375636672325976,0.07621266623258113,0.547113752122241,0.24693120580098338,lstm_per_asset,15,42.0,dir_1d,2023-10-01,2023-12-31,4933,9.933
276.0,0.5615942028985508,0.5507246376811594,0.5366086587436333,0.08410788878156113,0.5687075551782682,0.24404103296223323,lstm_per_asset,15,43.0,dir_1d,2023-10-01,2023-12-31,4933,8.79
276.0,0.572463768115942,0.5507246376811594,0.5628183361629882,0.1276434914198807,0.5766659592529711,0.24541446446306647,lstm_per_asset,15,44.0,dir_1d,2023-10-01,2023-12-31,4933,8.938
276.0,0.5471014492753623,0.5507246376811594,0.5331069609507639,0.06867168729063323,0.5518887945670627,0.24619702773815286,lstm_per_asset,15,45.0,dir_1d,2023-10-01,2023-12-31,4933,9.313
276.0,0.5471014492753623,0.5507246376811594,0.536820882852292,0.07493510928553257,0.5558149405772496,0.24629998203179698,lstm_per_asset,15,46.0,dir_1d,2023-10-01,2023-12-31,4933,10.293
276.0,0.5362318840579711,0.5507246376811594,0.5150679117147708,0.03304020018575897,0.5220713073005093,0.24816119681493257,cnn,15,42.0,dir_1d,2023-10-01,2023-12-31,4933,8.76
276.0,0.532608695652174,0.5507246376811594,0.5452037351443124,0.09262841849980086,0.5669567062818336,0.24889940517776044,cnn,15,43.0,dir_1d,2023-10-01,2023-12-31,4933,9.099
276.0,0.5688405797101449,0.5507246376811594,0.5387308998302207,0.09645899609226866,0.5878607809847198,0.24412477679767342,cnn,15,44.0,dir_1d,2023-10-01,2023-12-31,4933,11.407
276.0,0.5362318840579711,0.5507246376811594,0.49575551782682514,-0.013985644669743872,0.5398450764006792,0.24689418609691027,cnn,15,45.0,dir_1d,2023-10-01,2023-12-31,4933,10.243
276.0,0.5833333333333334,0.5507246376811594,0.538518675721562,0.16903167559706359,0.5074278438030561,0.24716923803775326,cnn,15,46.0,dir_1d,2023-10-01,2023-12-31,4933,10.09
276.0,0.5471014492753623,0.5507246376811594,0.5100806451612904,0.029434126196989156,0.5242466044142614,0.24744522537466268,cnn_per_asset,15,42.0,dir_1d,2023-10-01,2023-12-31,4933,10.85
276.0,0.6014492753623188,0.5507246376811594,0.5772495755517827,0.17663473206697056,0.5870649405772496,0.24505263470473262,cnn_per_asset,15,43.0,dir_1d,2023-10-01,2023-12-31,4933,12.814
276.0,0.5833333333333334,0.5507246376811594,0.5682300509337861,0.14286874757902987,0.5782576400679117,0.24660835366097944,cnn_per_asset,15,44.0,dir_1d,2023-10-01,2023-12-31,4933,11.282
276.0,0.5507246376811594,0.5507246376811594,0.5289685908319185,0.06400444047465241,0.5514112903225806,0.24746271676347956,cnn_per_asset,15,45.0,dir_1d,2023-10-01,2023-12-31,4933,12.83
276.0,0.5507246376811594,0.5507246376811594,0.5207979626485568,0.05144913437559614,0.5053586587436333,0.24828853883598684,cnn_per_asset,15,46.0,dir_1d,2023-10-01,2023-12-31,4933,19.426
276.0,0.5579710144927537,0.5507246376811594,0.5258913412563667,0.06687718113715635,0.5166065365025467,0.2505349070395069,dlinear,15,42.0,dir_1d,2023-10-01,2023-12-31,4933,3.282
276.0,0.5289855072463768,0.5507246376811594,0.5203735144312394,0.041164102462134256,0.5183573853989812,0.2553688641351564,dlinear,15,43.0,dir_1d,2023-10-01,2023-12-31,4933,2.196
276.0,0.5507246376811594,0.5507246376811594,0.5252546689303905,0.058306663181824425,0.551358234295416,0.24772785688741591,dlinear,15,44.0,dir_1d,2023-10-01,2023-12-31,4933,2.896
276.0,0.5434782608695652,0.5507246376811594,0.5090195246179966,0.024511842070090384,0.5158106960950763,0.2610137450157804,dlinear,15,45.0,dir_1d,2023-10-01,2023-12-31,4933,1.815
276.0,0.5253623188405797,0.5507246376811594,0.5007427843803056,0.0016905160170156879,0.5316744482173175,0.25486925681704264,dlinear,15,46.0,dir_1d,2023-10-01,2023-12-31,4933,2.858
276.0,0.5253623188405797,0.5507246376811594,0.5051994906621392,0.011279912586727052,0.5085420203735144,0.2663766814369293,dlinear_per_asset,15,42.0,dir_1d,2023-10-01,2023-12-31,4933,1.955
276.0,0.5217391304347826,0.5507246376811594,0.5204796264855688,0.040765060613128,0.5093378607809846,0.26875717331026966,dlinear_per_asset,15,43.0,dir_1d,2023-10-01,2023-12-31,4933,3.2
276.0,0.5,0.5507246376811594,0.4918293718166383,-0.016467553915131966,0.4958616298811545,0.2854012761704784,dlinear_per_asset,15,44.0,dir_1d,2023-10-01,2023-12-31,4933,2.044
276.0,0.5217391304347826,0.5507246376811594,0.5093378607809846,0.019170309910852005,0.5116723259762309,0.27915829561010685,dlinear_per_asset,15,45.0,dir_1d,2023-10-01,2023-12-31,4933,1.993
276.0,0.5036231884057971,0.5507246376811594,0.49140492359932086,-0.017612445771088895,0.5088603565365026,0.27937484878146024,dlinear_per_asset,15,46.0,dir_1d,2023-10-01,2023-12-31,4933,3.088
273.0,0.5677655677655677,0.5677655677655677,0.5,0.0,0.5,0.25,zero,16,,dir_1d,2024-01-01,2024-03-31,5155,0.001
273.0,0.48717948717948717,0.5677655677655677,0.47556041552761075,-0.049099794927176296,0.4662657189721159,0.30970112861413,persistence,16,,dir_1d,2024-01-01,2024-03-31,5155,0.001
273.0,0.5128205128205128,0.5677655677655677,0.4870147621651175,-0.027784230253141706,0.428922908693275,0.3174300050717189,historical_mean,16,,dir_1d,2024-01-01,2024-03-31,5155,0.004
273.0,0.5677655677655677,0.5677655677655677,0.5,0.0,0.5,0.24909050474537828,majority_class,16,,dir_1d,2024-01-01,2024-03-31,5155,0.001
273.0,0.47985347985347987,0.5677655677655677,0.45798250410060143,-0.08761461814071267,0.48518316019682883,0.24997832326741862,lstm,16,42.0,dir_1d,2024-01-01,2024-03-31,5155,7.536
273.0,0.4725274725274725,0.5677655677655677,0.44141607435757246,-0.12950168197136283,0.4761618370694368,0.2498991813068144,lstm,16,43.0,dir_1d,2024-01-01,2024-03-31,5155,7.242
273.0,0.5347985347985348,0.5677655677655677,0.4962547840349918,-0.009015313258651167,0.4733187534171679,0.2510265575051558,lstm,16,44.0,dir_1d,2024-01-01,2024-03-31,5155,6.578
273.0,0.4432234432234432,0.5677655677655677,0.4277474029524331,-0.14639844390134818,0.437944231820667,0.25267782816435613,lstm,16,45.0,dir_1d,2024-01-01,2024-03-31,5155,6.56
273.0,0.47985347985347987,0.5677655677655677,0.4640513942044834,-0.07308154698311853,0.45270639693821757,0.25222394358087047,lstm,16,46.0,dir_1d,2024-01-01,2024-03-31,5155,8.109
273.0,0.5274725274725275,0.5677655677655677,0.5100328048113723,0.0205889548467725,0.5199015855658831,0.2488183348943158,lstm_per_asset,16,42.0,dir_1d,2024-01-01,2024-03-31,5155,8.277
273.0,0.5384615384615384,0.5677655677655677,0.4954346637506834,-0.011694244904262649,0.47966101694915253,0.24929846089813043,lstm_per_asset,16,43.0,dir_1d,2024-01-01,2024-03-31,5155,7.394
273.0,0.5164835164835165,0.5677655677655677,0.5013668671405139,0.0027787660449854956,0.48966648441771454,0.251248040243638,lstm_per_asset,16,44.0,dir_1d,2024-01-01,2024-03-31,5155,7.687
273.0,0.45787545787545786,0.5677655677655677,0.4649261891744122,-0.06995283573061155,0.4662110442864953,0.25298491899990255,lstm_per_asset,16,45.0,dir_1d,2024-01-01,2024-03-31,5155,6.683
273.0,0.4945054945054945,0.5677655677655677,0.48504647348277746,-0.02990705303444505,0.46189174412247136,0.2515750895729117,lstm_per_asset,16,46.0,dir_1d,2024-01-01,2024-03-31,5155,6.276
273.0,0.5677655677655677,0.5677655677655677,0.5283214871514489,0.06949107374311139,0.5150902132312739,0.24697837692754537,cnn,16,42.0,dir_1d,2024-01-01,2024-03-31,5155,14.323
273.0,0.48717948717948717,0.5677655677655677,0.48972115910333514,-0.020384552044692743,0.4900492072170585,0.2508050704217203,cnn,16,43.0,dir_1d,2024-01-01,2024-03-31,5155,11.822
273.0,0.5567765567765568,0.5677655677655677,0.5216785128485512,0.05042872509717244,0.5021323127392018,0.2489126689054006,cnn,16,44.0,dir_1d,2024-01-01,2024-03-31,5155,13.863
273.0,0.5311355311355311,0.5677655677655677,0.47583378895571354,-0.08156620596492196,0.45642427556041554,0.24926145485921267,cnn,16,45.0,dir_1d,2024-01-01,2024-03-31,5155,9.907
273.0,0.4981684981684982,0.5677655677655677,0.46096227446692184,-0.09179973607613817,0.4401312192454893,0.24998362625182577,cnn,16,46.0,dir_1d,2024-01-01,2024-03-31,5155,11.014
273.0,0.5164835164835165,0.5677655677655677,0.4710224166211044,-0.07670208473719507,0.46670311645708035,0.24994470792073464,cnn_per_asset,16,42.0,dir_1d,2024-01-01,2024-03-31,5155,11.291
273.0,0.5238095238095238,0.5677655677655677,0.48455440131219246,-0.03741177970108838,0.46741388737014766,0.25152366054392644,cnn_per_asset,16,43.0,dir_1d,2024-01-01,2024-03-31,5155,13.74
273.0,0.4945054945054945,0.5677655677655677,0.4658283214871514,-0.0743839971621326,0.4455440131219245,0.253909117540703,cnn_per_asset,16,44.0,dir_1d,2024-01-01,2024-03-31,5155,13.735
273.0,0.5347985347985348,0.5677655677655677,0.5023236741388737,0.0052481617769056,0.4727720065609623,0.2519505520406805,cnn_per_asset,16,45.0,dir_1d,2024-01-01,2024-03-31,5155,12.818
273.0,0.5421245421245421,0.5677655677655677,0.4956260251503554,-0.011896384271479694,0.4447785675232367,0.2510021387690357,cnn_per_asset,16,46.0,dir_1d,2024-01-01,2024-03-31,5155,11.643
273.0,0.5238095238095238,0.5677655677655677,0.48556588299617276,-0.03453517355570713,0.48824494259158013,0.2540950477376677,dlinear,16,42.0,dir_1d,2024-01-01,2024-03-31,5155,1.972
273.0,0.5091575091575091,0.5677655677655677,0.5262711864406779,0.05369989813684618,0.518042646254784,0.2634091622467365,dlinear,16,43.0,dir_1d,2024-01-01,2024-03-31,5155,2.043
273.0,0.5567765567765568,0.5677655677655677,0.5408966648441771,0.08359526286443485,0.5260251503553856,0.25248936037339026,dlinear,16,44.0,dir_1d,2024-01-01,2024-03-31,5155,1.791
273.0,0.5274725274725275,0.5677655677655677,0.5181246582832149,0.03628703182536562,0.5229633679606343,0.2568854762783953,dlinear,16,45.0,dir_1d,2024-01-01,2024-03-31,5155,1.894
273.0,0.5091575091575091,0.5677655677655677,0.5060415527610717,0.011985212155114382,0.5078184800437398,0.2559991023116237,dlinear,16,46.0,dir_1d,2024-01-01,2024-03-31,5155,1.87
273.0,0.5128205128205128,0.5677655677655677,0.5072443958447239,0.014406323307049062,0.5223619464188081,0.26932326515496724,dlinear_per_asset,16,42.0,dir_1d,2024-01-01,2024-03-31,5155,2.165
273.0,0.5311355311355311,0.5677655677655677,0.5405686167304538,0.08105750039571903,0.5654455986878075,0.26505723084447125,dlinear_per_asset,16,43.0,dir_1d,2024-01-01,2024-03-31,5155,2.187
273.0,0.5384615384615384,0.5677655677655677,0.5176872607982504,0.03688136495578471,0.5387643521049754,0.2656428633860674,dlinear_per_asset,16,44.0,dir_1d,2024-01-01,2024-03-31,5155,2.351
273.0,0.5091575091575091,0.5677655677655677,0.49188080918534716,-0.016628438000732767,0.5190814652815746,0.277950557817885,dlinear_per_asset,16,45.0,dir_1d,2024-01-01,2024-03-31,5155,2.119
273.0,0.5018315018315018,0.5677655677655677,0.49352104975396394,-0.012933175022237715,0.5329141607435757,0.2756983797491565,dlinear_per_asset,16,46.0,dir_1d,2024-01-01,2024-03-31,5155,2.288
273.0,0.48717948717948717,0.48717948717948717,0.5,0.0,0.5,0.25,zero,17,,dir_1d,2024-04-01,2024-06-30,5371,0.001
273.0,0.4065934065934066,0.48717948717948717,0.40601503759398494,-0.18806084623315908,0.3628356605800215,0.32870676175891883,persistence,17,,dir_1d,2024-04-01,2024-06-30,5371,0.001
273.0,0.47619047619047616,0.48717948717948717,0.4686090225563909,-0.07771427367636265,0.4198711063372717,0.3331026133370299,historical_mean,17,,dir_1d,2024-04-01,2024-06-30,5371,0.004
273.0,0.48717948717948717,0.48717948717948717,0.5,0.0,0.5,0.25019176900230183,majority_class,17,,dir_1d,2024-04-01,2024-06-30,5371,0.001
273.0,0.5531135531135531,0.48717948717948717,0.5580827067669173,0.1258044884104415,0.579484425349087,0.2473151101819714,lstm,17,42.0,dir_1d,2024-04-01,2024-06-30,5371,7.459
273.0,0.5384615384615384,0.48717948717948717,0.543796992481203,0.09619233669834266,0.5677765843179378,0.24837610956578104,lstm,17,43.0,dir_1d,2024-04-01,2024-06-30,5371,6.872
273.0,0.5641025641025641,0.48717948717948717,0.5693609022556391,0.15178939992576743,0.5687432867883996,0.2480957755085415,lstm,17,44.0,dir_1d,2024-04-01,2024-06-30,5371,7.361
273.0,0.5274725274725275,0.48717948717948717,0.5330827067669173,0.07349325307577537,0.5638560687432868,0.2481888987306682,lstm,17,45.0,dir_1d,2024-04-01,2024-06-30,5371,6.838
273.0,0.5421245421245421,0.48717948717948717,0.5468045112781955,0.10041334863007027,0.5845864661654135,0.24757575885784747,lstm,17,46.0,dir_1d,2024-04-01,2024-06-30,5371,7.349
273.0,0.5128205128205128,0.48717948717948717,0.5172932330827067,0.03688010205860799,0.5376476906552095,0.24913434774370746,lstm_per_asset,17,42.0,dir_1d,2024-04-01,2024-06-30,5371,7.93
273.0,0.5238095238095238,0.48717948717948717,0.5257518796992481,0.05207747846839423,0.5408700322234157,0.24911580212180637,lstm_per_asset,17,43.0,dir_1d,2024-04-01,2024-06-30,5371,7.036
273.0,0.5274725274725275,0.48717948717948717,0.5298872180451129,0.0608255898776404,0.518313641245972,0.2503864251707621,lstm_per_asset,17,44.0,dir_1d,2024-04-01,2024-06-30,5371,6.762
273.0,0.4945054945054945,0.48717948717948717,0.49812030075187974,-0.00391720355076487,0.5033834586466165,0.2512848659103843,lstm_per_asset,17,45.0,dir_1d,2024-04-01,2024-06-30,5371,6.639
273.0,0.5421245421245421,0.48717948717948717,0.5458646616541354,0.09579786427465728,0.5551020408163265,0.24898363368122675,lstm_per_asset,17,46.0,dir_1d,2024-04-01,2024-06-30,5371,7.583
273.0,0.5091575091575091,0.48717948717948717,0.518609022556391,0.05498167582824371,0.5007518796992481,0.25365177699464037,cnn,17,42.0,dir_1d,2024-04-01,2024-06-30,5371,9.755
273.0,0.47619047619047616,0.48717948717948717,0.48402255639097747,-0.04038107276044636,0.48791621911922667,0.2526123963600216,cnn,17,43.0,dir_1d,2024-04-01,2024-06-30,5371,11.439
273.0,0.46153846153846156,0.48717948717948717,0.4708646616541353,-0.08509088416157631,0.4694951664876478,0.254796005244351,cnn,17,44.0,dir_1d,2024-04-01,2024-06-30,5371,11.357
273.0,0.47619047619047616,0.48717948717948717,0.4853383458646616,-0.04188539082916955,0.49054779806659504,0.25268293062712655,cnn,17,45.0,dir_1d,2024-04-01,2024-06-30,5371,10.602
273.0,0.47985347985347987,0.48717948717948717,0.48909774436090225,-0.03148549067526843,0.4864661654135338,0.2536758236650515,cnn,17,46.0,dir_1d,2024-04-01,2024-06-30,5371,11.243
273.0,0.5054945054945055,0.48717948717948717,0.5148496240601503,0.04336890225009373,0.5351235230934479,0.25147585496993097,cnn_per_asset,17,42.0,dir_1d,2024-04-01,2024-06-30,5371,12.524
273.0,0.4908424908424908,0.48717948717948717,0.4928571428571429,-0.014461533057042534,0.5074650912996778,0.25064899637667726,cnn_per_asset,17,43.0,dir_1d,2024-04-01,2024-06-30,5371,911.908
273.0,0.5494505494505495,0.48717948717948717,0.5522556390977443,0.10700573754105612,0.5458109559613318,0.2504818850746058,cnn_per_asset,17,44.0,dir_1d,2024-04-01,2024-06-30,5371,4268.316
273.0,0.4945054945054945,0.48717948717948717,0.5030075187969925,0.008032233774176284,0.4848012889366272,0.2521595487963743,cnn_per_asset,17,45.0,dir_1d,2024-04-01,2024-06-30,5371,12.697
273.0,0.5018315018315018,0.48717948717948717,0.5097744360902255,0.024883630089671975,0.5324919441460795,0.2501775851789355,cnn_per_asset,17,46.0,dir_1d,2024-04-01,2024-06-30,5371,10.644
273.0,0.5238095238095238,0.48717948717948717,0.5319548872180451,0.08258852110759506,0.5591299677765843,0.25685009817178434,dlinear,17,42.0,dir_1d,2024-04-01,2024-06-30,5371,2.323
273.0,0.4945054945054945,0.48717948717948717,0.5009398496240601,0.0021724351404187967,0.5271213748657357,0.2680439194324398,dlinear,17,43.0,dir_1d,2024-04-01,2024-06-30,5371,2.273
273.0,0.5091575091575091,0.48717948717948717,0.5144736842105263,0.03178888380159822,0.5326530612244899,0.26382005706503137,dlinear,17,44.0,dir_1d,2024-04-01,2024-06-30,5371,2.744
273.0,0.5201465201465202,0.48717948717948717,0.5259398496240602,0.058093034332512984,0.5122448979591837,0.2608895675829294,dlinear,17,45.0,dir_1d,2024-04-01,2024-06-30,5371,2.191
273.0,0.5054945054945055,0.48717948717948717,0.506203007518797,0.012420699087002853,0.5233082706766917,0.2521940367351289,dlinear,17,46.0,dir_1d,2024-04-01,2024-06-30,5371,2.211
273.0,0.5238095238095238,0.48717948717948717,0.5306390977443609,0.07229906419836084,0.5428034371643393,0.27197532053067824,dlinear_per_asset,17,42.0,dir_1d,2024-04-01,2024-06-30,5371,2.439
273.0,0.5238095238095238,0.48717948717948717,0.5268796992481203,0.05533300001525545,0.5368958109559614,0.2697352377210617,dlinear_per_asset,17,43.0,dir_1d,2024-04-01,2024-06-30,5371,3.611
273.0,0.5311355311355311,0.48717948717948717,0.5338345864661654,0.06917144638660747,0.5481203007518797,0.2755951859325164,dlinear_per_asset,17,44.0,dir_1d,2024-04-01,2024-06-30,5371,4.072
273.0,0.5567765567765568,0.48717948717948717,0.5599624060150377,0.12366756558160018,0.5628356605800215,0.2657640450410177,dlinear_per_asset,17,45.0,dir_1d,2024-04-01,2024-06-30,5371,2.818
273.0,0.5677655677655677,0.48717948717948717,0.5723684210526315,0.1547895832355528,0.5564983888292159,0.268069068760869,dlinear_per_asset,17,46.0,dir_1d,2024-04-01,2024-06-30,5371,2.88
276.0,0.5036231884057971,0.5036231884057971,0.5,0.0,0.5,0.25,zero,18,,dir_1d,2024-07-01,2024-09-30,5590,0.001
276.0,0.5144927536231884,0.5036231884057971,0.5144147455758021,0.02883554872190836,0.5200336081499763,0.2891248155867473,persistence,18,,dir_1d,2024-07-01,2024-09-30,5590,0.001
276.0,0.4420289855072464,0.5036231884057971,0.44441527070314557,-0.14787218976686026,0.38909310507798145,0.3355729231058373,historical_mean,18,,dir_1d,2024-07-01,2024-09-30,5590,0.006
276.0,0.5036231884057971,0.5036231884057971,0.5,0.0,0.5,0.24999291968545895,majority_class,18,,dir_1d,2024-07-01,2024-09-30,5590,0.001
276.0,0.4963768115942029,0.5036231884057971,0.49621908312765844,-0.007568792458371558,0.5044373260515675,0.2504463848954298,lstm,18,42.0,dir_1d,2024-07-01,2024-09-30,5590,6.784
276.0,0.5036231884057971,0.5036231884057971,0.5046211206217508,0.009613657599218702,0.4842199233314079,0.2547976787212448,lstm,18,43.0,dir_1d,2024-07-01,2024-09-30,5590,7.437
276.0,0.4927536231884058,0.5036231884057971,0.49288452449719056,-0.014239927164832905,0.4964028776978417,0.25189606599561537,lstm,18,44.0,dir_1d,2024-07-01,2024-09-30,5590,8.176
276.0,0.5,0.5036231884057971,0.4995011290237883,-0.001007308758987785,0.487055610985664,0.25240422376281657,lstm,18,45.0,dir_1d,2024-07-01,2024-09-30,5590,7.574
276.0,0.4782608695652174,0.5036231884057971,0.4783384970855432,-0.04333210873510819,0.4857427926272121,0.25636882933399585,lstm,18,46.0,dir_1d,2024-07-01,2024-09-30,5590,9.265
276.0,0.4927536231884058,0.5036231884057971,0.49293703723152865,-0.014143762246993485,0.5214514519771044,0.24993581954425897,lstm_per_asset,18,42.0,dir_1d,2024-07-01,2024-09-30,5590,7.99
276.0,0.48188405797101447,0.5036231884057971,0.48288084860578695,-0.035614231560742005,0.5003413327731976,0.2506285813841094,lstm_per_asset,18,43.0,dir_1d,2024-07-01,2024-09-30,5590,6.313
276.0,0.48188405797101447,0.5036231884057971,0.4819356193877015,-0.036131607390946556,0.4792837263036287,0.25380910707333165,lstm_per_asset,18,44.0,dir_1d,2024-07-01,2024-09-30,5590,7.643
276.0,0.4855072463768116,0.5036231884057971,0.4857953053615502,-0.028499325836842275,0.49288452449719056,0.2512609267634376,lstm_per_asset,18,45.0,dir_1d,2024-07-01,2024-09-30,5590,6.035
276.0,0.5362318840579711,0.5036231884057971,0.5361025048574279,0.07225055295810054,0.5154650002625637,0.25051682056049707,lstm_per_asset,18,46.0,dir_1d,2024-07-01,2024-09-30,5590,6.337
276.0,0.4963768115942029,0.5036231884057971,0.4943811374258258,-0.013463046884898508,0.500656409179226,0.25025675081215637,cnn,18,42.0,dir_1d,2024-07-01,2024-09-30,5590,10.797
276.0,0.5217391304347826,0.5036231884057971,0.5198235572126241,0.04671769015236744,0.5108438796408129,0.2509443418059414,cnn,18,43.0,dir_1d,2024-07-01,2024-09-30,5590,9.435
276.0,0.4891304347826087,0.5036231884057971,0.4887622748516515,-0.022591415790814955,0.47046158693483164,0.25139129920394254,cnn,18,44.0,dir_1d,2024-07-01,2024-09-30,5590,10.046
276.0,0.4855072463768116,0.5036231884057971,0.48453499973743636,-0.032104647056454605,0.4844299742687601,0.2515585387687965,cnn,18,45.0,dir_1d,2024-07-01,2024-09-30,5590,9.392
276.0,0.5072463768115942,0.5036231884057971,0.504752402457596,0.013103843657478317,0.4793887517723049,0.25113568193342223,cnn,18,46.0,dir_1d,2024-07-01,2024-09-30,5590,10.807
276.0,0.532608695652174,0.5036231884057971,0.5315076406028462,0.06615180416919669,0.5273328782229691,0.24959015928409728,cnn_per_asset,18,42.0,dir_1d,2024-07-01,2024-09-30,5590,14.38
276.0,0.5,0.5036231884057971,0.4996586672268025,-0.0006856969037954762,0.4953001102767421,0.2520013458342927,cnn_per_asset,18,43.0,dir_1d,2024-07-01,2024-09-30,5590,15.481
276.0,0.4855072463768116,0.5036231884057971,0.48453499973743636,-0.032104647056454605,0.49824082339967435,0.25262408526402796,cnn_per_asset,18,44.0,dir_1d,2024-07-01,2024-09-30,5590,14.505
276.0,0.5144927536231884,0.5036231884057971,0.5144672583101402,0.028934516620280418,0.5085858320642755,0.2516784180598118,cnn_per_asset,18,45.0,dir_1d,2024-07-01,2024-09-30,5590,13.221
276.0,0.4782608695652174,0.5036231884057971,0.4791261881006144,-0.04299388992488247,0.5006564091792259,0.25284945708941114,cnn_per_asset,18,46.0,dir_1d,2024-07-01,2024-09-30,5590,11.469
276.0,0.4601449275362319,0.5036231884057971,0.45830488893556687,-0.09676018511456533,0.42587827548180435,0.2717679963961576,dlinear,18,42.0,dir_1d,2024-07-01,2024-09-30,5590,1.928
276.0,0.4528985507246377,0.5036231884057971,0.452265924486688,-0.09694295690989492,0.4160583941605839,0.27704125603364577,dlinear,18,43.0,dir_1d,2024-07-01,2024-09-30,5590,2.038
276.0,0.5217391304347826,0.5036231884057971,0.5208738118993856,0.04299388992488247,0.4984508743370268,0.25713701575123954,dlinear,18,44.0,dir_1d,2024-07-01,2024-09-30,5590,1.982
276.0,0.4927536231884058,0.5036231884057971,0.4916242188730767,-0.017628765845257844,0.45171454077613826,0.26573287126039474,dlinear,18,45.0,dir_1d,2024-07-01,2024-09-30,5590,1.968
276.0,0.4855072463768116,0.5036231884057971,0.4841674105970698,-0.03407682312227095,0.4591713490521452,0.26627908090434577,dlinear,18,46.0,dir_1d,2024-07-01,2024-09-30,5590,1.903
276.0,0.4782608695652174,0.5036231884057971,0.47739326786745784,-0.04656319399411799,0.4506642860893767,0.3045952725846858,dlinear_per_asset,18,42.0,dir_1d,2024-07-01,2024-09-30,5590,2.193
276.0,0.4855072463768116,0.5036231884057971,0.4859003308302263,-0.02836666833229918,0.4466733182796828,0.29724811770539555,dlinear_per_asset,18,43.0,dir_1d,2024-07-01,2024-09-30,5590,2.313
276.0,0.4528985507246377,0.5036231884057971,0.45368376831381607,-0.0948995992561623,0.43433282571023474,0.3095685862950346,dlinear_per_asset,18,44.0,dir_1d,2024-07-01,2024-09-30,5590,2.255
276.0,0.4601449275362319,0.5036231884057971,0.45930263088799034,-0.08367324675412567,0.4523972063225332,0.307468859883855,dlinear_per_asset,18,45.0,dir_1d,2024-07-01,2024-09-30,5590,2.329
276.0,0.463768115942029,0.5036231884057971,0.46337236779919133,-0.07368994846100066,0.4569133014756079,0.29783723209369506,dlinear_per_asset,18,46.0,dir_1d,2024-07-01,2024-09-30,5590,2.301
276.0,0.5507246376811594,0.5507246376811594,0.5,0.0,0.5,0.25,zero,19,,dir_1d,2024-10-01,2024-12-31,5812,0.001
276.0,0.45652173913043476,0.5507246376811594,0.45161290322580644,-0.09664097333209398,0.49957555178268254,0.2941871565969037,persistence,19,,dir_1d,2024-10-01,2024-12-31,5812,0.001
276.0,0.5289855072463768,0.5507246376811594,0.4928904923599321,-0.02009167573400651,0.4745596349745331,0.3257542795329309,historical_mean,19,,dir_1d,2024-10-01,2024-12-31,5812,0.005
276.0,0.5507246376811594,0.5507246376811594,0.5,0.0,0.5,0.2494407473275444,majority_class,19,,dir_1d,2024-10-01,2024-12-31,5812,0.001
276.0,0.5434782608695652,0.5507246376811594,0.5424448217317488,0.08448717225518755,0.5414898132427843,0.24894226528058494,lstm,19,42.0,dir_1d,2024-10-01,2024-12-31,5812,8.408
276.0,0.5434782608695652,0.5507246376811594,0.5335314091680815,0.06813402582547687,0.5410653650254669,0.2475967751490121,lstm,19,43.0,dir_1d,2024-10-01,2024-12-31,5812,7.885
276.0,0.5,0.5507246376811594,0.4799448217317488,-0.04336096127449848,0.4869482173174873,0.2510238226330035,lstm,19,44.0,dir_1d,2024-10-01,2024-12-31,5812,9.304
276.0,0.5434782608695652,0.5507246376811594,0.5149617996604414,0.03608643389400743,0.5430284380305603,0.24669227023903936,lstm,19,45.0,dir_1d,2024-10-01,2024-12-31,5812,8.129
276.0,0.5471014492753623,0.5507246376811594,0.5345925297113753,0.07115465068272883,0.5259974533106961,0.24848753288703457,lstm,19,46.0,dir_1d,2024-10-01,2024-12-31,5812,8.486
276.0,0.532608695652174,0.5507246376811594,0.527376910016978,0.054795991497109106,0.5301358234295417,0.24919052803749375,lstm_per_asset,19,42.0,dir_1d,2024-10-01,2024-12-31,5812,9.916
276.0,0.5181159420289855,0.5507246376811594,0.5015916808149405,0.0033500523580424512,0.5337966893039049,0.24814498905808685,lstm_per_asset,19,43.0,dir_1d,2024-10-01,2024-12-31,5812,8.197
276.0,0.5253623188405797,0.5507246376811594,0.5126273344651953,0.025973630157192427,0.512839558573854,0.25106804231351443,lstm_per_asset,19,44.0,dir_1d,2024-10-01,2024-12-31,5812,8.743
276.0,0.5507246376811594,0.5507246376811594,0.5207979626485568,0.05144913437559614,0.5291808149405772,0.2472416631962326,lstm_per_asset,19,45.0,dir_1d,2024-10-01,2024-12-31,5812,6.839
276.0,0.5398550724637681,0.5507246376811594,0.5309847198641766,0.06268695610448051,0.5234507640067911,0.24912821568892288,lstm_per_asset,19,46.0,dir_1d,2024-10-01,2024-12-31,5812,7.718
276.0,0.5434782608695652,0.5507246376811594,0.5112478777589134,0.029053201641551528,0.5109825976230901,0.24870799497485474,cnn,19,42.0,dir_1d,2024-10-01,2024-12-31,5812,13.205
276.0,0.5434782608695652,0.5507246376811594,0.49713497453310695,-0.013976503334882439,0.48965407470288624,0.2483152753960324,cnn,19,43.0,dir_1d,2024-10-01,2024-12-31,5812,12.907
276.0,0.5181159420289855,0.5507246376811594,0.4956494057724957,-0.00965026658435989,0.5070033955857386,0.24944777224737644,cnn,19,44.0,dir_1d,2024-10-01,2024-12-31,5812,11.78
276.0,0.5471014492753623,0.5507246376811594,0.5056239388794567,0.019493793413692475,0.49787775891341257,0.24850171800947346,cnn,19,45.0,dir_1d,2024-10-01,2024-12-31,5812,13.286
276.0,0.5579710144927537,0.5507246376811594,0.5147495755517827,0.0565987936280695,0.5304541595925297,0.24794347301289948,cnn,19,46.0,dir_1d,2024-10-01,2024-12-31,5812,13.632
276.0,0.5507246376811594,0.5507246376811594,0.5289685908319185,0.06400444047465241,0.49867359932088284,0.2496137270516377,cnn_per_asset,19,42.0,dir_1d,2024-10-01,2024-12-31,5812,13.941
276.0,0.5144927536231884,0.5507246376811594,0.4879032258064516,-0.0282130858881664,0.4767614601018676,0.2532119189477889,cnn_per_asset,19,43.0,dir_1d,2024-10-01,2024-12-31,5812,17.047
276.0,0.532608695652174,0.5507246376811594,0.5162351443123939,0.034170534052033005,0.5004244482173175,0.2503663315759915,cnn_per_asset,19,44.0,dir_1d,2024-10-01,2024-12-31,5812,13.2
276.0,0.5289855072463768,0.5507246376811594,0.5159168081494058,0.03280529170094198,0.4977716468590832,0.25017720628957,cnn_per_asset,19,45.0,dir_1d,2024-10-01,2024-12-31,5812,13.978
276.0,0.5507246376811594,0.5507246376811594,0.5178268251273345,0.04678952047375439,0.5007427843803056,0.2488157461704495,cnn_per_asset,19,46.0,dir_1d,2024-10-01,2024-12-31,5812,11.917
276.0,0.5471014492753623,0.5507246376811594,0.5375636672325976,0.07621266623258113,0.5561332767402377,0.2486977285085014,dlinear,19,42.0,dir_1d,2024-10-01,2024-12-31,5812,2.027
276.0,0.5615942028985508,0.5507246376811594,0.5425509337860781,0.09169498439036432,0.543081494057725,0.24836307994936138,dlinear,19,43.0,dir_1d,2024-10-01,2024-12-31,5812,2.211
276.0,0.5543478260869565,0.5507246376811594,0.532258064516129,0.07155319613769284,0.5470606960950763,0.2500841227744144,dlinear,19,44.0,dir_1d,2024-10-01,2024-12-31,5812,2.071
276.0,0.5615942028985508,0.5507246376811594,0.5685483870967742,0.13743626321732186,0.6032470288624787,0.24339844129218044,dlinear,19,45.0,dir_1d,2024-10-01,2024-12-31,5812,2.216
276.0,0.5652173913043478,0.5507246376811594,0.5480687606112054,0.10201119379362261,0.5619163837011885,0.2456802754844305,dlinear,19,46.0,dir_1d,2024-10-01,2024-12-31,5812,2.126
276.0,0.5507246376811594,0.5507246376811594,0.5386247877758914,0.07929537281306966,0.5607491511035653,0.2551680423724161,dlinear_per_asset,19,42.0,dir_1d,2024-10-01,2024-12-31,5812,3.704
276.0,0.5108695652173914,0.5507246376811594,0.509125636672326,0.01816903940440205,0.5186757215619695,0.2647469114951322,dlinear_per_asset,19,43.0,dir_1d,2024-10-01,2024-12-31,5812,3.862
276.0,0.5108695652173914,0.5507246376811594,0.5150679117147707,0.030076043512780006,0.542391765704584,0.26332049792906786,dlinear_per_asset,19,44.0,dir_1d,2024-10-01,2024-12-31,5812,2.601
276.0,0.5688405797101449,0.5507246376811594,0.5483870967741935,0.10571396990704658,0.5738009337860781,0.2513158801434815,dlinear_per_asset,19,45.0,dir_1d,2024-10-01,2024-12-31,5812,2.445
276.0,0.5615942028985508,0.5507246376811594,0.535123089983022,0.08234883178656906,0.5515704584040747,0.25668729541294333,dlinear_per_asset,19,46.0,dir_1d,2024-10-01,2024-12-31,5812,2.934
270.0,0.4777777777777778,0.4777777777777778,0.5,0.0,0.5,0.25,zero,20,,dir_1d,2025-01-01,2025-03-31,6031,0.001
270.0,0.4666666666666667,0.4777777777777778,0.46561108362196935,-0.06877783275606135,0.4643465830996756,0.3190618120203995,persistence,20,,dir_1d,2025-01-01,2025-03-31,6031,0.002
270.0,0.4777777777777778,0.4777777777777778,0.47492990268843804,-0.05049258778786024,0.4590411787344,0.32732545194744256,historical_mean,20,,dir_1d,2025-01-01,2025-03-31,6031,0.004
270.0,0.4777777777777778,0.4777777777777778,0.5,0.0,0.5,0.250305608119785,majority_class,20,,dir_1d,2025-01-01,2025-03-31,6031,0.001
270.0,0.4925925925925926,0.4777777777777778,0.508246742536698,0.02319118442430321,0.5257023475727088,0.2525723908810844,lstm,20,42.0,dir_1d,2025-01-01,2025-03-31,6031,8.38
270.0,0.5148148148148148,0.4777777777777778,0.5324921655945901,0.10646978238467757,0.49980757600747705,0.25233205442601303,lstm,20,43.0,dir_1d,2025-01-01,2025-03-31,6031,8.142
270.0,0.48148148148148145,0.4777777777777778,0.4982681840672934,-0.005282080249127118,0.504260816977294,0.2542638114931012,lstm,20,44.0,dir_1d,2025-01-01,2025-03-31,6031,8.524
270.0,0.5148148148148148,0.4777777777777778,0.5301830776843147,0.08319665394928982,0.5066798614547253,0.25290911372297253,lstm,20,45.0,dir_1d,2025-01-01,2025-03-31,6031,7.813
270.0,0.5037037037037037,0.4777777777777778,0.5116279069767442,0.024857118615257846,0.541536093243169,0.24965629336594275,lstm,20,46.0,dir_1d,2025-01-01,2025-03-31,6031,9.015
270.0,0.4962962962962963,0.4777777777777778,0.5071746660069273,0.016432873867473996,0.5696299961515201,0.2487968324502853,lstm_per_asset,20,42.0,dir_1d,2025-01-01,2025-03-31,6031,9.941
270.0,0.4777777777777778,0.4777777777777778,0.4901039089559624,-0.023780052918405143,0.512067733245368,0.2519394203818906,lstm_per_asset,20,43.0,dir_1d,2025-01-01,2025-03-31,6031,9.526
270.0,0.4962962962962963,0.4777777777777778,0.5051954477981198,0.011326193609592278,0.5239980207817911,0.2520715178268523,lstm_per_asset,20,44.0,dir_1d,2025-01-01,2025-03-31,6031,10.252
270.0,0.5111111111111111,0.4777777777777778,0.5200395843641761,0.04368674677985593,0.5347187860794986,0.2508639878867114,lstm_per_asset,20,45.0,dir_1d,2025-01-01,2025-03-31,6031,9.433
270.0,0.5444444444444444,0.4777777777777778,0.5493155203694541,0.10088884974378075,0.5434603331683985,0.24848347013888453,lstm_per_asset,20,46.0,dir_1d,2025-01-01,2025-03-31,6031,9.739
270.0,0.4777777777777778,0.4777777777777778,0.5,0.0,0.5189949969761944,0.2545802481506882,cnn,20,42.0,dir_1d,2025-01-01,2025-03-31,6031,14.072
270.0,0.48148148148148145,0.4777777777777778,0.5032162295893122,0.030652449967540265,0.5003023805596789,0.25217691739014175,cnn,20,43.0,dir_1d,2025-01-01,2025-03-31,6031,13.275
270.0,0.4777777777777778,0.4777777777777778,0.5,0.0,0.5391170487657375,0.2521277935691183,cnn,20,44.0,dir_1d,2025-01-01,2025-03-31,6031,12.891
270.0,0.4777777777777778,0.4777777777777778,0.5,0.0,0.5169608004838089,0.2524657086260144,cnn,20,45.0,dir_1d,2025-01-01,2025-03-31,6031,17.007
270.0,0.4777777777777778,0.4777777777777778,0.5,0.0,0.5434053548848204,0.2527814866589976,cnn,20,46.0,dir_1d,2025-01-01,2025-03-31,6031,18.814
270.0,0.4777777777777778,0.4777777777777778,0.5,0.0,0.5138820166034416,0.2538133235427591,cnn_per_asset,20,42.0,dir_1d,2025-01-01,2025-03-31,6031,16.317
270.0,0.4777777777777778,0.4777777777777778,0.49769091208972455,-0.01040377315180225,0.5241629556325251,0.2538621418106306,cnn_per_asset,20,43.0,dir_1d,2025-01-01,2025-03-31,6031,19.443
270.0,0.4777777777777778,0.4777777777777778,0.5,0.0,0.5188300621254605,0.2536311846163264,cnn_per_asset,20,44.0,dir_1d,2025-01-01,2025-03-31,6031,23.766
270.0,0.48148148148148145,0.4777777777777778,0.5018967507834405,0.009585139869777553,0.5183902358568365,0.25411849844207884,cnn_per_asset,20,45.0,dir_1d,2025-01-01,2025-03-31,6031,17.998
270.0,0.48148148148148145,0.4777777777777778,0.5022266204849084,0.012391934209071757,0.5111880807081203,0.2571309400636185,cnn_per_asset,20,46.0,dir_1d,2025-01-01,2025-03-31,6031,15.926
270.0,0.5148148148148148,0.4777777777777778,0.5305129473857826,0.08580738236992187,0.5463741821980318,0.25857362730558947,dlinear,20,42.0,dir_1d,2025-01-01,2025-03-31,6031,2.382
270.0,0.5148148148148148,0.4777777777777778,0.5275441200725713,0.06700101514189893,0.5490681180933531,0.2562280783767481,dlinear,20,43.0,dir_1d,2025-01-01,2025-03-31,6031,2.292
270.0,0.5370370370370371,0.4777777777777778,0.553768761339271,0.1619082501003326,0.553961185331794,0.26038270562653565,dlinear,20,44.0,dir_1d,2025-01-01,2025-03-31,6031,2.439
270.0,0.5296296296296297,0.4777777777777778,0.5417285172356919,0.09911510556272614,0.5389521139150035,0.25774267874125645,dlinear,20,45.0,dir_1d,2025-01-01,2025-03-31,6031,2.338
270.0,0.5185185185185185,0.4777777777777778,0.5304304799604156,0.0718766391550108,0.5460443124965638,0.2551009834933533,dlinear,20,46.0,dir_1d,2025-01-01,2025-03-31,6031,2.38
270.0,0.5037037037037037,0.4777777777777778,0.5116279069767442,0.024857118615257846,0.5119577766782121,0.275654689644388,dlinear_per_asset,20,42.0,dir_1d,2025-01-01,2025-03-31,6031,2.598
270.0,0.5148148148148148,0.4777777777777778,0.5262246412666997,0.06096167787069495,0.512232668096102,0.29316669842113746,dlinear_per_asset,20,43.0,dir_1d,2025-01-01,2025-03-31,6031,2.623
270.0,0.5,0.4777777777777778,0.5107207652977074,0.024439717282985697,0.5470888998845456,0.28819161932642007,dlinear_per_asset,20,44.0,dir_1d,2025-01-01,2025-03-31,6031,2.602
270.0,0.4925925925925926,0.4777777777777778,0.5079168728352301,0.021822073167026838,0.524382868766837,0.2937761417838721,dlinear_per_asset,20,45.0,dir_1d,2025-01-01,2025-03-31,6031,2.747
270.0,0.4962962962962963,0.4777777777777778,0.5068447963054593,0.015532423490794964,0.5152014954093134,0.28412788246342435,dlinear_per_asset,20,46.0,dir_1d,2025-01-01,2025-03-31,6031,2.997
273.0,0.5054945054945055,0.5054945054945055,0.5,0.0,0.5,0.25,zero,21,,dir_1d,2025-04-01,2025-06-30,6247,0.001
273.0,0.47619047619047616,0.5054945054945055,0.4760064412238325,-0.04801031654694722,0.43682232957595274,0.31747388254829323,persistence,21,,dir_1d,2025-04-01,2025-06-30,6247,0.001
273.0,0.47619047619047616,0.5054945054945055,0.47286634460547505,-0.06811233844450615,0.45831991411701556,0.33962254162155264,historical_mean,21,,dir_1d,2025-04-01,2025-06-30,6247,0.004
273.0,0.5054945054945055,0.5054945054945055,0.5,0.0,0.5,0.249972812658064,majority_class,21,,dir_1d,2025-04-01,2025-06-30,6247,0.001
273.0,0.5238095238095238,0.5054945054945055,0.5214170692431561,0.0475908066077948,0.55829307568438,0.24786743665321248,lstm,21,42.0,dir_1d,2025-04-01,2025-06-30,6247,7.104
273.0,0.5531135531135531,0.5054945054945055,0.5502415458937198,0.1179535649239177,0.559098228663446,0.24794724596123835,lstm,21,43.0,dir_1d,2025-04-01,2025-06-30,6247,9.068
273.0,0.5714285714285714,0.5054945054945055,0.5699677938808374,0.1452150244011671,0.572463768115942,0.24699063152907072,lstm,21,44.0,dir_1d,2025-04-01,2025-06-30,6247,9.164
273.0,0.5494505494505495,0.5054945054945055,0.5463768115942029,0.11198810189622671,0.5614063338701021,0.24785463482571282,lstm,21,45.0,dir_1d,2025-04-01,2025-06-30,6247,9.771
273.0,0.5018315018315018,0.5054945054945055,0.5001610305958132,0.0003380438343323649,0.5506709608158884,0.24762374700624834,lstm,21,46.0,dir_1d,2025-04-01,2025-06-30,6247,9.089
273.0,0.5494505494505495,0.5054945054945055,0.547987117552335,0.09959511454901679,0.5794417606011809,0.24552568538399455,lstm_per_asset,21,42.0,dir_1d,2025-04-01,2025-06-30,6247,11.853
273.0,0.5274725274725275,0.5054945054945055,0.5256843800322061,0.054334078918986825,0.547181964573269,0.24769938559066063,lstm_per_asset,21,43.0,dir_1d,2025-04-01,2025-06-30,6247,9.505
273.0,0.5347985347985348,0.5054945054945055,0.53341384863124,0.06906607611275493,0.5609769189479334,0.24649651047380572,lstm_per_asset,21,44.0,dir_1d,2025-04-01,2025-06-30,6247,11.901
273.0,0.5201465201465202,0.5054945054945055,0.5189210950080515,0.03882142933955604,0.5650563607085346,0.246362502228455,lstm_per_asset,21,45.0,dir_1d,2025-04-01,2025-06-30,6247,10.308
273.0,0.5384615384615384,0.5054945054945055,0.5365539452495974,0.07797704357447452,0.5495437466451959,0.24741544969822224,lstm_per_asset,21,46.0,dir_1d,2025-04-01,2025-06-30,6247,10.216
273.0,0.5091575091575091,0.5054945054945055,0.5041867954911433,0.01965892748731962,0.4888352120236178,0.2503762338501403,cnn,21,42.0,dir_1d,2025-04-01,2025-06-30,6247,16.747
273.0,0.5018315018315018,0.5054945054945055,0.49645732689210953,-0.033980126735227,0.5295759527643585,0.25011130550499083,cnn,21,43.0,dir_1d,2025-04-01,2025-06-30,6247,13.79
273.0,0.5091575091575091,0.5054945054945055,0.5049919484702093,0.01531242328745111,0.5154052603327965,0.250006221731252,cnn,21,44.0,dir_1d,2025-04-01,2025-06-30,6247,12.485
273.0,0.5311355311355311,0.5054945054945055,0.5274557165861514,0.07399383313911025,0.5192163177670424,0.25008131935968136,cnn,21,45.0,dir_1d,2025-04-01,2025-06-30,6247,13.488
273.0,0.5054945054945055,0.5054945054945055,0.5043478260869565,0.00889108448948774,0.4731615673644659,0.2509366947979816,cnn,21,46.0,dir_1d,2025-04-01,2025-06-30,6247,11.663
273.0,0.4835164835164835,0.5054945054945055,0.48091787439613526,-0.04330109673540841,0.4818035426731079,0.2521776805960692,cnn_per_asset,21,42.0,dir_1d,2025-04-01,2025-06-30,6247,15.207
273.0,0.5164835164835165,0.5054945054945055,0.5169082125603865,0.03391487198151998,0.5191089640365003,0.24966941014442484,cnn_per_asset,21,43.0,dir_1d,2025-04-01,2025-06-30,6247,15.914
273.0,0.47985347985347987,0.5054945054945055,0.4772946859903382,-0.051296473285506405,0.4877079978529254,0.25172967700713655,cnn_per_asset,21,44.0,dir_1d,2025-04-01,2025-06-30,6247,13.147
273.0,0.5018315018315018,0.5054945054945055,0.501207729468599,0.002431037215003171,0.496886741814278,0.25036778511171504,cnn_per_asset,21,45.0,dir_1d,2025-04-01,2025-06-30,6247,235.997
273.0,0.4908424908424908,0.5054945054945055,0.4881642512077295,-0.02710410824318282,0.49704777241009124,0.2512878007208637,cnn_per_asset,21,46.0,dir_1d,2025-04-01,2025-06-30,6247,16.732
273.0,0.47985347985347987,0.5054945054945055,0.47777777777777775,-0.04798831731002672,0.4890499194847021,0.25674138454615253,dlinear,21,42.0,dir_1d,2025-04-01,2025-06-30,6247,2.924
273.0,0.5128205128205128,0.5054945054945055,0.5107085346215781,0.023200424063925838,0.5192163177670425,0.2554219247467647,dlinear,21,43.0,dir_1d,2025-04-01,2025-06-30,6247,2.539
273.0,0.5018315018315018,0.5054945054945055,0.4995169082125604,-0.001065250304573581,0.5375738056897477,0.253043141130672,dlinear,21,44.0,dir_1d,2025-04-01,2025-06-30,6247,2.954
273.0,0.5164835164835165,0.5054945054945055,0.514170692431562,0.031247342267491707,0.5457326892109501,0.25209960159888467,dlinear,21,45.0,dir_1d,2025-04-01,2025-06-30,6247,2.66
273.0,0.5311355311355311,0.5054945054945055,0.52914653784219,0.0625471174234887,0.5326892109500805,0.25008172629334696,dlinear,21,46.0,dir_1d,2025-04-01,2025-06-30,6247,2.783
273.0,0.5164835164835165,0.5054945054945055,0.5148148148148148,0.031100032758577575,0.5375201288244766,0.26688846784619835,dlinear_per_asset,21,42.0,dir_1d,2025-04-01,2025-06-30,6247,2.938
273.0,0.5091575091575091,0.5054945054945055,0.5084541062801933,0.017047876290802486,0.49629629629629635,0.27521855649747934,dlinear_per_asset,21,43.0,dir_1d,2025-04-01,2025-06-30,6247,2.722
273.0,0.5274725274725275,0.5054945054945055,0.5266505636070853,0.053909338180027196,0.5438003220611916,0.263011281475382,dlinear_per_asset,21,44.0,dir_1d,2025-04-01,2025-06-30,6247,3.025
273.0,0.5201465201465202,0.5054945054945055,0.5173913043478261,0.04021028872774152,0.5281803542673108,0.2717305826466776,dlinear_per_asset,21,45.0,dir_1d,2025-04-01,2025-06-30,6247,2.678
273.0,0.5164835164835165,0.5054945054945055,0.514975845410628,0.03114838614964196,0.5556092324208266,0.2603282750091907,dlinear_per_asset,21,46.0,dir_1d,2025-04-01,2025-06-30,6247,2.89
276.0,0.5471014492753623,0.5471014492753623,0.5,0.0,0.5,0.25,zero,22,,dir_1d,2025-07-01,2025-09-30,6466,0.001
276.0,0.4384057971014493,0.5471014492753623,0.43441059602649007,-0.13093969279851714,0.4340662251655629,0.30730354651950126,persistence,22,,dir_1d,2025-07-01,2025-09-30,6466,0.001
276.0,0.5471014492753623,0.5471014492753623,0.5103311258278146,0.03304402529683392,0.5125562913907284,0.32754826181443697,historical_mean,22,,dir_1d,2025-07-01,2025-09-30,6466,0.004
276.0,0.5471014492753623,0.5471014492753623,0.5,0.0,0.5,0.24944287912381707,majority_class,22,,dir_1d,2025-07-01,2025-09-30,6466,0.001
276.0,0.5108695652173914,0.5471014492753623,0.5033907284768212,0.0068387622159137495,0.551364238410596,0.2474485509813184,lstm,22,42.0,dir_1d,2025-07-01,2025-09-30,6466,8.902
276.0,0.4963768115942029,0.5471014492753623,0.49841059602649007,-0.0031676672796209036,0.49939072847682114,0.2541282622664435,lstm,22,43.0,dir_1d,2025-07-01,2025-09-30,6466,11.166
276.0,0.5362318840579711,0.5471014492753623,0.5341456953642384,0.06807533516754473,0.526887417218543,0.24928779760075193,lstm,22,44.0,dir_1d,2025-07-01,2025-09-30,6466,15.121
276.0,0.5217391304347826,0.5471014492753623,0.5091920529801324,0.018997930011876996,0.5334569536423841,0.2475199188733831,lstm,22,45.0,dir_1d,2025-07-01,2025-09-30,6466,20.112
276.0,0.5181159420289855,0.5471014492753623,0.5107019867549669,0.02158484324397777,0.5409271523178808,0.24787742119064857,lstm,22,46.0,dir_1d,2025-07-01,2025-09-30,6466,18.199
276.0,0.5507246376811594,0.5471014492753623,0.5473907284768211,0.0946611695080598,0.5873907284768212,0.24676389666720658,lstm_per_asset,22,42.0,dir_1d,2025-07-01,2025-09-30,6466,21.627
276.0,0.4963768115942029,0.5471014492753623,0.48945695364238406,-0.021216319397789226,0.5175099337748345,0.2510460560487015,lstm_per_asset,22,43.0,dir_1d,2025-07-01,2025-09-30,6466,20.691
276.0,0.5108695652173914,0.5471014492753623,0.5054569536423841,0.010939147152439719,0.5282649006622516,0.24936933536398956,lstm_per_asset,22,44.0,dir_1d,2025-07-01,2025-09-30,6466,22.728
276.0,0.5253623188405797,0.5471014492753623,0.5407417218543046,0.08558807026016033,0.5652980132450331,0.2488062306775411,lstm_per_asset,22,45.0,dir_1d,2025-07-01,2025-09-30,6466,26.13
276.0,0.5652173913043478,0.5471014492753623,0.5599470198675497,0.12027698680468198,0.5572980132450331,0.24792994978405997,lstm_per_asset,22,46.0,dir_1d,2025-07-01,2025-09-30,6466,21.549
276.0,0.5471014492753623,0.5471014492753623,0.5,0.0,0.45584105960264903,0.25043756720111965,cnn,22,42.0,dir_1d,2025-07-01,2025-09-30,6466,27.891
276.0,0.5217391304347826,0.5471014492753623,0.501615894039735,0.0035590959482542993,0.5075496688741722,0.24915005992657893,cnn,22,43.0,dir_1d,2025-07-01,2025-09-30,6466,29.91
276.0,0.5471014492753623,0.5471014492753623,0.5,0.0,0.46580132450331124,0.24847896112807105,cnn,22,44.0,dir_1d,2025-07-01,2025-09-30,6466,29.268
276.0,0.5181159420289855,0.5471014492753623,0.47488741721854305,-0.12259486245770448,0.49335099337748345,0.24896167259748145,cnn,22,45.0,dir_1d,2025-07-01,2025-09-30,6466,36.43
276.0,0.5253623188405797,0.5471014492753623,0.5056158940397351,0.012323082375677558,0.527523178807947,0.24841151248819862,cnn,22,46.0,dir_1d,2025-07-01,2025-09-30,6466,27.038
276.0,0.5108695652173914,0.5471014492753623,0.4717086092715232,-0.09995899506191251,0.5009271523178809,0.2493352904359453,cnn_per_asset,22,42.0,dir_1d,2025-07-01,2025-09-30,6466,29.392
276.0,0.4855072463768116,0.5471014492753623,0.4905430463576159,-0.018942027589361834,0.47708609271523184,0.2519737554964884,cnn_per_asset,22,43.0,dir_1d,2025-07-01,2025-09-30,6466,34.75
276.0,0.5181159420289855,0.5471014492753623,0.5148344370860927,0.029614793201603228,0.527841059602649,0.2487502479913237,cnn_per_asset,22,44.0,dir_1d,2025-07-01,2025-09-30,6466,33.047
276.0,0.5181159420289855,0.5471014492753623,0.49279470198675496,-0.016996813396204315,0.5282119205298013,0.24826670109178012,cnn_per_asset,22,45.0,dir_1d,2025-07-01,2025-09-30,6466,39.474
276.0,0.5253623188405797,0.5471014492753623,0.5104370860927152,0.02192568249837657,0.5117350993377483,0.24889016206172065,cnn_per_asset,22,46.0,dir_1d,2025-07-01,2025-09-30,6466,39.541
276.0,0.5507246376811594,0.5471014492753623,0.5391258278145695,0.0805369820349172,0.5393907284768211,0.2491299196886931,dlinear,22,42.0,dir_1d,2025-07-01,2025-09-30,6466,7.477
276.0,0.5108695652173914,0.5471014492753623,0.5150993377483444,0.030178696218619055,0.5053245033112583,0.257252574983146,dlinear,22,43.0,dir_1d,2025-07-01,2025-09-30,6466,8.338
276.0,0.4891304347826087,0.5471014492753623,0.501430463576159,0.002950363792495186,0.5429933774834437,0.25510563665304553,dlinear,22,44.0,dir_1d,2025-07-01,2025-09-30,6466,7.879
276.0,0.5036231884057971,0.5471014492753623,0.49332450331125827,-0.013617285470172054,0.5318675496688742,0.2502225380486006,dlinear,22,45.0,dir_1d,2025-07-01,2025-09-30,6466,7.333
276.0,0.48188405797101447,0.5471014492753623,0.48516556291390733,-0.029614793201603228,0.5091920529801324,0.25347631157461303,dlinear,22,46.0,dir_1d,2025-07-01,2025-09-30,6466,8.055
276.0,0.5797101449275363,0.5471014492753623,0.5711258278145696,0.14441002673340672,0.5867019867549669,0.2453477276136069,dlinear_per_asset,22,42.0,dir_1d,2025-07-01,2025-09-30,6466,9.801
276.0,0.532608695652174,0.5471014492753623,0.5322119205298013,0.0641440862337639,0.5335629139072848,0.26085037279526113,dlinear_per_asset,22,43.0,dir_1d,2025-07-01,2025-09-30,6466,9.007
276.0,0.5398550724637681,0.5471014492753623,0.5333245033112582,0.06706062764426846,0.5414569536423841,0.2555404663418441,dlinear_per_asset,22,44.0,dir_1d,2025-07-01,2025-09-30,6466,9.082
276.0,0.5253623188405797,0.5471014492753623,0.5193907284768212,0.038941679554439244,0.5459602649006622,0.2556192489556749,dlinear_per_asset,22,45.0,dir_1d,2025-07-01,2025-09-30,6466,8.957
276.0,0.5181159420289855,0.5471014492753623,0.5120794701986755,0.024258751197847397,0.5300132450331125,0.25704835430916023,dlinear_per_asset,22,46.0,dir_1d,2025-07-01,2025-09-30,6466,14.176
276.0,0.4601449275362319,0.4601449275362319,0.5,0.0,0.5,0.25,zero,23,,dir_1d,2025-10-01,2025-12-31,6688,0.001
276.0,0.5362318840579711,0.4601449275362319,0.5332663953918512,0.06653279078370238,0.5521851714844368,0.2749758573339006,persistence,23,,dir_1d,2025-10-01,2025-12-31,6688,0.003
276.0,0.5398550724637681,0.4601449275362319,0.510463457168525,0.030970150797955957,0.4448818897637795,0.32276086283906485,historical_mean,23,,dir_1d,2025-10-01,2025-12-31,6688,0.014
276.0,0.4601449275362319,0.4601449275362319,0.5,0.0,0.5,0.2507810082237568,majority_class,23,,dir_1d,2025-10-01,2025-12-31,6688,0.002
276.0,0.5253623188405797,0.4601449275362319,0.531918828938329,0.06445890945673415,0.5474290545896529,0.24905300308065942,lstm,23,42.0,dir_1d,2025-10-01,2025-12-31,6688,24.646
276.0,0.5652173913043478,0.4601449275362319,0.5851080695449982,0.19408395128111514,0.6188236537546901,0.24654810730487395,lstm,23,43.0,dir_1d,2025-10-01,2025-12-31,6688,36.785
276.0,0.5434782608695652,0.4601449275362319,0.5632299318289912,0.14419214387324078,0.5800877239338372,0.24917785269336595,lstm,23,44.0,dir_1d,2025-10-01,2025-12-31,6688,38.808
276.0,0.5289855072463768,0.4601449275362319,0.539924959044549,0.08262086897709633,0.5332663953918512,0.2506742493041386,lstm,23,45.0,dir_1d,2025-10-01,2025-12-31,6688,16.59
276.0,0.5144927536231884,0.4601449275362319,0.5090630449717275,0.01824214143001112,0.5379168208000845,0.2485397596128101,lstm,23,46.0,dir_1d,2025-10-01,2025-12-31,6688,16.607
276.0,0.5289855072463768,0.4601449275362319,0.5346932304602865,0.06983070465773937,0.5486973524282619,0.24855133759977133,lstm_per_asset,23,42.0,dir_1d,2025-10-01,2025-12-31,6688,21.884
276.0,0.5471014492753623,0.4601449275362319,0.5677482428790361,0.1567245033740435,0.6194578026739946,0.24577527891408504,lstm_per_asset,23,43.0,dir_1d,2025-10-01,2025-12-31,6688,20.144
276.0,0.5072463768115942,0.4601449275362319,0.5279289753210379,0.06493359504325409,0.5441526185065793,0.2507335495053265,lstm_per_asset,23,44.0,dir_1d,2025-10-01,2025-12-31,6688,20.078
276.0,0.5253623188405797,0.4601449275362319,0.5371505575225916,0.0773868709833395,0.53099402843101,0.2510041272436371,lstm_per_asset,23,45.0,dir_1d,2025-10-01,2025-12-31,6688,21.947
276.0,0.5398550724637681,0.4601449275362319,0.544179041378217,0.08853370555170452,0.5513924853353063,0.2478014355988746,lstm_per_asset,23,46.0,dir_1d,2025-10-01,2025-12-31,6688,21.368
276.0,0.463768115942029,0.4601449275362319,0.5033557046979866,0.055672712208817206,0.4936320879353169,0.25376067963772786,cnn,23,42.0,dir_1d,2025-10-01,2025-12-31,6688,29.53
276.0,0.463768115942029,0.4601449275362319,0.49289224752946154,-0.020794930480335243,0.47804259366908,0.25257320102353376,cnn,23,43.0,dir_1d,2025-10-01,2025-12-31,6688,31.284
276.0,0.4782608695652174,0.4601449275362319,0.5010833377371453,0.00263410443342784,0.4850182317814301,0.2539344442860316,cnn,23,44.0,dir_1d,2025-10-01,2025-12-31,6688,33.779
276.0,0.4673913043478261,0.4601449275362319,0.5032235903397981,0.0146436780635049,0.529197273159647,0.25104298476823655,cnn,23,45.0,dir_1d,2025-10-01,2025-12-31,6688,33.284
276.0,0.4963768115942029,0.4601449275362319,0.48240236748929877,-0.03741980393665833,0.5204248797759341,0.2494058375230606,cnn,23,46.0,dir_1d,2025-10-01,2025-12-31,6688,37.285
276.0,0.4891304347826087,0.4601449275362319,0.5128943613591925,0.031960934817829356,0.5149289224752946,0.25288114622810376,cnn_per_asset,23,42.0,dir_1d,2025-10-01,2025-12-31,6688,35.27
276.0,0.47101449275362317,0.4601449275362319,0.5059979918617555,0.024868896780534056,0.49194102415050467,0.254493421069402,cnn_per_asset,23,43.0,dir_1d,2025-10-01,2025-12-31,6688,36.14
276.0,0.4528985507246377,0.4601449275362319,0.4729429794430059,-0.06259200134751192,0.4743962373830788,0.25272743948117476,cnn_per_asset,23,44.0,dir_1d,2025-10-01,2025-12-31,6688,204.494
276.0,0.4746376811594203,0.4601449275362319,0.49365851080695455,-0.01439577052203374,0.4674205992707287,0.2542181679178489,cnn_per_asset,23,45.0,dir_1d,2025-10-01,2025-12-31,6688,34.873
276.0,0.4891304347826087,0.4601449275362319,0.4913861438461132,-0.01720182405773549,0.49368493367859223,0.2532538746632427,cnn_per_asset,23,46.0,dir_1d,2025-10-01,2025-12-31,6688,17.568
276.0,0.4927536231884058,0.4601449275362319,0.498810970776304,-0.002398424357495183,0.5277175923479364,0.2537383748907356,dlinear,23,42.0,dir_1d,2025-10-01,2025-12-31,6688,7.252
276.0,0.4782608695652174,0.4601449275362319,0.4807377265761243,-0.038483894119868724,0.512603709771178,0.2563152160425299,dlinear,23,43.0,dir_1d,2025-10-01,2025-12-31,6688,8.261
276.0,0.4673913043478261,0.4601449275362319,0.47939016012260216,-0.04313479505558486,0.4812661840088781,0.26768064210998793,dlinear,23,44.0,dir_1d,2025-10-01,2025-12-31,6688,7.452
276.0,0.4782608695652174,0.4601449275362319,0.4941076996247952,-0.012808319950334717,0.5313639486339375,0.2559951883547038,dlinear,23,45.0,dir_1d,2025-10-01,2025-12-31,6688,7.36
276.0,0.4963768115942029,0.4601449275362319,0.4887967024256197,-0.022742590236468286,0.49801828462717335,0.25800968459491636,dlinear,23,46.0,dir_1d,2025-10-01,2025-12-31,6688,7.93
276.0,0.5144927536231884,0.4601449275362319,0.5160386830840776,0.03199630715066635,0.5386566612059398,0.265631207593648,dlinear_per_asset,23,42.0,dir_1d,2025-10-01,2025-12-31,6688,9.201
276.0,0.5181159420289855,0.4601449275362319,0.5199756909580934,0.039861954507036654,0.5305712624848069,0.26650001347091024,dlinear_per_asset,23,43.0,dir_1d,2025-10-01,2025-12-31,6688,9.443
276.0,0.5615942028985508,0.4601449275362319,0.5596628441579031,0.11914637644897773,0.5692543465623844,0.25438830004030955,dlinear_per_asset,23,44.0,dir_1d,2025-10-01,2025-12-31,6688,8.996
276.0,0.48188405797101447,0.4601449275362319,0.4858373408021984,-0.02838161852614451,0.5345875389737357,0.26612266540664326,dlinear_per_asset,23,45.0,dir_1d,2025-10-01,2025-12-31,6688,9.244
276.0,0.5144927536231884,0.4601449275362319,0.517201289436136,0.034366275818977415,0.52893304444327,0.2661957971614032,dlinear_per_asset,23,46.0,dir_1d,2025-10-01,2025-12-31,6688,9.014
270.0,0.4444444444444444,0.4444444444444444,0.5,0.0,0.5,0.25,zero,24,,dir_1d,2026-01-01,2026-03-31,6907,0.001
270.0,0.562962962962963,0.4444444444444444,0.5583333333333333,0.11648560754710462,0.5536111111111112,0.2791900807748103,persistence,24,,dir_1d,2026-01-01,2026-03-31,6907,0.003
270.0,0.5370370370370371,0.4444444444444444,0.5066666666666667,0.01584298199322099,0.4568333333333333,0.3524130800622972,historical_mean,24,,dir_1d,2026-01-01,2026-03-31,6907,0.013
270.0,0.4444444444444444,0.4444444444444444,0.5,0.0,0.5,0.25112479953615413,majority_class,24,,dir_1d,2026-01-01,2026-03-31,6907,0.002
270.0,0.48148148148148145,0.4444444444444444,0.48333333333333334,-0.033149677206589796,0.5005,0.2508819916262874,lstm,24,42.0,dir_1d,2026-01-01,2026-03-31,6907,17.558
270.0,0.42962962962962964,0.4444444444444444,0.4575,-0.09828067413836206,0.4565,0.25744170743267714,lstm,24,43.0,dir_1d,2026-01-01,2026-03-31,6907,17.913
270.0,0.4111111111111111,0.4444444444444444,0.4308333333333333,-0.14800206246145958,0.4212222222222222,0.25700003758401474,lstm,24,44.0,dir_1d,2026-01-01,2026-03-31,6907,18.228
270.0,0.43703703703703706,0.4444444444444444,0.46416666666666667,-0.08203955890540324,0.46505555555555544,0.2552598093653841,lstm,24,45.0,dir_1d,2026-01-01,2026-03-31,6907,18.308
270.0,0.4777777777777778,0.4444444444444444,0.47250000000000003,-0.054876666096181144,0.47177777777777774,0.25152398509320245,lstm,24,46.0,dir_1d,2026-01-01,2026-03-31,6907,16.702
270.0,0.45925925925925926,0.4444444444444444,0.48,-0.04293387907410918,0.48383333333333334,0.25306208800944496,lstm_per_asset,24,42.0,dir_1d,2026-01-01,2026-03-31,6907,19.551
270.0,0.42962962962962964,0.4444444444444444,0.46499999999999997,-0.09097816785925636,0.4546666666666666,0.25670344797335043,lstm_per_asset,24,43.0,dir_1d,2026-01-01,2026-03-31,6907,19.32
270.0,0.4074074074074074,0.4444444444444444,0.42333333333333334,-0.1599383343449492,0.42527777777777775,0.2585500448601973,lstm_per_asset,24,44.0,dir_1d,2026-01-01,2026-03-31,6907,20.641
270.0,0.45555555555555555,0.4444444444444444,0.4741666666666667,-0.054615058760080645,0.4729999999999999,0.25521454217514145,lstm_per_asset,24,45.0,dir_1d,2026-01-01,2026-03-31,6907,22.017
270.0,0.45185185185185184,0.4444444444444444,0.4683333333333334,-0.0660614859250877,0.46099999999999997,0.2551150809756627,lstm_per_asset,24,46.0,dir_1d,2026-01-01,2026-03-31,6907,21.844
270.0,0.4703703703703704,0.4444444444444444,0.4716666666666667,-0.05634052262393508,0.4995555555555556,0.2501387160164207,cnn,24,42.0,dir_1d,2026-01-01,2026-03-31,6907,31.891
270.0,0.5037037037037037,0.4444444444444444,0.49,-0.020498001542269693,0.5203333333333333,0.24872346497246633,cnn,24,43.0,dir_1d,2026-01-01,2026-03-31,6907,31.846
270.0,0.5407407407407407,0.4444444444444444,0.5066666666666667,0.016801384491125452,0.5091111111111111,0.24934474999157,cnn,24,44.0,dir_1d,2026-01-01,2026-03-31,6907,29.753
270.0,0.4925925925925926,0.4444444444444444,0.5333333333333333,0.09633102268753532,0.5411666666666667,0.2525548071293678,cnn,24,45.0,dir_1d,2026-01-01,2026-03-31,6907,36.675
270.0,0.4740740740740741,0.4444444444444444,0.48250000000000004,-0.035211909100617104,0.47877777777777775,0.25154392686003796,cnn,24,46.0,dir_1d,2026-01-01,2026-03-31,6907,30.066
270.0,0.42592592592592593,0.4444444444444444,0.4741666666666667,-0.10569683300297542,0.4798333333333334,0.2530222718417736,cnn_per_asset,24,42.0,dir_1d,2026-01-01,2026-03-31,6907,28.56
270.0,0.45555555555555555,0.4444444444444444,0.47250000000000003,-0.05751363733971048,0.47411111111111104,0.25271998293593606,cnn_per_asset,24,43.0,dir_1d,2026-01-01,2026-03-31,6907,16.128
270.0,0.4444444444444444,0.4444444444444444,0.4891666666666667,-0.036496126001464235,0.5208333333333334,0.2518681509038171,cnn_per_asset,24,44.0,dir_1d,2026-01-01,2026-03-31,6907,17.099
270.0,0.45925925925925926,0.4444444444444444,0.4841666666666667,-0.03527724876175247,0.5152222222222222,0.25092238274130907,cnn_per_asset,24,45.0,dir_1d,2026-01-01,2026-03-31,6907,17.882
270.0,0.4740740740740741,0.4444444444444444,0.5008333333333334,0.0018898223650461363,0.4753888888888889,0.2540625670957572,cnn_per_asset,24,46.0,dir_1d,2026-01-01,2026-03-31,6907,21.267
270.0,0.5148148148148148,0.4444444444444444,0.5316666666666667,0.06590035768383312,0.5469444444444445,0.2514188671242453,dlinear,24,42.0,dir_1d,2026-01-01,2026-03-31,6907,3.638
270.0,0.5074074074074074,0.4444444444444444,0.5025,0.004988787826925558,0.5042222222222222,0.2529162565461639,dlinear,24,43.0,dir_1d,2026-01-01,2026-03-31,6907,5.108
270.0,0.4666666666666667,0.4444444444444444,0.49083333333333334,-0.02025676203222976,0.4885555555555556,0.2612407428631102,dlinear,24,44.0,dir_1d,2026-01-01,2026-03-31,6907,3.605
270.0,0.5148148148148148,0.4444444444444444,0.53,0.0618688224889746,0.5142222222222222,0.254133160421995,dlinear,24,45.0,dir_1d,2026-01-01,2026-03-31,6907,2.797
270.0,0.4666666666666667,0.4444444444444444,0.4816666666666667,-0.03789050745624666,0.48549999999999993,0.25894876340091433,dlinear,24,46.0,dir_1d,2026-01-01,2026-03-31,6907,6.235
270.0,0.48518518518518516,0.4444444444444444,0.5058333333333334,0.012482101653376109,0.5640000000000001,0.26419344006602574,dlinear_per_asset,24,42.0,dir_1d,2026-01-01,2026-03-31,6907,3.312
270.0,0.5259259259259259,0.4444444444444444,0.5408333333333334,0.08403430671982932,0.5573888888888889,0.2650330437020742,dlinear_per_asset,24,43.0,dir_1d,2026-01-01,2026-03-31,6907,3.367
270.0,0.5333333333333333,0.4444444444444444,0.5475,0.09736550732578104,0.551,0.26724086357058646,dlinear_per_asset,24,44.0,dir_1d,2026-01-01,2026-03-31,6907,3.527
270.0,0.5481481481481482,0.4444444444444444,0.5608333333333333,0.12380352366244636,0.5584444444444444,0.26188682762175364,dlinear_per_asset,24,45.0,dir_1d,2026-01-01,2026-03-31,6907,4.526
270.0,0.4888888888888889,0.4444444444444444,0.4866666666666667,-0.02651974176527184,0.5376666666666667,0.25890195224634893,dlinear_per_asset,24,46.0,dir_1d,2026-01-01,2026-03-31,6907,4.257
273.0,0.47619047619047616,0.47619047619047616,0.5,0.0,0.5,0.25,zero,25,,dir_1d,2026-04-01,2026-06-30,7123,0.001
273.0,0.4835164835164835,0.47619047619047616,0.4821678321678322,-0.03567777253607645,0.48703604088219477,0.28270417301896006,persistence,25,,dir_1d,2026-04-01,2026-06-30,7123,0.001
273.0,0.5238095238095238,0.47619047619047616,0.5286713286713287,0.05847663006323946,0.5212479827864442,0.29153637017602696,historical_mean,25,,dir_1d,2026-04-01,2026-06-30,7123,0.004
273.0,0.47619047619047616,0.47619047619047616,0.5,0.0,0.5,0.2504948181983633,majority_class,25,,dir_1d,2026-04-01,2026-06-30,7123,0.001
273.0,0.5421245421245421,0.47619047619047616,0.5541958041958042,0.12517107114785778,0.5322754168908015,0.2503407651501983,lstm,25,42.0,dir_1d,2026-04-01,2026-06-30,7123,9.296
273.0,0.5018315018315018,0.47619047619047616,0.5034965034965035,0.007002052602470773,0.5114577729962345,0.2504907738595193,lstm,25,43.0,dir_1d,2026-04-01,2026-06-30,7123,11.093
273.0,0.48717948717948717,0.47619047619047616,0.4881118881118881,-0.023768553614044657,0.4816030123722431,0.2517311817455588,lstm,25,44.0,dir_1d,2026-04-01,2026-06-30,7123,10.867
273.0,0.4981684981684982,0.47619047619047616,0.5003496503496503,0.0007014547825922154,0.49768692845615925,0.25124276965970044,lstm,25,45.0,dir_1d,2026-04-01,2026-06-30,7123,10.07
273.0,0.5274725274725275,0.47619047619047616,0.5216783216783216,0.04467373604801158,0.5403442711135019,0.2487632049829436,lstm,25,46.0,dir_1d,2026-04-01,2026-06-30,7123,10.017
273.0,0.5091575091575091,0.47619047619047616,0.5213286713286713,0.049506529312006484,0.5404518558364713,0.24973859198268844,lstm_per_asset,25,42.0,dir_1d,2026-04-01,2026-06-30,7123,13.593
273.0,0.4945054945054945,0.47619047619047616,0.49685314685314685,-0.00631753972713992,0.5167832167832168,0.249394796465007,lstm_per_asset,25,43.0,dir_1d,2026-04-01,2026-06-30,7123,21.132
273.0,0.46153846153846156,0.47619047619047616,0.4608391608391609,-0.07825855808712295,0.47305002689618075,0.2512638990128587,lstm_per_asset,25,44.0,dir_1d,2026-04-01,2026-06-30,7123,19.749
273.0,0.5677655677655677,0.47619047619047616,0.5622377622377622,0.1280158186319272,0.5737493275954815,0.2470968435522965,lstm_per_asset,25,45.0,dir_1d,2026-04-01,2026-06-30,7123,20.244
273.0,0.5311355311355311,0.47619047619047616,0.5398601398601399,0.08544613251242429,0.5637977407208177,0.24835212451736463,lstm_per_asset,25,46.0,dir_1d,2026-04-01,2026-06-30,7123,20.634
273.0,0.5274725274725275,0.47619047619047616,0.5055944055944056,0.028416896915075037,0.5554599246906939,0.24800111947654743,cnn,25,42.0,dir_1d,2026-04-01,2026-06-30,7123,45.046
273.0,0.5128205128205128,0.47619047619047616,0.5073426573426574,0.01507556722888818,0.5060785368477676,0.2501982929692736,cnn,25,43.0,dir_1d,2026-04-01,2026-06-30,7123,38.28
273.0,0.5274725274725275,0.47619047619047616,0.5353146853146853,0.07462628632646402,0.5275954814416354,0.2497418960356899,cnn,25,44.0,dir_1d,2026-04-01,2026-06-30,7123,65.522
273.0,0.5201465201465202,0.47619047619047616,0.5160839160839161,0.03261837159835048,0.5207638515330822,0.24974184309305678,cnn,25,45.0,dir_1d,2026-04-01,2026-06-30,7123,31.919
273.0,0.5384615384615384,0.47619047619047616,0.5255244755244755,0.06085404413655369,0.5288864981172674,0.24918712934540782,cnn,25,46.0,dir_1d,2026-04-01,2026-06-30,7123,36.219
273.0,0.4908424908424908,0.47619047619047616,0.48636363636363633,-0.02772996157499626,0.48230231307154386,0.2505904973454912,cnn_per_asset,25,42.0,dir_1d,2026-04-01,2026-06-30,7123,33.364
273.0,0.46153846153846156,0.47619047619047616,0.4583916083916084,-0.08381404052084443,0.463582571274879,0.2529907735789986,cnn_per_asset,25,43.0,dir_1d,2026-04-01,2026-06-30,7123,37.223
273.0,0.47619047619047616,0.47619047619047616,0.4818181818181818,-0.03739787960033828,0.4958041958041959,0.25101780584468064,cnn_per_asset,25,44.0,dir_1d,2026-04-01,2026-06-30,7123,33.319
273.0,0.4908424908424908,0.47619047619047616,0.5,0.0,0.4919311457772997,0.25037132624390845,cnn_per_asset,25,45.0,dir_1d,2026-04-01,2026-06-30,7123,34.609
273.0,0.5018315018315018,0.47619047619047616,0.49650349650349657,-0.0071662588186142935,0.48665949435180206,0.2503983591605896,cnn_per_asset,25,46.0,dir_1d,2026-04-01,2026-06-30,7123,37.758
273.0,0.5421245421245421,0.47619047619047616,0.5423076923076923,0.0845199613872772,0.5325443786982248,0.25405288668135206,dlinear,25,42.0,dir_1d,2026-04-01,2026-06-30,7123,12.721
273.0,0.4981684981684982,0.47619047619047616,0.4947552447552448,-0.01058619004929193,0.535771920387305,0.2513636937825044,dlinear,25,43.0,dir_1d,2026-04-01,2026-06-30,7123,8.138
273.0,0.5494505494505495,0.47619047619047616,0.5559440559440559,0.11598466928972542,0.535933297471759,0.2525961215159793,dlinear,25,44.0,dir_1d,2026-04-01,2026-06-30,7123,7.725
273.0,0.5274725274725275,0.47619047619047616,0.5276223776223776,0.05518245412888346,0.5227541689080151,0.25350033647103964,dlinear,25,45.0,dir_1d,2026-04-01,2026-06-30,7123,10.73
273.0,0.5274725274725275,0.47619047619047616,0.5276223776223776,0.05518245412888346,0.522431414739107,0.2516323259502028,dlinear,25,46.0,dir_1d,2026-04-01,2026-06-30,7123,8.702
273.0,0.4542124542124542,0.47619047619047616,0.4552447552447553,-0.08951048951048951,0.46143087681549216,0.26741544740274914,dlinear_per_asset,25,42.0,dir_1d,2026-04-01,2026-06-30,7123,10.339
273.0,0.5201465201465202,0.47619047619047616,0.5160839160839161,0.03261837159835048,0.5137170521785906,0.2624805620607904,dlinear_per_asset,25,43.0,dir_1d,2026-04-01,2026-06-30,7123,10.041
273.0,0.5018315018315018,0.47619047619047616,0.5052447552447552,0.01058619004929193,0.4888111888111888,0.2691520672354792,dlinear_per_asset,25,44.0,dir_1d,2026-04-01,2026-06-30,7123,9.865
273.0,0.45787545787545786,0.47619047619047616,0.45594405594405596,-0.08827348295047495,0.4548682087143625,0.27469111073061975,dlinear_per_asset,25,45.0,dir_1d,2026-04-01,2026-06-30,7123,9.386
273.0,0.5128205128205128,0.47619047619047616,0.5160839160839161,0.03243057406678009,0.5033889187735342,0.268192426556363,dlinear_per_asset,25,46.0,dir_1d,2026-04-01,2026-06-30,7123,10.422
90.0,0.5777777777777777,0.5777777777777777,0.5,0.0,0.5,0.25,zero,26,,dir_1d,2026-07-01,2026-07-30,7342,0.002
90.0,0.5222222222222223,0.5777777777777777,0.5050607287449393,0.010254657473306556,0.46305668016194335,0.27666201997432177,persistence,26,,dir_1d,2026-07-01,2026-07-30,7342,0.004
90.0,0.5777777777777777,0.5777777777777777,0.5,0.0,0.3157894736842105,0.3778548776444548,historical_mean,26,,dir_1d,2026-07-01,2026-07-30,7342,0.011
90.0,0.5777777777777777,0.5777777777777777,0.5,0.0,0.5,0.24881453877894352,majority_class,26,,dir_1d,2026-07-01,2026-07-30,7342,0.002
90.0,0.4777777777777778,0.5777777777777777,0.5161943319838057,0.03667627196602517,0.5779352226720648,0.25039484061469997,lstm,26,42.0,dir_1d,2026-07-01,2026-07-30,7342,18.31
90.0,0.4777777777777778,0.5777777777777777,0.5339068825910931,0.09527836358714979,0.5946356275303644,0.25323339594179695,lstm,26,43.0,dir_1d,2026-07-01,2026-07-30,7342,20.87
90.0,0.5,0.5777777777777777,0.5673076923076923,0.248256198199346,0.6310728744939271,0.25087866325273495,lstm,26,44.0,dir_1d,2026-07-01,2026-07-30,7342,18.098
90.0,0.4444444444444444,0.5777777777777777,0.5086032388663968,0.029863006392274544,0.6305668016194332,0.2527508380527135,lstm,26,45.0,dir_1d,2026-07-01,2026-07-30,7342,20.233
90.0,0.43333333333333335,0.5777777777777777,0.4777327935222672,-0.05389931268708427,0.5819838056680162,0.2514375241115185,lstm,26,46.0,dir_1d,2026-07-01,2026-07-30,7342,20.899
90.0,0.45555555555555555,0.5777777777777777,0.4827935222672065,-0.03637068881524483,0.492914979757085,0.25394921961233097,lstm_per_asset,26,42.0,dir_1d,2026-07-01,2026-07-30,7342,22.001
90.0,0.5333333333333333,0.5777777777777777,0.5678137651821862,0.14779667470507343,0.5172064777327935,0.2527212877062463,lstm_per_asset,26,43.0,dir_1d,2026-07-01,2026-07-30,7342,21.22
90.0,0.4888888888888889,0.5777777777777777,0.5541497975708503,0.18796127552784567,0.625,0.2518452017110543,lstm_per_asset,26,44.0,dir_1d,2026-07-01,2026-07-30,7342,20.473
90.0,0.45555555555555555,0.5777777777777777,0.5146761133603239,0.044261347875572565,0.6417004048582996,0.25201104868664664,lstm_per_asset,26,45.0,dir_1d,2026-07-01,2026-07-30,7342,21.958
90.0,0.5777777777777777,0.5777777777777777,0.5708502024291497,0.14084763640246842,0.5921052631578947,0.24634475769165756,lstm_per_asset,26,46.0,dir_1d,2026-07-01,2026-07-30,7342,21.473
90.0,0.4222222222222222,0.5777777777777777,0.5,0.0,0.5182186234817814,0.25322771086779994,cnn,26,42.0,dir_1d,2026-07-01,2026-07-30,7342,34.693
90.0,0.4111111111111111,0.5777777777777777,0.4868421052631579,-0.12399805419964717,0.506578947368421,0.2553280148186759,cnn,26,43.0,dir_1d,2026-07-01,2026-07-30,7342,38.17
90.0,0.4111111111111111,0.5777777777777777,0.4868421052631579,-0.12399805419964717,0.645748987854251,0.27327950988301103,cnn,26,44.0,dir_1d,2026-07-01,2026-07-30,7342,45.677
90.0,0.4222222222222222,0.5777777777777777,0.5,0.0,0.5531376518218624,0.2582642770301342,cnn,26,45.0,dir_1d,2026-07-01,2026-07-30,7342,25.048
90.0,0.4222222222222222,0.5777777777777777,0.5,0.0,0.5506072874493928,0.26074147983035234,cnn,26,46.0,dir_1d,2026-07-01,2026-07-30,7342,28.042
90.0,0.45555555555555555,0.5777777777777777,0.5288461538461539,0.15874173676775255,0.5217611336032388,0.25366485100998026,cnn_per_asset,26,42.0,dir_1d,2026-07-01,2026-07-30,7342,23.509
90.0,0.43333333333333335,0.5777777777777777,0.48127530364372473,-0.04725549958170109,0.5344129554655871,0.2539681980916586,cnn_per_asset,26,43.0,dir_1d,2026-07-01,2026-07-30,7342,28.363
90.0,0.45555555555555555,0.5777777777777777,0.5040485829959515,0.010217405314962399,0.5526315789473685,0.25231397517954507,cnn_per_asset,26,44.0,dir_1d,2026-07-01,2026-07-30,7342,28.07
90.0,0.43333333333333335,0.5777777777777777,0.4919028340080972,-0.0244200540003159,0.4934210526315789,0.253406464781801,cnn_per_asset,26,45.0,dir_1d,2026-07-01,2026-07-30,7342,23.491
90.0,0.43333333333333335,0.5777777777777777,0.4989878542510121,-0.00373317591277212,0.5334008097165992,0.25455372421531075,cnn_per_asset,26,46.0,dir_1d,2026-07-01,2026-07-30,7342,24.115
90.0,0.5444444444444444,0.5777777777777777,0.5951417004048583,0.24010902490161634,0.6811740890688259,0.2484919294577457,dlinear,26,42.0,dir_1d,2026-07-01,2026-07-30,7342,5.617
90.0,0.5222222222222223,0.5777777777777777,0.5688259109311741,0.16659787557826047,0.6118421052631579,0.25457892383790126,dlinear,26,43.0,dir_1d,2026-07-01,2026-07-30,7342,7.674
90.0,0.6111111111111112,0.5777777777777777,0.6280364372469636,0.2570503797957707,0.6634615384615384,0.24017012519789455,dlinear,26,44.0,dir_1d,2026-07-01,2026-07-30,7342,5.071
90.0,0.5222222222222223,0.5777777777777777,0.5688259109311741,0.16659787557826047,0.6158906882591093,0.2525073702151049,dlinear,26,45.0,dir_1d,2026-07-01,2026-07-30,7342,5.221
90.0,0.5333333333333333,0.5777777777777777,0.5855263157894737,0.22097715554258712,0.6002024291497975,0.2546858871518039,dlinear,26,46.0,dir_1d,2026-07-01,2026-07-30,7342,9.02
90.0,0.5777777777777777,0.5777777777777777,0.6204453441295547,0.27685201312859,0.5748987854251012,0.2574791165947896,dlinear_per_asset,26,42.0,dir_1d,2026-07-01,2026-07-30,7342,5.835
90.0,0.5333333333333333,0.5777777777777777,0.5855263157894737,0.22097715554258712,0.5668016194331984,0.27378618045038233,dlinear_per_asset,26,43.0,dir_1d,2026-07-01,2026-07-30,7342,5.528
90.0,0.5555555555555556,0.5777777777777777,0.6082995951417004,0.27981722654505115,0.5804655870445344,0.27933136282751364,dlinear_per_asset,26,44.0,dir_1d,2026-07-01,2026-07-30,7342,6.109
90.0,0.5333333333333333,0.5777777777777777,0.5890688259109311,0.24276069903033898,0.5779352226720649,0.2786308139131486,dlinear_per_asset,26,45.0,dir_1d,2026-07-01,2026-07-30,7342,6.867
90.0,0.5444444444444444,0.5777777777777777,0.5845141700404858,0.19140429432269387,0.6300607287449392,0.24996213712850301,dlinear_per_asset,26,46.0,dir_1d,2026-07-01,2026-07-30,7342,6.128
