feature,gain,model,fold
px_ret_1,0.060013051938378865,ridge,0
rng_close_position,0.04867397750636806,ridge,0
cal_dow_cos,0.04757331918541142,ridge,0
px_ret_skew_63,0.04349971031269846,ridge,0
cal_is_weekend,0.036355410419702826,ridge,0
cal_moy_sin,0.03146204136172184,ridge,0
aux_splycur_chg_7,0.030766184933690443,ridge,0
xa_market_ret_lag1,0.026247389259070608,ridge,0
xa_ref_ret_lag2,0.022276794674416872,ridge,0
px_ret_skew_21,0.02218422283082668,ridge,0
cal_dom_cos,0.02174723000393599,ridge,0
xa_rel_strength_30,0.020931777073765718,ridge,0
xa_ref_ret_lag1,0.020095654787597242,ridge,0
px_ret_2,0.018126821098652452,ridge,0
xa_rank_ret_lag1,0.016798479454285514,ridge,0
px_ret_kurt_63,0.016650917334270925,ridge,0
rng_garman_klass_5,0.015742115114093593,ridge,0
px_ret_std_63,0.015566227311534243,ridge,0
aux_adractcnt_z63,0.015049054761255962,ridge,0
aux_fng_z_63,0.014205917963225864,ridge,0
vol_zscore_21,0.013273889391747744,ridge,0
vol_log1p_quote_volume,0.012760291508613653,ridge,0
vol_taker_buy_ratio_mean_7,0.011639441437393113,ridge,0
px_ret_std_5,0.01110581849104258,ridge,0
px_ret_mean_10,0.011007407483969228,ridge,0
px_ret_10,0.011007407483969214,ridge,0
aux_txcnt_z63,0.01092715171868793,ridge,0
xa_corr_ref_30,0.01084074362202064,ridge,0
px_cumret_7,0.010607124574154341,ridge,0
xa_corr_ref_90,0.010521879771477106,ridge,0
rng_atr_14_norm,0.010463348366825817,ridge,0
vol_log1p_volume,0.010180275457666893,ridge,0
px_dist_max_21,0.009907385371866207,ridge,0
xa_ref_ret_mean_5,0.009720595528319866,ridge,0
aux_fng_chg_7,0.009546646249030084,ridge,0
xa_excess_ret_lag1,0.009450376631779016,ridge,0
px_ret_std_10,0.009410554575562157,ridge,0
vol_taker_buy_ratio_dev,0.009373969756864506,ridge,0
vol_taker_buy_ratio,0.009373969756864484,ridge,0
aux_splycur_z63,0.00921571818364346,ridge,0
rng_cc_parkinson_ratio_21,0.008796008101407883,ridge,0
px_dist_max_63,0.008628677047609645,ridge,0
rng_parkinson_5,0.00845338781152776,ridge,0
px_cumret_30,0.008349307717382737,ridge,0
tech_stoch_k_14,0.008041143161275051,ridge,0
vol_qv_median_ratio_63,0.007793394169769548,ridge,0
tech_obv_zscore_21,0.006095909446382485,ridge,0
vol_trades_zscore_21,0.006087688176825893,ridge,0
aux_adractcnt_chg_7,0.005728281305528648,ridge,0
px_ret_3,0.005566670214774067,ridge,0
aux_fng,0.005167366875266225,ridge,0
xa_market_ret_mean_5,0.004713192414554142,ridge,0
xa_rel_strength_7,0.004643741756519356,ridge,0
aux_txcnt_chg_7,0.004634030445292664,ridge,0
xa_market_dispersion,0.004599568140652563,ridge,0
cal_dom_sin,0.004118561375217502,ridge,0
xa_ref_vol_21,0.0039247560865420745,ridge,0
tech_stoch_d_14,0.0036382551208223625,ridge,0
rng_tr_norm,0.0034918496664857316,ridge,0
px_ret_mean_21,0.003438855477793692,ridge,0
px_ret_21,0.003438855477793685,ridge,0
px_cumret_90,0.0031427187792741657,ridge,0
cal_moy_cos,0.003066416329405912,ridge,0
tech_macd_signal_norm,0.0029043326799354945,ridge,0
cal_dow_sin,0.0028843849067108304,ridge,0
vol_ret_corr_21,0.00277681470326424,ridge,0
tech_macd_line_norm,0.0026628981557562464,ridge,0
px_ret_mean_5,0.0025456371541489557,ridge,0
px_ret_5,0.0025456371541489513,ridge,0
px_ret_std_21,0.0020623852880419145,ridge,0
tech_rsi_14,0.002041702656460745,ridge,0
px_dist_min_63,0.001969595549785649,ridge,0
px_dist_min_21,0.0013400675862276703,ridge,0
px_ret_mean_63,0.0011055895872211727,ridge,0
rng_garman_klass_21,0.000742701290818138,ridge,0
rng_intraday,0.0005621219247565757,ridge,0
px_ret_kurt_21,0.0005598722557370819,ridge,0
tech_macd_hist_norm,0.0004898840792814674,ridge,0
rng_parkinson_21,0.00036965062049214254,ridge,0
tech_bb_pos_20,0.0003603619885484824,ridge,0
px_ret_1,563.569301366806,lightgbm,0
cal_dow_cos,528.557460308075,lightgbm,0
xa_ref_ret_lag1,500.20860040187836,lightgbm,0
cal_dom_cos,477.00890243053436,lightgbm,0
xa_market_ret_lag1,437.54391169548035,lightgbm,0
rng_close_position,435.6492359638214,lightgbm,0
cal_dom_sin,294.8240113258362,lightgbm,0
px_ret_skew_63,293.5253598690033,lightgbm,0
xa_ref_ret_mean_5,272.81233990192413,lightgbm,0
xa_ref_ret_lag2,267.3860981464386,lightgbm,0
px_ret_skew_21,134.72301238775253,lightgbm,0
xa_market_dispersion,129.138920545578,lightgbm,0
px_ret_std_5,114.47929096221924,lightgbm,0
vol_trades_zscore_21,113.19334006309509,lightgbm,0
rng_cc_parkinson_ratio_21,109.24273133277893,lightgbm,0
rng_atr_14_norm,107.5421804189682,lightgbm,0
aux_fng_chg_7,107.30603218078613,lightgbm,0
vol_taker_buy_ratio_mean_7,106.7153902053833,lightgbm,0
cal_dow_sin,104.90379905700684,lightgbm,0
tech_macd_signal_norm,96.46566289663315,lightgbm,0
vol_log1p_volume,94.73253965377808,lightgbm,0
vol_log1p_quote_volume,92.36146068572998,lightgbm,0
px_dist_min_21,90.15104635059834,lightgbm,0
vol_taker_buy_ratio,88.95646047592163,lightgbm,0
px_ret_mean_63,84.67298936843872,lightgbm,0
tech_obv_zscore_21,82.64481997489929,lightgbm,0
px_ret_21,82.09067010879517,lightgbm,0
aux_splycur_z63,80.04355931282043,lightgbm,0
tech_stoch_d_14,78.16643047332764,lightgbm,0
aux_adractcnt_z63,76.66847795248032,lightgbm,0
xa_excess_ret_lag1,74.7507688999176,lightgbm,0
rng_garman_klass_5,74.4970703125,lightgbm,0
px_ret_2,74.26181983947754,lightgbm,0
vol_zscore_21,70.19477033615112,lightgbm,0
aux_fng,69.61904633045197,lightgbm,0
px_dist_min_63,68.76624965667725,lightgbm,0
aux_splycur_chg_7,63.97810935974121,lightgbm,0
xa_rel_strength_30,61.62792921066284,lightgbm,0
px_dist_max_63,61.57684946060181,lightgbm,0
tech_macd_line_norm,57.357810497283936,lightgbm,0
px_ret_5,56.543399810791016,lightgbm,0
px_ret_std_63,55.86321020126343,lightgbm,0
xa_market_ret_mean_5,55.02019906044006,lightgbm,0
px_ret_3,52.37621021270752,lightgbm,0
rng_tr_norm,49.193700551986694,lightgbm,0
aux_txcnt_chg_7,45.71382087469101,lightgbm,0
px_ret_10,44.17831993103027,lightgbm,0
xa_ref_vol_21,43.04888033866882,lightgbm,0
tech_stoch_k_14,42.57884967327118,lightgbm,0
rng_parkinson_5,41.425870418548584,lightgbm,0
px_ret_std_10,40.86686038970947,lightgbm,0
aux_adractcnt_chg_7,40.86551022529602,lightgbm,0
aux_fng_z_63,39.86441993713379,lightgbm,0
vol_qv_median_ratio_63,39.1949999332428,lightgbm,0
cal_is_weekend,38.66675090789795,lightgbm,0
xa_corr_ref_90,38.234859228134155,lightgbm,0
tech_macd_hist_norm,36.061431646347046,lightgbm,0
px_dist_max_21,35.38346666097641,lightgbm,0
px_cumret_7,33.16170954704285,lightgbm,0
rng_intraday,31.11506986618042,lightgbm,0
cal_moy_sin,30.600069999694824,lightgbm,0
vol_ret_corr_21,30.254380702972412,lightgbm,0
px_ret_std_21,30.044260263442993,lightgbm,0
xa_corr_ref_30,27.018309593200684,lightgbm,0
px_cumret_90,23.78590965270996,lightgbm,0
xa_rel_strength_7,23.506660223007202,lightgbm,0
vol_taker_buy_ratio_dev,22.184940338134766,lightgbm,0
cal_moy_cos,21.5450496673584,lightgbm,0
px_ret_kurt_21,20.125679969787598,lightgbm,0
aux_txcnt_z63,19.34775948524475,lightgbm,0
tech_bb_pos_20,17.01152992248535,lightgbm,0
px_ret_mean_21,16.818190097808838,lightgbm,0
px_ret_kurt_63,15.093609809875488,lightgbm,0
tech_rsi_14,13.958640098571777,lightgbm,0
rng_garman_klass_21,9.161700248718262,lightgbm,0
px_ret_mean_5,8.32660984992981,lightgbm,0
px_cumret_30,7.2886199951171875,lightgbm,0
rng_parkinson_21,6.505820155143738,lightgbm,0
px_ret_mean_10,1.4409899711608887,lightgbm,0
xa_rank_ret_lag1,0.0,lightgbm,0
px_ret_1,525.8695020675659,lightgbm,0
xa_ref_ret_lag1,512.1268515586853,lightgbm,0
cal_dow_cos,391.59902238845825,lightgbm,0
cal_dom_cos,360.57632970809937,lightgbm,0
xa_market_ret_lag1,301.049768447876,lightgbm,0
rng_close_position,198.69227170944214,lightgbm,0
cal_dom_sin,190.2476704120636,lightgbm,0
xa_ref_ret_lag2,179.19913840293884,lightgbm,0
px_ret_skew_63,160.57747888565063,lightgbm,0
xa_ref_ret_mean_5,126.46375036239624,lightgbm,0
px_cumret_90,106.65513944625854,lightgbm,0
px_ret_skew_21,104.40897917747498,lightgbm,0
aux_fng,94.71701073646545,lightgbm,0
vol_taker_buy_ratio_dev,92.63434344530106,lightgbm,0
xa_market_dispersion,81.72364068031311,lightgbm,0
vol_trades_zscore_21,81.03487841784954,lightgbm,0
px_ret_std_5,80.72750091552734,lightgbm,0
rng_cc_parkinson_ratio_21,73.25882053375244,lightgbm,0
xa_ref_vol_21,72.84981897473335,lightgbm,0
vol_taker_buy_ratio,68.17884922027588,lightgbm,0
px_dist_max_63,61.36974048614502,lightgbm,0
aux_splycur_chg_7,59.3939094543457,lightgbm,0
cal_moy_sin,57.93652963638306,lightgbm,0
xa_excess_ret_lag1,51.61296033859253,lightgbm,0
px_dist_min_21,50.413790225982666,lightgbm,0
tech_macd_signal_norm,47.45125961303711,lightgbm,0
cal_dow_sin,47.09327030181885,lightgbm,0
px_dist_min_63,46.38598108291626,lightgbm,0
rng_garman_klass_5,45.71728050708771,lightgbm,0
xa_market_ret_mean_5,45.697030544281006,lightgbm,0
tech_obv_zscore_21,44.36841058731079,lightgbm,0
rng_atr_14_norm,42.48495960235596,lightgbm,0
vol_zscore_21,42.21606147289276,lightgbm,0
vol_taker_buy_ratio_mean_7,40.7966206073761,lightgbm,0
xa_corr_ref_30,39.67019009590149,lightgbm,0
aux_txcnt_chg_7,39.281909704208374,lightgbm,0
tech_stoch_d_14,39.183340311050415,lightgbm,0
tech_macd_line_norm,37.92077922821045,lightgbm,0
px_cumret_30,37.24963974952698,lightgbm,0
vol_ret_corr_21,34.34400010108948,lightgbm,0
px_ret_5,32.75351059436798,lightgbm,0
aux_splycur_z63,32.07456064224243,lightgbm,0
px_dist_max_21,32.022770166397095,lightgbm,0
aux_adractcnt_z63,31.33442974090576,lightgbm,0
px_ret_std_21,28.96585988998413,lightgbm,0
px_ret_10,28.664289474487305,lightgbm,0
px_ret_std_10,28.227320194244385,lightgbm,0
px_ret_kurt_63,27.561310291290283,lightgbm,0
px_ret_3,27.407670259475708,lightgbm,0
aux_fng_chg_7,25.49315047264099,lightgbm,0
px_ret_2,24.886300086975098,lightgbm,0
rng_parkinson_5,24.792359828948975,lightgbm,0
aux_txcnt_z63,22.672450065612793,lightgbm,0
vol_log1p_volume,22.30909037590027,lightgbm,0
xa_rel_strength_30,21.924399852752686,lightgbm,0
px_ret_21,20.28819990158081,lightgbm,0
px_ret_mean_10,20.149099349975586,lightgbm,0
tech_stoch_k_14,20.02226972579956,lightgbm,0
px_ret_kurt_21,19.989239931106567,lightgbm,0
aux_fng_z_63,19.013229846954346,lightgbm,0
px_ret_std_63,17.899089813232422,lightgbm,0
rng_tr_norm,17.52171039581299,lightgbm,0
aux_adractcnt_chg_7,14.863629698753357,lightgbm,0
vol_log1p_quote_volume,13.667900562286377,lightgbm,0
tech_macd_hist_norm,13.47959853336215,lightgbm,0
rng_parkinson_21,11.480509757995605,lightgbm,0
px_ret_mean_5,10.45730972290039,lightgbm,0
xa_rel_strength_7,8.937819957733154,lightgbm,0
vol_qv_median_ratio_63,8.456559896469116,lightgbm,0
px_ret_mean_63,7.70879203081131,lightgbm,0
cal_moy_cos,7.473999977111816,lightgbm,0
tech_bb_pos_20,6.992330074310303,lightgbm,0
px_ret_mean_21,6.932919979095459,lightgbm,0
tech_rsi_14,6.550041854381561,lightgbm,0
rng_intraday,3.216219902038574,lightgbm,0
px_cumret_7,2.544379949569702,lightgbm,0
xa_corr_ref_90,0.3449229896068573,lightgbm,0
rng_garman_klass_21,0.0,lightgbm,0
xa_rank_ret_lag1,0.0,lightgbm,0
cal_is_weekend,0.0,lightgbm,0
px_ret_1,601.5263657569885,lightgbm,0
xa_ref_ret_lag1,595.6709285974503,lightgbm,0
cal_dow_cos,528.5050793886185,lightgbm,0
xa_market_ret_lag1,497.3936607837677,lightgbm,0
xa_ref_ret_lag2,416.2674523591995,lightgbm,0
cal_dom_cos,406.66483092308044,lightgbm,0
rng_close_position,399.43814837932587,lightgbm,0
cal_dom_sin,354.6845592260361,lightgbm,0
px_ret_skew_63,322.6677317619324,lightgbm,0
xa_ref_ret_mean_5,256.181649684906,lightgbm,0
xa_market_dispersion,166.7602516412735,lightgbm,0
xa_market_ret_mean_5,154.5912184715271,lightgbm,0
vol_trades_zscore_21,147.23797023296356,lightgbm,0
vol_taker_buy_ratio_mean_7,128.59943997859955,lightgbm,0
aux_fng,128.47719013690948,lightgbm,0
rng_cc_parkinson_ratio_21,121.93274879455566,lightgbm,0
px_ret_std_5,107.461550116539,lightgbm,0
vol_zscore_21,103.19095051288605,lightgbm,0
vol_log1p_volume,100.40333032608032,lightgbm,0
rng_garman_klass_5,99.19310927391052,lightgbm,0
aux_fng_chg_7,98.41415023803711,lightgbm,0
rng_atr_14_norm,97.45042991638184,lightgbm,0
px_dist_min_63,97.28551006317139,lightgbm,0
tech_macd_line_norm,94.55402064323425,lightgbm,0
aux_txcnt_chg_7,84.09272885322571,lightgbm,0
tech_obv_zscore_21,83.0187611579895,lightgbm,0
vol_log1p_quote_volume,81.95694994926453,lightgbm,0
aux_splycur_chg_7,81.83734941482544,lightgbm,0
cal_dow_sin,81.6409912109375,lightgbm,0
aux_adractcnt_z63,78.96152436733246,lightgbm,0
xa_excess_ret_lag1,78.43721973896027,lightgbm,0
px_dist_max_21,77.12510061264038,lightgbm,0
px_ret_kurt_21,74.05619060993195,lightgbm,0
vol_taker_buy_ratio,73.71534037590027,lightgbm,0
px_ret_skew_21,73.58654057979584,lightgbm,0
px_ret_2,73.49979019165039,lightgbm,0
aux_splycur_z63,73.22385883331299,lightgbm,0
cal_moy_sin,69.90214037895203,lightgbm,0
xa_rel_strength_30,67.81070947647095,lightgbm,0
px_dist_min_21,64.0488121509552,lightgbm,0
xa_corr_ref_30,60.654589891433716,lightgbm,0
px_ret_21,59.426469802856445,lightgbm,0
aux_fng_z_63,56.646191120147705,lightgbm,0
px_ret_std_63,56.402961015701294,lightgbm,0
px_ret_10,55.094640493392944,lightgbm,0
tech_stoch_d_14,47.06951069831848,lightgbm,0
px_cumret_90,44.10326814651489,lightgbm,0
tech_macd_signal_norm,43.430339336395264,lightgbm,0
px_ret_mean_63,38.950361013412476,lightgbm,0
tech_rsi_14,36.661478996276855,lightgbm,0
aux_txcnt_z63,35.216049179434776,lightgbm,0
vol_ret_corr_21,35.127949714660645,lightgbm,0
rng_parkinson_5,34.676900148391724,lightgbm,0
rng_intraday,34.32946038246155,lightgbm,0
px_ret_mean_21,34.016979694366455,lightgbm,0
aux_adractcnt_chg_7,33.252129554748535,lightgbm,0
rng_tr_norm,31.92104285955429,lightgbm,0
px_cumret_30,31.652260303497314,lightgbm,0
vol_taker_buy_ratio_dev,30.659919261932373,lightgbm,0
px_dist_max_63,29.63035011291504,lightgbm,0
px_ret_3,27.835659742355347,lightgbm,0
tech_macd_hist_norm,27.360220432281494,lightgbm,0
px_ret_mean_10,24.785680294036865,lightgbm,0
vol_qv_median_ratio_63,24.16735029220581,lightgbm,0
px_ret_std_10,23.979570388793945,lightgbm,0
px_ret_kurt_63,22.965570151805878,lightgbm,0
rng_parkinson_21,22.761410236358643,lightgbm,0
rng_garman_klass_21,22.71558904647827,lightgbm,0
tech_stoch_k_14,22.270540237426758,lightgbm,0
xa_ref_vol_21,20.603710174560547,lightgbm,0
px_ret_std_21,20.382349967956543,lightgbm,0
xa_rel_strength_7,20.12367057800293,lightgbm,0
px_ret_5,18.72052001953125,lightgbm,0
px_cumret_7,14.625150203704834,lightgbm,0
cal_is_weekend,7.698659896850586,lightgbm,0
cal_moy_cos,3.653330087661743,lightgbm,0
xa_corr_ref_90,2.9405200481414795,lightgbm,0
px_ret_mean_5,0.0,lightgbm,0
tech_bb_pos_20,0.0,lightgbm,0
xa_rank_ret_lag1,0.0,lightgbm,0
px_ret_1,637.6894475221634,lightgbm,0
cal_dow_cos,502.2350684404373,lightgbm,0
xa_market_ret_lag1,499.5288596153259,lightgbm,0
xa_ref_ret_lag1,475.9053885936737,lightgbm,0
cal_dom_cos,463.287810087204,lightgbm,0
xa_ref_ret_lag2,332.1158010959625,lightgbm,0
rng_close_position,309.22534334659576,lightgbm,0
xa_ref_ret_mean_5,294.89703941345215,lightgbm,0
px_ret_skew_63,284.7855808734894,lightgbm,0
cal_dom_sin,230.69318866729736,lightgbm,0
px_ret_std_5,127.87597894668579,lightgbm,0
xa_ref_vol_21,124.2592898607254,lightgbm,0
px_ret_skew_21,123.54242098331451,lightgbm,0
aux_fng,112.26642966270447,lightgbm,0
xa_market_ret_mean_5,109.02270030975342,lightgbm,0
cal_dow_sin,108.0328306555748,lightgbm,0
aux_fng_chg_7,103.39897012710571,lightgbm,0
rng_garman_klass_5,100.24749040603638,lightgbm,0
tech_macd_line_norm,97.59122586250305,lightgbm,0
px_ret_21,96.73347902297974,lightgbm,0
tech_stoch_d_14,96.310720205307,lightgbm,0
aux_adractcnt_z63,95.98328065872192,lightgbm,0
vol_trades_zscore_21,92.47390961647034,lightgbm,0
xa_market_dispersion,89.87918043136597,lightgbm,0
px_dist_min_21,89.63312005996704,lightgbm,0
vol_log1p_volume,88.0339093208313,lightgbm,0
aux_splycur_z63,84.87758946418762,lightgbm,0
tech_macd_signal_norm,82.78860831260681,lightgbm,0
rng_atr_14_norm,82.48149061203003,lightgbm,0
rng_parkinson_5,71.87030535936356,lightgbm,0
px_cumret_90,70.66797995567322,lightgbm,0
rng_cc_parkinson_ratio_21,70.43290489912033,lightgbm,0
aux_txcnt_chg_7,70.28354319930077,lightgbm,0
xa_rel_strength_30,65.51381015777588,lightgbm,0
px_ret_3,64.6679995059967,lightgbm,0
px_ret_mean_21,64.31150913238525,lightgbm,0
tech_stoch_k_14,62.25961661338806,lightgbm,0
px_ret_std_21,61.581239461898804,lightgbm,0
tech_obv_zscore_21,60.34274995326996,lightgbm,0
aux_splycur_chg_7,58.47505068778992,lightgbm,0
vol_log1p_quote_volume,58.00956964492798,lightgbm,0
px_ret_std_63,56.55504035949707,lightgbm,0
px_cumret_30,55.561609983444214,lightgbm,0
xa_excess_ret_lag1,53.63697028160095,lightgbm,0
aux_adractcnt_chg_7,53.43241989612579,lightgbm,0
vol_taker_buy_ratio_mean_7,53.25482940673828,lightgbm,0
px_dist_max_63,50.3752703666687,lightgbm,0
vol_qv_median_ratio_63,50.18655061721802,lightgbm,0
vol_zscore_21,44.83345937728882,lightgbm,0
px_ret_5,44.69835329055786,lightgbm,0
vol_taker_buy_ratio,39.55282974243164,lightgbm,0
px_ret_kurt_63,38.29813003540039,lightgbm,0
vol_taker_buy_ratio_dev,37.02637004852295,lightgbm,0
vol_ret_corr_21,34.100029945373535,lightgbm,0
aux_fng_z_63,33.2044997215271,lightgbm,0
cal_moy_cos,33.06241011619568,lightgbm,0
px_ret_10,32.04255032539368,lightgbm,0
rng_intraday,31.545979738235474,lightgbm,0
aux_txcnt_z63,30.984749794006348,lightgbm,0
px_ret_std_10,29.95147967338562,lightgbm,0
px_ret_kurt_21,29.328270435333252,lightgbm,0
px_dist_max_21,28.8682804107666,lightgbm,0
xa_corr_ref_30,25.87443971633911,lightgbm,0
tech_rsi_14,24.918020486831665,lightgbm,0
rng_tr_norm,24.049919724464417,lightgbm,0
cal_moy_sin,22.45984983444214,lightgbm,0
xa_rel_strength_7,21.04910945892334,lightgbm,0
tech_bb_pos_20,20.72257971763611,lightgbm,0
tech_macd_hist_norm,20.632359981536865,lightgbm,0
cal_is_weekend,19.166510581970215,lightgbm,0
px_ret_2,16.722309589385986,lightgbm,0
px_dist_min_63,15.92048978805542,lightgbm,0
px_ret_mean_63,14.328577876091003,lightgbm,0
px_cumret_7,14.185230016708374,lightgbm,0
rng_parkinson_21,12.85886001586914,lightgbm,0
xa_corr_ref_90,12.81181001663208,lightgbm,0
px_ret_mean_10,12.548309803009033,lightgbm,0
rng_garman_klass_21,5.780819773674011,lightgbm,0
px_ret_mean_5,5.504439830780029,lightgbm,0
xa_rank_ret_lag1,0.0,lightgbm,0
xa_ref_ret_lag1,640.9066073894501,lightgbm,0
px_ret_1,596.46928358078,lightgbm,0
xa_market_ret_lag1,553.2311992645264,lightgbm,0
cal_dom_cos,471.53147315979004,lightgbm,0
cal_dow_cos,462.19206166267395,lightgbm,0
xa_ref_ret_lag2,406.40683901309967,lightgbm,0
rng_close_position,362.9386128485203,lightgbm,0
px_ret_skew_63,316.1663680076599,lightgbm,0
cal_dom_sin,308.1041920185089,lightgbm,0
xa_ref_ret_mean_5,260.8126276731491,lightgbm,0
aux_fng,200.36358952522278,lightgbm,0
aux_adractcnt_z63,173.30585050582886,lightgbm,0
xa_ref_vol_21,137.00229024887085,lightgbm,0
vol_trades_zscore_21,133.5602285861969,lightgbm,0
px_ret_std_5,127.08357000350952,lightgbm,0
rng_cc_parkinson_ratio_21,117.39769995212555,lightgbm,0
vol_taker_buy_ratio_mean_7,108.3628693819046,lightgbm,0
xa_market_dispersion,107.6247193813324,lightgbm,0
px_cumret_90,102.94884955883026,lightgbm,0
rng_atr_14_norm,100.3107795715332,lightgbm,0
xa_excess_ret_lag1,95.94326972961426,lightgbm,0
aux_txcnt_chg_7,94.61896514892578,lightgbm,0
aux_splycur_chg_7,93.24888014793396,lightgbm,0
vol_zscore_21,91.93129110336304,lightgbm,0
vol_log1p_volume,90.41219961643219,lightgbm,0
px_dist_min_63,86.23589038848877,lightgbm,0
rng_garman_klass_5,79.61297303438187,lightgbm,0
aux_fng_chg_7,77.68146061897278,lightgbm,0
tech_macd_line_norm,75.95418930053711,lightgbm,0
px_dist_min_21,75.88245543837547,lightgbm,0
px_ret_skew_21,73.46752166748047,lightgbm,0
vol_taker_buy_ratio,73.44064950942993,lightgbm,0
px_ret_std_63,70.33044004440308,lightgbm,0
px_dist_max_63,68.9080901145935,lightgbm,0
px_ret_mean_63,68.2900595664978,lightgbm,0
xa_market_ret_mean_5,67.91246938705444,lightgbm,0
vol_log1p_quote_volume,66.75896000862122,lightgbm,0
cal_dow_sin,65.37620043754578,lightgbm,0
px_dist_max_21,59.79748058319092,lightgbm,0
aux_splycur_z63,58.44086050987244,lightgbm,0
cal_moy_cos,55.82116079330444,lightgbm,0
rng_tr_norm,55.18944025039673,lightgbm,0
xa_rel_strength_30,53.03262901306152,lightgbm,0
aux_adractcnt_chg_7,53.00723958015442,lightgbm,0
aux_fng_z_63,51.915520429611206,lightgbm,0
px_ret_21,51.8968300819397,lightgbm,0
xa_corr_ref_30,51.05491042137146,lightgbm,0
aux_txcnt_z63,50.90647006034851,lightgbm,0
px_ret_3,50.57486009597778,lightgbm,0
rng_parkinson_5,50.5675892829895,lightgbm,0
px_ret_kurt_21,47.53109002113342,lightgbm,0
tech_macd_signal_norm,47.39830946922302,lightgbm,0
tech_stoch_k_14,44.00069010257721,lightgbm,0
vol_taker_buy_ratio_dev,43.33940029144287,lightgbm,0
vol_ret_corr_21,39.74373006820679,lightgbm,0
vol_qv_median_ratio_63,39.65879714488983,lightgbm,0
px_ret_2,31.577650666236877,lightgbm,0
tech_obv_zscore_21,29.823829650878906,lightgbm,0
tech_macd_hist_norm,28.567931473255157,lightgbm,0
px_ret_std_10,27.618770718574524,lightgbm,0
px_ret_kurt_63,27.44950032234192,lightgbm,0
rng_garman_klass_21,25.044999837875366,lightgbm,0
px_cumret_30,24.220620155334473,lightgbm,0
xa_corr_ref_90,23.59080958366394,lightgbm,0
rng_parkinson_21,22.122780203819275,lightgbm,0
cal_is_weekend,21.615919589996338,lightgbm,0
px_ret_std_21,21.594963431358337,lightgbm,0
px_ret_mean_5,20.229479789733887,lightgbm,0
px_ret_10,20.152289867401123,lightgbm,0
px_ret_mean_21,17.933979511260986,lightgbm,0
px_ret_5,17.765949845314026,lightgbm,0
xa_rel_strength_7,16.88009023666382,lightgbm,0
px_ret_mean_10,16.49013042449951,lightgbm,0
cal_moy_sin,15.437440156936646,lightgbm,0
tech_stoch_d_14,14.650099992752075,lightgbm,0
px_cumret_7,14.557189702987671,lightgbm,0
tech_rsi_14,12.191680192947388,lightgbm,0
tech_bb_pos_20,7.0087199211120605,lightgbm,0
rng_intraday,0.0,lightgbm,0
xa_rank_ret_lag1,0.0,lightgbm,0
px_ret_1,0.060855276481158585,ridge,1
rng_close_position,0.05110799580532136,ridge,1
cal_dow_cos,0.047785722476132934,ridge,1
px_ret_skew_63,0.043608878942829284,ridge,1
cal_moy_sin,0.03672873194373249,ridge,1
aux_splycur_chg_7,0.030182345135194622,ridge,1
xa_market_ret_lag1,0.027564045263105443,ridge,1
xa_ref_ret_lag2,0.02591977435425162,ridge,1
cal_is_weekend,0.025771398071938765,ridge,1
xa_rel_strength_30,0.02547583796247005,ridge,1
px_ret_kurt_63,0.02356216418448874,ridge,1
rng_garman_klass_5,0.02073895305500507,ridge,1
xa_rank_ret_lag1,0.019614624277750792,ridge,1
xa_ref_ret_lag1,0.019035391217476702,ridge,1
aux_txcnt_z63,0.016705916975119,ridge,1
px_dist_max_21,0.01614160933279066,ridge,1
cal_dom_cos,0.016019605287682672,ridge,1
px_ret_2,0.015358170182631704,ridge,1
xa_corr_ref_90,0.015142456999513627,ridge,1
aux_adractcnt_z63,0.014301202822510026,ridge,1
px_ret_skew_21,0.013963490275778232,ridge,1
px_ret_std_63,0.01381882944683594,ridge,1
px_ret_mean_10,0.013199297451105346,ridge,1
px_ret_10,0.013199297451105345,ridge,1
aux_fng_z_63,0.012359634386957032,ridge,1
rng_atr_14_norm,0.012243606762855852,ridge,1
rng_parkinson_5,0.011946820378206775,ridge,1
vol_zscore_21,0.01181815817616467,ridge,1
xa_excess_ret_lag1,0.011662908837549111,ridge,1
xa_corr_ref_30,0.011503687786969459,ridge,1
vol_log1p_quote_volume,0.011173834234985943,ridge,1
vol_qv_median_ratio_63,0.010728819874678502,ridge,1
px_cumret_7,0.010078039589457364,ridge,1
px_ret_std_5,0.010004627867342889,ridge,1
cal_dow_sin,0.009907234306275645,ridge,1
px_ret_std_10,0.009554884747150872,ridge,1
px_dist_max_63,0.00906160177107837,ridge,1
vol_taker_buy_ratio_mean_7,0.008888405569225528,ridge,1
vol_log1p_volume,0.008694977260861377,ridge,1
px_ret_kurt_21,0.007968700066395516,ridge,1
tech_stoch_k_14,0.007719504040116776,ridge,1
aux_splycur_z63,0.007356732238253698,ridge,1
px_ret_3,0.007115740709017486,ridge,1
xa_rel_strength_7,0.0070971342524294235,ridge,1
xa_ref_vol_21,0.006611089814996569,ridge,1
vol_trades_zscore_21,0.006467731489708048,ridge,1
cal_moy_cos,0.006181302989783009,ridge,1
px_cumret_30,0.006180738852060679,ridge,1
rng_tr_norm,0.006136001993650569,ridge,1
xa_ref_ret_mean_5,0.006135719802150901,ridge,1
aux_adractcnt_chg_7,0.0060932453889965005,ridge,1
aux_fng,0.006090409983482676,ridge,1
tech_obv_zscore_21,0.005665076956529699,ridge,1
aux_txcnt_chg_7,0.005547363543836987,ridge,1
vol_ret_corr_21,0.005434455909311382,ridge,1
aux_fng_chg_7,0.005236160720131156,ridge,1
px_ret_std_21,0.005018294419192631,ridge,1
px_dist_min_63,0.00446686831373486,ridge,1
tech_stoch_d_14,0.004350709710711631,ridge,1
rng_cc_parkinson_ratio_21,0.003398445590069684,ridge,1
tech_macd_hist_norm,0.0033450781510662654,ridge,1
px_ret_mean_63,0.003287083297335987,ridge,1
tech_macd_line_norm,0.003160811704700018,ridge,1
px_cumret_90,0.003038181964878087,ridge,1
rng_parkinson_21,0.0028182110523983232,ridge,1
tech_macd_signal_norm,0.0023290973332323046,ridge,1
vol_taker_buy_ratio,0.0021993103791218787,ridge,1
vol_taker_buy_ratio_dev,0.0021993103791218705,ridge,1
rng_intraday,0.002131301991470383,ridge,1
px_ret_5,0.001849056580941968,ridge,1
px_ret_mean_5,0.0018490565809419462,ridge,1
cal_dom_sin,0.0014421290125308528,ridge,1
rng_garman_klass_21,0.0013159517363618577,ridge,1
tech_rsi_14,0.0012529597821322623,ridge,1
px_dist_min_21,0.0010673333292632876,ridge,1
px_ret_21,0.0007581147887560191,ridge,1
px_ret_mean_21,0.0007581147887560138,ridge,1
xa_market_dispersion,0.0007446248707427275,ridge,1
tech_bb_pos_20,0.0003772561488079167,ridge,1
xa_market_ret_mean_5,0.0002824159723956961,ridge,1
cal_dom_cos,513.508398771286,lightgbm,1
px_ret_1,505.0239715576172,lightgbm,1
xa_market_ret_lag1,482.5656898021698,lightgbm,1
cal_dow_cos,466.8766131401062,lightgbm,1
xa_ref_ret_lag1,418.17459082603455,lightgbm,1
rng_close_position,299.6231918334961,lightgbm,1
px_ret_skew_63,292.7386989593506,lightgbm,1
xa_ref_ret_lag2,223.21484804153442,lightgbm,1
cal_dom_sin,222.14682364463806,lightgbm,1
aux_fng,183.74610042572021,lightgbm,1
xa_ref_ret_mean_5,175.56173062324524,lightgbm,1
vol_taker_buy_ratio,142.1500687599182,lightgbm,1
xa_market_ret_mean_5,142.0452995300293,lightgbm,1
vol_log1p_quote_volume,110.44644832611084,lightgbm,1
vol_log1p_volume,104.30943012237549,lightgbm,1
xa_rel_strength_30,100.6124496459961,lightgbm,1
px_ret_mean_63,92.04875135421753,lightgbm,1
px_ret_std_5,86.45043992996216,lightgbm,1
tech_obv_zscore_21,84.94427025318146,lightgbm,1
px_ret_2,81.67018914222717,lightgbm,1
xa_ref_vol_21,76.01321041584015,lightgbm,1
xa_excess_ret_lag1,75.59763956069946,lightgbm,1
px_ret_21,74.27003860473633,lightgbm,1
px_ret_skew_21,72.0636396408081,lightgbm,1
aux_adractcnt_chg_7,67.11273002624512,lightgbm,1
px_ret_kurt_21,64.70054394006729,lightgbm,1
tech_macd_signal_norm,63.94800043106079,lightgbm,1
tech_rsi_14,61.60915017127991,lightgbm,1
px_ret_kurt_63,55.4825701713562,lightgbm,1
rng_parkinson_5,54.884850025177,lightgbm,1
px_dist_min_63,53.24866008758545,lightgbm,1
cal_moy_sin,52.041359424591064,lightgbm,1
rng_cc_parkinson_ratio_21,51.049439668655396,lightgbm,1
px_ret_10,49.726149797439575,lightgbm,1
tech_macd_line_norm,48.29284280538559,lightgbm,1
px_dist_max_63,45.03546941280365,lightgbm,1
aux_adractcnt_z63,43.130850076675415,lightgbm,1
px_ret_3,42.57559013366699,lightgbm,1
xa_corr_ref_30,42.50732064247131,lightgbm,1
rng_tr_norm,42.491813123226166,lightgbm,1
vol_ret_corr_21,41.77137064933777,lightgbm,1
vol_trades_zscore_21,40.04918050765991,lightgbm,1
aux_splycur_z63,39.74100041389465,lightgbm,1
xa_market_dispersion,36.9964896440506,lightgbm,1
px_cumret_90,36.14148998260498,lightgbm,1
rng_garman_klass_5,34.82686012983322,lightgbm,1
tech_stoch_k_14,34.366390228271484,lightgbm,1
rng_atr_14_norm,33.91352033615112,lightgbm,1
px_ret_std_21,33.623169898986816,lightgbm,1
vol_qv_median_ratio_63,33.42346954345703,lightgbm,1
vol_taker_buy_ratio_mean_7,30.540189743041992,lightgbm,1
aux_txcnt_z63,30.15455937385559,lightgbm,1
px_dist_min_21,30.138540267944336,lightgbm,1
px_cumret_30,29.024290084838867,lightgbm,1
rng_garman_klass_21,27.73429012298584,lightgbm,1
aux_splycur_chg_7,24.535200119018555,lightgbm,1
rng_intraday,24.39641547203064,lightgbm,1
px_ret_5,23.40750026702881,lightgbm,1
aux_fng_chg_7,22.1075302362442,lightgbm,1
px_dist_max_21,20.27247977256775,lightgbm,1
xa_rel_strength_7,19.699920177459717,lightgbm,1
tech_stoch_d_14,19.535480260849,lightgbm,1
aux_fng_z_63,19.008530616760254,lightgbm,1
cal_moy_cos,18.56016969680786,lightgbm,1
rng_parkinson_21,17.790989875793457,lightgbm,1
tech_bb_pos_20,16.952030181884766,lightgbm,1
vol_zscore_21,16.191800117492676,lightgbm,1
xa_corr_ref_90,15.807899475097656,lightgbm,1
vol_taker_buy_ratio_dev,14.857550144195557,lightgbm,1
px_ret_std_63,13.434989929199219,lightgbm,1
aux_txcnt_chg_7,13.433120250701904,lightgbm,1
px_ret_mean_10,13.072199821472168,lightgbm,1
xa_rank_ret_lag1,11.092359781265259,lightgbm,1
px_ret_std_10,10.563400268554688,lightgbm,1
tech_macd_hist_norm,8.01662015914917,lightgbm,1
cal_dow_sin,6.077124059200287,lightgbm,1
px_ret_mean_5,3.2281200885772705,lightgbm,1
px_ret_mean_21,0.0,lightgbm,1
px_cumret_7,0.0,lightgbm,1
cal_is_weekend,0.0,lightgbm,1
px_ret_1,709.6649489402771,lightgbm,1
cal_dom_cos,583.6350891590118,lightgbm,1
xa_ref_ret_lag1,563.2426521778107,lightgbm,1
xa_market_ret_lag1,527.0832707285881,lightgbm,1
cal_dow_cos,507.52899956703186,lightgbm,1
rng_close_position,427.41038942337036,lightgbm,1
px_ret_skew_63,409.0627372264862,lightgbm,1
cal_dom_sin,351.9064425230026,lightgbm,1
xa_ref_ret_lag2,307.2377299666405,lightgbm,1
xa_market_ret_mean_5,183.91154098510742,lightgbm,1
aux_fng,181.5580289363861,lightgbm,1
rng_garman_klass_5,155.84840068221092,lightgbm,1
vol_taker_buy_ratio,143.59773063659668,lightgbm,1
px_dist_max_63,135.94857966899872,lightgbm,1
px_dist_max_21,130.57296884059906,lightgbm,1
px_ret_mean_63,117.66589021682739,lightgbm,1
px_ret_skew_21,114.25354051589966,lightgbm,1
px_ret_std_5,112.76504158973694,lightgbm,1
px_ret_kurt_21,111.29745054244995,lightgbm,1
xa_ref_ret_mean_5,110.03059983253479,lightgbm,1
px_dist_min_21,108.87449043989182,lightgbm,1
vol_log1p_volume,101.94882893562317,lightgbm,1
vol_log1p_quote_volume,101.50054931640625,lightgbm,1
rng_atr_14_norm,100.38814008235931,lightgbm,1
px_cumret_90,99.59915763139725,lightgbm,1
vol_trades_zscore_21,94.99320888519287,lightgbm,1
px_dist_min_63,94.6726598739624,lightgbm,1
tech_macd_line_norm,94.65539991855621,lightgbm,1
tech_obv_zscore_21,92.72011995315552,lightgbm,1
xa_ref_vol_21,91.75550925731659,lightgbm,1
vol_taker_buy_ratio_mean_7,90.0315191745758,lightgbm,1
xa_excess_ret_lag1,88.90994930267334,lightgbm,1
xa_rel_strength_30,86.5326795578003,lightgbm,1
cal_moy_sin,84.54849052429199,lightgbm,1
aux_fng_chg_7,83.94347953796387,lightgbm,1
xa_market_dispersion,83.76996856927872,lightgbm,1
vol_qv_median_ratio_63,82.01506018638611,lightgbm,1
aux_adractcnt_z63,80.08193284273148,lightgbm,1
cal_dow_sin,78.21764993667603,lightgbm,1
tech_stoch_d_14,75.4665904045105,lightgbm,1
xa_corr_ref_30,74.77466011047363,lightgbm,1
vol_taker_buy_ratio_dev,74.70838022232056,lightgbm,1
tech_macd_hist_norm,74.52722954750061,lightgbm,1
px_ret_3,72.8556078672409,lightgbm,1
aux_splycur_z63,63.187812235206366,lightgbm,1
px_ret_kurt_63,62.0869402885437,lightgbm,1
rng_cc_parkinson_ratio_21,61.519479751586914,lightgbm,1
vol_zscore_21,59.19004964828491,lightgbm,1
aux_adractcnt_chg_7,54.4028195142746,lightgbm,1
px_ret_21,54.371180057525635,lightgbm,1
px_ret_std_10,49.02557992935181,lightgbm,1
px_ret_2,44.538679361343384,lightgbm,1
cal_moy_cos,44.18800091743469,lightgbm,1
aux_fng_z_63,43.884830951690674,lightgbm,1
px_ret_mean_21,43.42035961151123,lightgbm,1
px_ret_5,42.35851979255676,lightgbm,1
aux_splycur_chg_7,41.638280391693115,lightgbm,1
aux_txcnt_chg_7,37.18202018737793,lightgbm,1
xa_corr_ref_90,35.830559492111206,lightgbm,1
tech_bb_pos_20,34.381890058517456,lightgbm,1
tech_macd_signal_norm,32.625070333480835,lightgbm,1
px_ret_mean_5,32.52996027469635,lightgbm,1
rng_tr_norm,32.43998569250107,lightgbm,1
rng_parkinson_21,31.782289505004883,lightgbm,1
tech_rsi_14,31.169729709625244,lightgbm,1
aux_txcnt_z63,30.08619999885559,lightgbm,1
vol_ret_corr_21,28.381190061569214,lightgbm,1
px_ret_mean_10,27.818899869918823,lightgbm,1
tech_stoch_k_14,27.485209703445435,lightgbm,1
px_ret_std_21,24.40875005722046,lightgbm,1
px_ret_10,23.65032958984375,lightgbm,1
px_cumret_30,23.509219646453857,lightgbm,1
px_cumret_7,22.87384009361267,lightgbm,1
rng_intraday,18.53628969192505,lightgbm,1
rng_parkinson_5,16.6671404838562,lightgbm,1
px_ret_std_63,15.434280090034008,lightgbm,1
xa_rel_strength_7,10.760849952697754,lightgbm,1
rng_garman_klass_21,7.423419952392578,lightgbm,1
xa_rank_ret_lag1,2.7863500118255615,lightgbm,1
cal_is_weekend,0.0,lightgbm,1
xa_market_ret_lag1,848.559113740921,lightgbm,1
cal_dom_cos,702.4446031153202,lightgbm,1
xa_ref_ret_lag1,669.3757913261652,lightgbm,1
px_ret_1,667.1604883670807,lightgbm,1
cal_dow_cos,586.3635766506195,lightgbm,1
rng_close_position,540.6825917363167,lightgbm,1
xa_ref_ret_lag2,514.8039898872375,lightgbm,1
px_ret_skew_63,514.5138294696808,lightgbm,1
cal_dom_sin,477.1364243030548,lightgbm,1
xa_market_ret_mean_5,310.3476483821869,lightgbm,1
xa_ref_ret_mean_5,288.3066599369049,lightgbm,1
aux_fng,265.95756912231445,lightgbm,1
vol_taker_buy_ratio,227.9019901752472,lightgbm,1
px_cumret_90,160.35593104362488,lightgbm,1
xa_market_dispersion,151.02747929096222,lightgbm,1
rng_atr_14_norm,150.87902975082397,lightgbm,1
vol_log1p_quote_volume,150.75378918647766,lightgbm,1
xa_rel_strength_30,147.69817972183228,lightgbm,1
vol_trades_zscore_21,144.52733051776886,lightgbm,1
px_dist_max_63,139.14045023918152,lightgbm,1
aux_splycur_z63,138.40294003486633,lightgbm,1
aux_adractcnt_z63,135.7096608877182,lightgbm,1
px_dist_max_21,133.43636918067932,lightgbm,1
px_ret_5,130.30053378641605,lightgbm,1
px_ret_skew_21,127.10577940940857,lightgbm,1
rng_garman_klass_5,124.26984071731567,lightgbm,1
px_dist_min_63,123.65056037902832,lightgbm,1
px_ret_std_5,123.20594120025635,lightgbm,1
xa_ref_vol_21,121.32644082605839,lightgbm,1
xa_excess_ret_lag1,120.08758926391602,lightgbm,1
vol_taker_buy_ratio_dev,110.04335165023804,lightgbm,1
tech_macd_line_norm,109.5137186050415,lightgbm,1
cal_moy_sin,102.15754079818726,lightgbm,1
vol_qv_median_ratio_63,100.60688972473145,lightgbm,1
cal_dow_sin,99.28880989551544,lightgbm,1
rng_cc_parkinson_ratio_21,95.65960049629211,lightgbm,1
px_ret_kurt_63,94.67131924629211,lightgbm,1
tech_obv_zscore_21,93.79028010368347,lightgbm,1
vol_log1p_volume,88.90021967887878,lightgbm,1
aux_fng_z_63,80.52748918533325,lightgbm,1
tech_stoch_d_14,78.58252000808716,lightgbm,1
rng_parkinson_5,77.56210899353027,lightgbm,1
px_ret_21,77.56086921691895,lightgbm,1
aux_adractcnt_chg_7,77.0874000787735,lightgbm,1
px_ret_mean_63,73.97479915618896,lightgbm,1
vol_ret_corr_21,73.90715062618256,lightgbm,1
px_dist_min_21,73.77253103256226,lightgbm,1
rng_tr_norm,69.33115017414093,lightgbm,1
aux_fng_chg_7,63.21434998512268,lightgbm,1
aux_txcnt_chg_7,61.9265501499176,lightgbm,1
px_cumret_30,60.28128957748413,lightgbm,1
px_ret_std_10,59.37104034423828,lightgbm,1
tech_stoch_k_14,56.813990116119385,lightgbm,1
px_ret_std_21,56.69682955741882,lightgbm,1
vol_taker_buy_ratio_mean_7,56.03712312877178,lightgbm,1
px_ret_10,55.518410444259644,lightgbm,1
tech_macd_signal_norm,54.820549964904785,lightgbm,1
px_ret_3,52.21911025047302,lightgbm,1
xa_corr_ref_30,50.188390254974365,lightgbm,1
aux_txcnt_z63,45.86001014709473,lightgbm,1
px_ret_kurt_21,45.20918905735016,lightgbm,1
aux_splycur_chg_7,44.93617081642151,lightgbm,1
rng_intraday,44.27672004699707,lightgbm,1
xa_rel_strength_7,44.20586025714874,lightgbm,1
vol_zscore_21,35.34463930130005,lightgbm,1
tech_macd_hist_norm,33.914271116256714,lightgbm,1
tech_bb_pos_20,29.950429558753967,lightgbm,1
px_cumret_7,29.707740306854248,lightgbm,1
tech_rsi_14,29.699689626693726,lightgbm,1
px_ret_mean_10,26.275320053100586,lightgbm,1
px_ret_2,25.54794955253601,lightgbm,1
xa_corr_ref_90,24.58568000793457,lightgbm,1
rng_parkinson_21,24.435280203819275,lightgbm,1
px_ret_std_63,22.511929988861084,lightgbm,1
px_ret_mean_21,20.813800573349,lightgbm,1
cal_moy_cos,17.586120128631592,lightgbm,1
cal_is_weekend,5.325510025024414,lightgbm,1
xa_rank_ret_lag1,3.2128000259399414,lightgbm,1
px_ret_mean_5,3.2029199600219727,lightgbm,1
rng_garman_klass_21,0.0,lightgbm,1
xa_market_ret_lag1,560.3250801563263,lightgbm,1
cal_dom_cos,539.3031606674194,lightgbm,1
px_ret_1,506.9980220794678,lightgbm,1
cal_dow_cos,449.56007957458496,lightgbm,1
xa_ref_ret_lag1,364.92885841429234,lightgbm,1
rng_close_position,362.16006088256836,lightgbm,1
px_ret_skew_63,329.224622964859,lightgbm,1
cal_dom_sin,282.26000022888184,lightgbm,1
xa_ref_ret_lag2,252.36130014061928,lightgbm,1
xa_ref_ret_mean_5,203.83706152439117,lightgbm,1
aux_fng,182.98009824752808,lightgbm,1
vol_taker_buy_ratio,158.8486795425415,lightgbm,1
vol_log1p_quote_volume,112.55949020385742,lightgbm,1
rng_garman_klass_5,104.0863299369812,lightgbm,1
px_dist_min_63,99.28066807985306,lightgbm,1
xa_ref_vol_21,98.90537095069885,lightgbm,1
px_ret_21,93.54220819473267,lightgbm,1
xa_market_ret_mean_5,92.51049947738647,lightgbm,1
px_ret_3,90.17776083946228,lightgbm,1
xa_market_dispersion,88.26324963569641,lightgbm,1
px_ret_std_21,85.08190059661865,lightgbm,1
px_ret_mean_63,85.0135407447815,lightgbm,1
aux_adractcnt_z63,84.850510597229,lightgbm,1
px_dist_max_21,84.19807004928589,lightgbm,1
rng_cc_parkinson_ratio_21,81.61910057067871,lightgbm,1
px_ret_std_5,81.37746047973633,lightgbm,1
vol_taker_buy_ratio_dev,81.24052000045776,lightgbm,1
xa_rel_strength_30,78.32253050804138,lightgbm,1
rng_tr_norm,76.07241034507751,lightgbm,1
vol_log1p_volume,73.6405897140503,lightgbm,1
aux_splycur_chg_7,73.09174919128418,lightgbm,1
aux_splycur_z63,70.93526077270508,lightgbm,1
px_dist_max_63,70.12965965270996,lightgbm,1
px_ret_10,69.45492041110992,lightgbm,1
tech_obv_zscore_21,69.34614944458008,lightgbm,1
tech_macd_line_norm,66.7938107252121,lightgbm,1
px_dist_min_21,65.67717933654785,lightgbm,1
px_cumret_90,65.14310613274574,lightgbm,1
vol_trades_zscore_21,59.13117861747742,lightgbm,1
px_ret_skew_21,55.194979786872864,lightgbm,1
px_ret_5,51.636839866638184,lightgbm,1
aux_txcnt_z63,49.29505968093872,lightgbm,1
aux_adractcnt_chg_7,48.15864038467407,lightgbm,1
vol_taker_buy_ratio_mean_7,48.09440994262695,lightgbm,1
tech_stoch_k_14,44.37206983566284,lightgbm,1
tech_rsi_14,43.74561071395874,lightgbm,1
aux_txcnt_chg_7,43.0630202293396,lightgbm,1
rng_atr_14_norm,41.95630073547363,lightgbm,1
px_ret_kurt_63,41.54988932609558,lightgbm,1
xa_corr_ref_30,41.35738015174866,lightgbm,1
px_ret_mean_21,38.234299182891846,lightgbm,1
vol_ret_corr_21,37.42155981063843,lightgbm,1
px_ret_std_10,32.51231002807617,lightgbm,1
vol_zscore_21,31.31314992904663,lightgbm,1
cal_moy_sin,28.59183979034424,lightgbm,1
tech_stoch_d_14,27.40811014175415,lightgbm,1
aux_fng_z_63,26.355759143829346,lightgbm,1
px_cumret_7,22.618899822235107,lightgbm,1
cal_dow_sin,22.055814623832703,lightgbm,1
aux_fng_chg_7,21.921399652957916,lightgbm,1
tech_bb_pos_20,18.9822998046875,lightgbm,1
px_ret_std_63,18.014225602149963,lightgbm,1
xa_rel_strength_7,16.050350189208984,lightgbm,1
xa_corr_ref_90,15.791999816894531,lightgbm,1
px_cumret_30,15.17376971244812,lightgbm,1
xa_excess_ret_lag1,15.108519554138184,lightgbm,1
vol_qv_median_ratio_63,14.724689960479736,lightgbm,1
tech_macd_signal_norm,14.350059986114502,lightgbm,1
rng_parkinson_5,12.568660259246826,lightgbm,1
xa_rank_ret_lag1,11.992640018463135,lightgbm,1
px_ret_mean_5,11.73380994796753,lightgbm,1
cal_moy_cos,9.47164011001587,lightgbm,1
px_ret_mean_10,9.441180229187012,lightgbm,1
px_ret_2,8.458820343017578,lightgbm,1
rng_parkinson_21,8.33569297939539,lightgbm,1
px_ret_kurt_21,8.303940057754517,lightgbm,1
rng_intraday,7.581882119178772,lightgbm,1
tech_macd_hist_norm,5.5856499671936035,lightgbm,1
rng_garman_klass_21,0.0,lightgbm,1
cal_is_weekend,0.0,lightgbm,1
cal_dom_cos,616.1941603422165,lightgbm,1
xa_market_ret_lag1,514.6350796222687,lightgbm,1
px_ret_1,504.6742596626282,lightgbm,1
rng_close_position,468.06878328323364,lightgbm,1
cal_dow_cos,458.61492109298706,lightgbm,1
xa_ref_ret_lag1,426.60207974910736,lightgbm,1
px_ret_skew_63,374.3630702495575,lightgbm,1
xa_ref_ret_lag2,236.71915808320045,lightgbm,1
cal_dom_sin,232.24528121948242,lightgbm,1
aux_fng,200.08237981796265,lightgbm,1
xa_ref_ret_mean_5,187.08024835586548,lightgbm,1
vol_taker_buy_ratio,169.21241116523743,lightgbm,1
rng_garman_klass_5,138.2700606584549,lightgbm,1
px_dist_min_63,126.28616952896118,lightgbm,1
vol_log1p_quote_volume,122.06120109558105,lightgbm,1
px_ret_21,120.23863887786865,lightgbm,1
xa_market_dispersion,106.94930005073547,lightgbm,1
xa_market_ret_mean_5,102.02270793914795,lightgbm,1
vol_taker_buy_ratio_mean_7,88.1175799369812,lightgbm,1
tech_obv_zscore_21,86.8301796913147,lightgbm,1
px_ret_std_5,83.41733980178833,lightgbm,1
px_ret_mean_63,81.35257053375244,lightgbm,1
px_dist_max_63,81.10755109786987,lightgbm,1
px_dist_min_21,80.83828973770142,lightgbm,1
px_ret_skew_21,75.46616298146546,lightgbm,1
aux_adractcnt_z63,74.45452976226807,lightgbm,1
rng_atr_14_norm,71.21226906776428,lightgbm,1
vol_taker_buy_ratio_dev,70.00469899177551,lightgbm,1
tech_macd_line_norm,67.93478989601135,lightgbm,1
px_ret_mean_21,67.62656021118164,lightgbm,1
tech_macd_signal_norm,66.95869970321655,lightgbm,1
xa_rel_strength_30,66.48957109451294,lightgbm,1
xa_ref_vol_21,63.94610023498535,lightgbm,1
px_cumret_90,63.78451991081238,lightgbm,1
vol_log1p_volume,58.80434036254883,lightgbm,1
tech_stoch_d_14,58.680880069732666,lightgbm,1
cal_dow_sin,55.9317045211792,lightgbm,1
cal_moy_sin,53.67162036895752,lightgbm,1
aux_splycur_z63,53.127830028533936,lightgbm,1
aux_txcnt_z63,50.36957907676697,lightgbm,1
rng_cc_parkinson_ratio_21,50.1603102684021,lightgbm,1
px_dist_max_21,49.347642600536346,lightgbm,1
aux_adractcnt_chg_7,48.35807025432587,lightgbm,1
xa_excess_ret_lag1,47.03750967979431,lightgbm,1
tech_stoch_k_14,46.67088079452515,lightgbm,1
px_ret_5,44.57270956039429,lightgbm,1
xa_rel_strength_7,43.050498962402344,lightgbm,1
px_ret_10,40.8307204246521,lightgbm,1
px_ret_std_10,39.87016010284424,lightgbm,1
vol_trades_zscore_21,39.6902801990509,lightgbm,1
rng_parkinson_5,39.324609994888306,lightgbm,1
vol_qv_median_ratio_63,38.47234058380127,lightgbm,1
rng_tr_norm,38.09144067764282,lightgbm,1
rng_garman_klass_21,37.70722961425781,lightgbm,1
vol_zscore_21,37.18696069717407,lightgbm,1
px_ret_kurt_63,35.76034986972809,lightgbm,1
px_ret_kurt_21,33.77610945701599,lightgbm,1
aux_fng_z_63,33.073139667510986,lightgbm,1
tech_rsi_14,32.869890213012695,lightgbm,1
tech_bb_pos_20,31.77428936958313,lightgbm,1
aux_fng_chg_7,31.69355010986328,lightgbm,1
xa_corr_ref_30,26.854900121688843,lightgbm,1
px_cumret_7,25.72612953186035,lightgbm,1
cal_moy_cos,24.608369827270508,lightgbm,1
rng_intraday,23.504383146762848,lightgbm,1
tech_macd_hist_norm,23.486073911190033,lightgbm,1
px_cumret_30,21.940129280090332,lightgbm,1
px_ret_mean_10,18.65549945831299,lightgbm,1
px_ret_std_63,17.411009788513184,lightgbm,1
aux_splycur_chg_7,16.82565999031067,lightgbm,1
aux_txcnt_chg_7,16.471269845962524,lightgbm,1
xa_corr_ref_90,15.672650337219238,lightgbm,1
px_ret_std_21,13.814090251922607,lightgbm,1
px_ret_2,13.456029891967773,lightgbm,1
px_ret_3,11.75422978401184,lightgbm,1
vol_ret_corr_21,11.615619659423828,lightgbm,1
px_ret_mean_5,10.24899959564209,lightgbm,1
rng_parkinson_21,8.971039772033691,lightgbm,1
xa_rank_ret_lag1,0.0,lightgbm,1
cal_is_weekend,0.0,lightgbm,1
px_ret_1,0.16058136146970792,ridge,2
cal_dow_cos,0.1379961204343829,ridge,2
rng_garman_klass_5,0.13129650623364045,ridge,2
cal_moy_sin,0.129951795595191,ridge,2
rng_close_position,0.12892420644240632,ridge,2
aux_splycur_chg_7,0.12752500657616186,ridge,2
cal_dow_sin,0.10500059662772869,ridge,2
xa_ref_ret_lag2,0.10322421066481373,ridge,2
px_ret_skew_63,0.09881397749243662,ridge,2
xa_rel_strength_30,0.09579595070215674,ridge,2
tech_bb_pos_20,0.08951865754993645,ridge,2
cal_is_weekend,0.08223940381248089,ridge,2
rng_atr_14_norm,0.07592786297912636,ridge,2
xa_market_ret_mean_5,0.07237269244786415,ridge,2
px_dist_max_63,0.07123374982978692,ridge,2
rng_parkinson_5,0.06985868222149211,ridge,2
xa_market_ret_lag1,0.06896706804651861,ridge,2
vol_zscore_21,0.06001164794098761,ridge,2
px_ret_skew_21,0.058664752199369,ridge,2
px_ret_kurt_21,0.05720633735445048,ridge,2
vol_log1p_quote_volume,0.056339580154805,ridge,2
xa_rank_ret_lag1,0.05090049729081609,ridge,2
px_ret_std_5,0.05047195881725497,ridge,2
px_ret_std_10,0.04863922898905828,ridge,2
px_cumret_30,0.04713547297885126,ridge,2
px_ret_3,0.04398832679903771,ridge,2
tech_obv_zscore_21,0.043280176244731995,ridge,2
cal_moy_cos,0.04253683166945504,ridge,2
vol_taker_buy_ratio_mean_7,0.04253435001374923,ridge,2
tech_rsi_14,0.040776003319964636,ridge,2
px_ret_10,0.037864743995047065,ridge,2
px_ret_mean_10,0.037864743995047065,ridge,2
aux_fng,0.03761677637824584,ridge,2
px_ret_std_63,0.036682717495017926,ridge,2
aux_txcnt_z63,0.03622355148714364,ridge,2
tech_stoch_d_14,0.03305353372558243,ridge,2
vol_taker_buy_ratio,0.031770884177727526,ridge,2
vol_taker_buy_ratio_dev,0.031770884177727436,ridge,2
px_ret_kurt_63,0.029632494108710848,ridge,2
xa_ref_ret_lag1,0.029601240490181265,ridge,2
px_cumret_7,0.02870804576854007,ridge,2
vol_ret_corr_21,0.02824809893485798,ridge,2
aux_splycur_z63,0.028114897001522032,ridge,2
px_dist_max_21,0.027609908449805726,ridge,2
aux_fng_z_63,0.02718463382028017,ridge,2
xa_rel_strength_7,0.026633821335164995,ridge,2
xa_ref_vol_21,0.026616772981649082,ridge,2
xa_corr_ref_30,0.026425141616887055,ridge,2
px_dist_min_63,0.026025233484186443,ridge,2
cal_dom_cos,0.025292118921054887,ridge,2
vol_log1p_volume,0.024500002108290897,ridge,2
px_ret_std_21,0.02410575096915632,ridge,2
vol_trades_zscore_21,0.024053036726535235,ridge,2
aux_txcnt_chg_7,0.022973605542535865,ridge,2
px_dist_min_21,0.022128658095009062,ridge,2
xa_corr_ref_90,0.02094471023726941,ridge,2
cal_dom_sin,0.020587651826484157,ridge,2
vol_qv_median_ratio_63,0.020287978002273797,ridge,2
aux_fng_chg_7,0.01721306657065258,ridge,2
tech_macd_line_norm,0.013864388673937685,ridge,2
tech_stoch_k_14,0.013497330778575874,ridge,2
tech_macd_signal_norm,0.012754352190763084,ridge,2
px_cumret_90,0.011062583405260704,ridge,2
aux_adractcnt_chg_7,0.010240367645683722,ridge,2
rng_tr_norm,0.009931070299688852,ridge,2
px_ret_mean_63,0.007813898847178724,ridge,2
xa_excess_ret_lag1,0.006416228994738726,ridge,2
rng_parkinson_21,0.0062060313810086715,ridge,2
px_ret_2,0.0054685750562971465,ridge,2
rng_intraday,0.0041951217547875515,ridge,2
rng_cc_parkinson_ratio_21,0.00400062022988207,ridge,2
px_ret_5,0.003583696055860707,ridge,2
px_ret_mean_5,0.003583696055860632,ridge,2
xa_market_dispersion,0.003015559985830476,ridge,2
px_ret_mean_21,0.002977679680774887,ridge,2
px_ret_21,0.0029776796807748592,ridge,2
rng_garman_klass_21,0.002194486035508102,ridge,2
aux_adractcnt_z63,0.0015901291902773573,ridge,2
xa_ref_ret_mean_5,0.0015205769131152631,ridge,2
tech_macd_hist_norm,0.0015191062503923654,ridge,2
rng_close_position,631.5796155929565,lightgbm,2
xa_market_ret_lag1,551.4907073974609,lightgbm,2
cal_dow_cos,535.6041309833527,lightgbm,2
cal_dom_cos,445.71754717826843,lightgbm,2
px_ret_1,416.6705069541931,lightgbm,2
cal_dom_sin,351.6374702453613,lightgbm,2
xa_ref_ret_lag1,291.86319971084595,lightgbm,2
xa_ref_ret_lag2,261.09959983825684,lightgbm,2
vol_taker_buy_ratio,205.0613307952881,lightgbm,2
px_ret_skew_63,195.84423419833183,lightgbm,2
xa_market_dispersion,184.28826189041138,lightgbm,2
aux_fng,173.68642044067383,lightgbm,2
xa_ref_ret_mean_5,142.20349097251892,lightgbm,2
vol_qv_median_ratio_63,128.016339302063,lightgbm,2
px_dist_min_63,125.78881072998047,lightgbm,2
tech_macd_line_norm,112.64013004302979,lightgbm,2
xa_market_ret_mean_5,111.0358817577362,lightgbm,2
aux_fng_chg_7,110.66602039337158,lightgbm,2
px_dist_max_21,107.04323816299438,lightgbm,2
px_ret_mean_63,105.77962970733643,lightgbm,2
cal_dow_sin,103.77888941764832,lightgbm,2
px_cumret_90,102.88508987426758,lightgbm,2
px_ret_std_5,95.47510945796967,lightgbm,2
px_ret_10,91.86675119400024,lightgbm,2
px_ret_5,91.03806114196777,lightgbm,2
xa_ref_vol_21,90.84169101715088,lightgbm,2
cal_moy_sin,90.00047993659973,lightgbm,2
rng_cc_parkinson_ratio_21,82.06172060966492,lightgbm,2
vol_zscore_21,81.50839871168137,lightgbm,2
vol_log1p_quote_volume,79.57160997390747,lightgbm,2
px_ret_skew_21,76.35705018043518,lightgbm,2
xa_excess_ret_lag1,76.14442086219788,lightgbm,2
px_ret_mean_10,70.55636882781982,lightgbm,2
tech_obv_zscore_21,65.43937015533447,lightgbm,2
px_ret_kurt_21,64.07496058940887,lightgbm,2
vol_log1p_volume,60.85705924034119,lightgbm,2
vol_taker_buy_ratio_mean_7,59.020859718322754,lightgbm,2
px_ret_std_10,54.63197946548462,lightgbm,2
aux_splycur_z63,53.31829023361206,lightgbm,2
xa_rel_strength_30,53.146538734436035,lightgbm,2
px_dist_min_21,52.643310546875,lightgbm,2
rng_atr_14_norm,51.99749994277954,lightgbm,2
aux_txcnt_chg_7,51.49357032775879,lightgbm,2
xa_corr_ref_90,51.087990283966064,lightgbm,2
aux_adractcnt_z63,50.59201955795288,lightgbm,2
aux_txcnt_z63,49.42478942871094,lightgbm,2
px_ret_2,48.95023012161255,lightgbm,2
tech_macd_hist_norm,47.658119797706604,lightgbm,2
vol_ret_corr_21,46.2501904964447,lightgbm,2
rng_tr_norm,43.725854992866516,lightgbm,2
rng_parkinson_5,42.96594047546387,lightgbm,2
px_ret_21,41.02446913719177,lightgbm,2
vol_trades_zscore_21,41.01825976371765,lightgbm,2
rng_garman_klass_5,37.272040367126465,lightgbm,2
aux_adractcnt_chg_7,35.503769874572754,lightgbm,2
tech_bb_pos_20,35.48213005065918,lightgbm,2
px_dist_max_63,33.053958892822266,lightgbm,2
tech_macd_signal_norm,32.68815040588379,lightgbm,2
tech_stoch_k_14,28.45358943939209,lightgbm,2
aux_fng_z_63,26.790729999542236,lightgbm,2
tech_rsi_14,24.61972999572754,lightgbm,2
xa_corr_ref_30,24.34021031856537,lightgbm,2
tech_stoch_d_14,23.54519009590149,lightgbm,2
aux_splycur_chg_7,22.40919065475464,lightgbm,2
px_ret_mean_21,21.289799690246582,lightgbm,2
px_ret_kurt_63,20.41642999649048,lightgbm,2
xa_rel_strength_7,17.19797992706299,lightgbm,2
px_cumret_30,17.181129932403564,lightgbm,2
px_ret_std_63,16.898281157016754,lightgbm,2
rng_intraday,15.927759647369385,lightgbm,2
vol_taker_buy_ratio_dev,15.702376239001751,lightgbm,2
px_ret_std_21,14.648769617080688,lightgbm,2
cal_is_weekend,9.917340278625488,lightgbm,2
px_cumret_7,9.659720420837402,lightgbm,2
px_ret_mean_5,9.310559749603271,lightgbm,2
px_ret_3,8.872879981994629,lightgbm,2
rng_garman_klass_21,6.224010229110718,lightgbm,2
cal_moy_cos,5.4246299266815186,lightgbm,2
rng_parkinson_21,5.030630111694336,lightgbm,2
xa_rank_ret_lag1,0.0,lightgbm,2
xa_market_ret_lag1,716.1623997688293,lightgbm,2
cal_dow_cos,680.6711068153381,lightgbm,2
rng_close_position,640.9290220737457,lightgbm,2
px_ret_1,600.8687074184418,lightgbm,2
cal_dom_cos,589.7751512527466,lightgbm,2
xa_ref_ret_lag1,542.7516195774078,lightgbm,2
xa_ref_ret_lag2,438.5534052848816,lightgbm,2
cal_dom_sin,423.53993034362793,lightgbm,2
vol_taker_buy_ratio,277.33161902427673,lightgbm,2
aux_fng,258.4844398498535,lightgbm,2
px_ret_skew_63,248.800830245018,lightgbm,2
xa_market_ret_mean_5,232.7993290424347,lightgbm,2
xa_market_dispersion,222.71870017051697,lightgbm,2
cal_moy_sin,217.20451879501343,lightgbm,2
xa_ref_vol_21,192.3716402053833,lightgbm,2
aux_fng_chg_7,156.6347357928753,lightgbm,2
rng_atr_14_norm,154.86141109466553,lightgbm,2
px_dist_max_21,154.6403385400772,lightgbm,2
px_dist_max_63,148.55088666081429,lightgbm,2
px_ret_mean_63,146.19432067871094,lightgbm,2
aux_splycur_z63,144.49727082252502,lightgbm,2
tech_obv_zscore_21,143.5285005569458,lightgbm,2
px_ret_kurt_21,142.99844098091125,lightgbm,2
cal_dow_sin,138.86198614537716,lightgbm,2
aux_txcnt_z63,138.1310795545578,lightgbm,2
vol_taker_buy_ratio_mean_7,138.02024626731873,lightgbm,2
tech_macd_line_norm,136.17089092731476,lightgbm,2
vol_taker_buy_ratio_dev,132.43505120277405,lightgbm,2
xa_ref_ret_mean_5,131.54673051834106,lightgbm,2
px_ret_10,128.29157388210297,lightgbm,2
vol_qv_median_ratio_63,120.07634973526001,lightgbm,2
px_ret_5,116.46259880065918,lightgbm,2
vol_trades_zscore_21,114.5244972705841,lightgbm,2
px_ret_skew_21,106.54696989059448,lightgbm,2
xa_excess_ret_lag1,100.47581958770752,lightgbm,2
px_ret_std_10,94.36864995956421,lightgbm,2
xa_rel_strength_30,92.6624493598938,lightgbm,2
aux_fng_z_63,89.3988208770752,lightgbm,2
vol_log1p_quote_volume,89.28368371725082,lightgbm,2
vol_log1p_volume,88.09493970870972,lightgbm,2
rng_tr_norm,86.87486934661865,lightgbm,2
px_ret_std_5,81.37690877914429,lightgbm,2
px_dist_min_21,80.90926933288574,lightgbm,2
xa_corr_ref_90,78.88169401884079,lightgbm,2
tech_rsi_14,73.09458017349243,lightgbm,2
px_ret_21,72.72053027153015,lightgbm,2
px_ret_std_21,67.69434928894043,lightgbm,2
px_dist_min_63,66.96613883972168,lightgbm,2
rng_cc_parkinson_ratio_21,62.82342004776001,lightgbm,2
aux_splycur_chg_7,57.66781997680664,lightgbm,2
vol_zscore_21,54.39539074897766,lightgbm,2
px_cumret_90,53.42703986167908,lightgbm,2
aux_adractcnt_z63,51.154720306396484,lightgbm,2
xa_corr_ref_30,49.38448977470398,lightgbm,2
rng_garman_klass_5,48.46525049209595,lightgbm,2
px_ret_kurt_63,41.06572765111923,lightgbm,2
px_ret_std_63,38.64300501346588,lightgbm,2
tech_macd_hist_norm,37.85137987136841,lightgbm,2
rng_parkinson_5,36.92608022689819,lightgbm,2
aux_txcnt_chg_7,36.397289872169495,lightgbm,2
vol_ret_corr_21,36.3742299079895,lightgbm,2
px_ret_3,34.268382877111435,lightgbm,2
px_ret_mean_5,30.991849899291992,lightgbm,2
xa_rel_strength_7,29.909420013427734,lightgbm,2
px_ret_mean_21,29.842700004577637,lightgbm,2
px_cumret_30,29.781270265579224,lightgbm,2
tech_stoch_d_14,27.92035973072052,lightgbm,2
px_cumret_7,27.399889945983887,lightgbm,2
tech_stoch_k_14,27.27085018157959,lightgbm,2
px_ret_2,26.678750038146973,lightgbm,2
aux_adractcnt_chg_7,17.69837999343872,lightgbm,2
rng_garman_klass_21,16.25858974456787,lightgbm,2
rng_parkinson_21,13.800500392913818,lightgbm,2
tech_macd_signal_norm,13.590909481048584,lightgbm,2
cal_is_weekend,12.87529993057251,lightgbm,2
rng_intraday,12.146100044250488,lightgbm,2
tech_bb_pos_20,10.197669982910156,lightgbm,2
px_ret_mean_10,8.61697006225586,lightgbm,2
cal_moy_cos,4.44133996963501,lightgbm,2
xa_rank_ret_lag1,0.0,lightgbm,2
xa_market_ret_lag1,889.0604584217072,lightgbm,2
cal_dow_cos,749.4763870239258,lightgbm,2
rng_close_position,730.0591257810593,lightgbm,2
px_ret_1,619.7529771327972,lightgbm,2
cal_dom_cos,588.1025400161743,lightgbm,2
xa_ref_ret_lag1,577.5313675403595,lightgbm,2
xa_ref_ret_lag2,576.4085603952408,lightgbm,2
cal_dom_sin,517.9685280323029,lightgbm,2
xa_market_dispersion,392.6475193500519,lightgbm,2
vol_taker_buy_ratio,319.1128890514374,lightgbm,2
px_ret_skew_63,315.2145195007324,lightgbm,2
aux_fng,292.0541000366211,lightgbm,2
aux_fng_chg_7,241.13081112504005,lightgbm,2
xa_market_ret_mean_5,236.61060857772827,lightgbm,2
xa_ref_ret_mean_5,224.85889887809753,lightgbm,2
cal_moy_sin,215.73732042312622,lightgbm,2
vol_trades_zscore_21,187.11349457502365,lightgbm,2
rng_atr_14_norm,167.7481206059456,lightgbm,2
xa_ref_vol_21,166.76760637760162,lightgbm,2
xa_rel_strength_30,164.6709008216858,lightgbm,2
px_ret_mean_63,160.74472045898438,lightgbm,2
px_dist_min_63,157.97507977485657,lightgbm,2
px_dist_max_21,155.97965121269226,lightgbm,2
tech_obv_zscore_21,148.90839171409607,lightgbm,2
vol_qv_median_ratio_63,148.26667070388794,lightgbm,2
vol_taker_buy_ratio_mean_7,146.51023054122925,lightgbm,2
cal_dow_sin,141.40057051181793,lightgbm,2
px_ret_10,139.8514108657837,lightgbm,2
px_cumret_90,130.47314047813416,lightgbm,2
px_dist_max_63,128.35504740476608,lightgbm,2
xa_excess_ret_lag1,125.98519122600555,lightgbm,2
px_ret_kurt_21,125.67498922348022,lightgbm,2
tech_macd_line_norm,124.84649991989136,lightgbm,2
px_ret_5,124.32091903686523,lightgbm,2
aux_adractcnt_z63,118.57347011566162,lightgbm,2
aux_splycur_z63,116.88809859752655,lightgbm,2
vol_log1p_quote_volume,114.91636085510254,lightgbm,2
rng_cc_parkinson_ratio_21,112.39928317070007,lightgbm,2
aux_fng_z_63,105.67613983154297,lightgbm,2
px_dist_min_21,102.79788041114807,lightgbm,2
px_ret_std_10,97.7256498336792,lightgbm,2
px_ret_std_5,95.89976119995117,lightgbm,2
px_ret_kurt_63,92.13569009304047,lightgbm,2
vol_taker_buy_ratio_dev,90.50340065360069,lightgbm,2
aux_txcnt_z63,87.3196210861206,lightgbm,2
aux_adractcnt_chg_7,86.30000972747803,lightgbm,2
tech_macd_signal_norm,84.25029039382935,lightgbm,2
px_ret_skew_21,84.22166061401367,lightgbm,2
aux_txcnt_chg_7,80.9646503329277,lightgbm,2
px_ret_21,80.25418055057526,lightgbm,2
xa_corr_ref_30,76.5219395160675,lightgbm,2
tech_macd_hist_norm,70.24897909164429,lightgbm,2
tech_rsi_14,64.9895396232605,lightgbm,2
cal_moy_cos,64.46328020095825,lightgbm,2
rng_garman_klass_5,63.47917032241821,lightgbm,2
xa_rel_strength_7,63.2346305847168,lightgbm,2
px_cumret_30,63.13973045349121,lightgbm,2
vol_log1p_volume,60.21337008476257,lightgbm,2
px_cumret_7,60.128989934921265,lightgbm,2
tech_stoch_k_14,46.87738037109375,lightgbm,2
rng_intraday,46.784080028533936,lightgbm,2
aux_splycur_chg_7,44.42382073402405,lightgbm,2
px_ret_2,44.24739968776703,lightgbm,2
rng_parkinson_5,43.71793985366821,lightgbm,2
vol_zscore_21,41.7074499130249,lightgbm,2
px_ret_std_21,38.886827394366264,lightgbm,2
rng_tr_norm,35.24634051322937,lightgbm,2
tech_stoch_d_14,33.853089809417725,lightgbm,2
vol_ret_corr_21,32.1084303855896,lightgbm,2
px_ret_3,31.09656059741974,lightgbm,2
tech_bb_pos_20,29.277305781841278,lightgbm,2
rng_parkinson_21,26.841230154037476,lightgbm,2
xa_corr_ref_90,25.516109943389893,lightgbm,2
px_ret_mean_10,23.511330604553223,lightgbm,2
cal_is_weekend,20.111499786376953,lightgbm,2
px_ret_mean_5,20.057159900665283,lightgbm,2
px_ret_std_63,18.48087978363037,lightgbm,2
px_ret_mean_21,16.386169910430908,lightgbm,2
rng_garman_klass_21,6.8779802322387695,lightgbm,2
xa_rank_ret_lag1,0.0,lightgbm,2
xa_market_ret_lag1,753.2931792736053,lightgbm,2
rng_close_position,688.6854736804962,lightgbm,2
cal_dow_cos,613.0826573371887,lightgbm,2
cal_dom_cos,526.4182119369507,lightgbm,2
px_ret_1,523.5087984800339,lightgbm,2
cal_dom_sin,449.2395592927933,lightgbm,2
xa_ref_ret_lag1,440.864618062973,lightgbm,2
xa_ref_ret_lag2,348.25942704826593,lightgbm,2
px_ret_skew_63,259.9853415489197,lightgbm,2
xa_market_dispersion,257.2508271932602,lightgbm,2
aux_fng,240.8615242689848,lightgbm,2
cal_moy_sin,218.6986300945282,lightgbm,2
vol_taker_buy_ratio,217.47650957107544,lightgbm,2
xa_ref_ret_mean_5,213.5254008769989,lightgbm,2
xa_market_ret_mean_5,181.07391023635864,lightgbm,2
xa_ref_vol_21,159.2457504272461,lightgbm,2
px_ret_mean_63,153.52801871299744,lightgbm,2
px_ret_10,152.57473051548004,lightgbm,2
px_dist_max_63,146.16668128967285,lightgbm,2
aux_fng_chg_7,140.6275279521942,lightgbm,2
vol_qv_median_ratio_63,131.6859097480774,lightgbm,2
px_dist_max_21,125.20140999555588,lightgbm,2
vol_log1p_quote_volume,120.28241157531738,lightgbm,2
tech_macd_line_norm,118.81637024879456,lightgbm,2
vol_trades_zscore_21,113.11894965171814,lightgbm,2
cal_dow_sin,110.61430978775024,lightgbm,2
vol_taker_buy_ratio_dev,109.14774179458618,lightgbm,2
px_dist_min_63,105.58997964859009,lightgbm,2
aux_txcnt_z63,104.68253946304321,lightgbm,2
rng_atr_14_norm,102.21608018875122,lightgbm,2
px_ret_kurt_21,102.1434895992279,lightgbm,2
px_ret_kurt_63,99.03463888168335,lightgbm,2
px_ret_std_5,98.30265045166016,lightgbm,2
vol_taker_buy_ratio_mean_7,96.49488043785095,lightgbm,2
vol_log1p_volume,93.0663709640503,lightgbm,2
rng_cc_parkinson_ratio_21,89.93433022499084,lightgbm,2
tech_obv_zscore_21,88.63918972015381,lightgbm,2
px_ret_5,87.16450124979019,lightgbm,2
rng_tr_norm,85.18636012077332,lightgbm,2
xa_rel_strength_30,84.84268093109131,lightgbm,2
px_cumret_90,78.73959946632385,lightgbm,2
px_ret_skew_21,78.50879979133606,lightgbm,2
tech_macd_signal_norm,77.74850988388062,lightgbm,2
px_dist_min_21,75.73841083049774,lightgbm,2
aux_adractcnt_z63,74.94701683521271,lightgbm,2
aux_splycur_z63,73.37474846839905,lightgbm,2
px_ret_std_21,70.25093030929565,lightgbm,2
px_ret_std_10,66.08917903900146,lightgbm,2
tech_macd_hist_norm,63.95849710702896,lightgbm,2
px_ret_21,62.154250264167786,lightgbm,2
tech_stoch_d_14,61.758870124816895,lightgbm,2
rng_garman_klass_5,60.93807053565979,lightgbm,2
xa_excess_ret_lag1,59.81529998779297,lightgbm,2
xa_corr_ref_30,58.049259662628174,lightgbm,2
tech_rsi_14,56.831169843673706,lightgbm,2
aux_fng_z_63,54.64704084396362,lightgbm,2
xa_rel_strength_7,50.320718824863434,lightgbm,2
tech_bb_pos_20,49.884159564971924,lightgbm,2
vol_zscore_21,48.602880358695984,lightgbm,2
px_ret_3,47.4886589050293,lightgbm,2
rng_intraday,47.469069957733154,lightgbm,2
aux_splycur_chg_7,47.1098108291626,lightgbm,2
aux_adractcnt_chg_7,46.33329963684082,lightgbm,2
px_ret_2,41.579169273376465,lightgbm,2
px_ret_mean_5,40.629859924316406,lightgbm,2
px_ret_std_63,40.56711983680725,lightgbm,2
xa_corr_ref_90,40.113019704818726,lightgbm,2
vol_ret_corr_21,34.72379994392395,lightgbm,2
aux_txcnt_chg_7,32.284770011901855,lightgbm,2
tech_stoch_k_14,29.471710205078125,lightgbm,2
px_cumret_7,29.428132981061935,lightgbm,2
cal_moy_cos,25.126830577850342,lightgbm,2
rng_parkinson_21,21.86173516511917,lightgbm,2
rng_parkinson_5,20.983970165252686,lightgbm,2
px_ret_mean_21,16.781850337982178,lightgbm,2
px_cumret_30,15.926719665527344,lightgbm,2
px_ret_mean_10,14.655349731445312,lightgbm,2
cal_is_weekend,13.803599834442139,lightgbm,2
rng_garman_klass_21,4.285930156707764,lightgbm,2
xa_rank_ret_lag1,0.0,lightgbm,2
rng_close_position,565.2635898590088,lightgbm,2
cal_dow_cos,514.8527121543884,lightgbm,2
xa_market_ret_lag1,458.3939633369446,lightgbm,2
cal_dom_cos,446.1055293083191,lightgbm,2
px_ret_1,409.434716463089,lightgbm,2
xa_ref_ret_lag1,373.4379107952118,lightgbm,2
cal_dom_sin,254.2820405960083,lightgbm,2
xa_ref_ret_lag2,216.37463891506195,lightgbm,2
px_ret_skew_63,186.23549032211304,lightgbm,2
aux_fng,165.23741054534912,lightgbm,2
xa_market_dispersion,153.5794308334589,lightgbm,2
px_ret_mean_63,146.8034610748291,lightgbm,2
xa_ref_ret_mean_5,143.35786890983582,lightgbm,2
vol_taker_buy_ratio,127.11832857131958,lightgbm,2
px_dist_min_63,120.58757162094116,lightgbm,2
xa_market_ret_mean_5,117.98057520389557,lightgbm,2
vol_taker_buy_ratio_dev,115.67711925506592,lightgbm,2
vol_trades_zscore_21,113.99536871910095,lightgbm,2
xa_ref_vol_21,110.33726096153259,lightgbm,2
px_ret_std_5,101.85706043243408,lightgbm,2
cal_moy_sin,97.53939974308014,lightgbm,2
vol_qv_median_ratio_63,96.79332196712494,lightgbm,2
px_dist_max_63,91.5889401435852,lightgbm,2
aux_fng_chg_7,88.85014915466309,lightgbm,2
tech_obv_zscore_21,88.80431985855103,lightgbm,2
aux_txcnt_z63,84.35950183868408,lightgbm,2
tech_macd_line_norm,78.60767984390259,lightgbm,2
vol_log1p_volume,76.47783041000366,lightgbm,2
px_ret_5,76.20505952835083,lightgbm,2
cal_dow_sin,75.34746944904327,lightgbm,2
px_ret_10,61.54351985454559,lightgbm,2
aux_adractcnt_chg_7,61.14088034629822,lightgbm,2
vol_log1p_quote_volume,60.47355890274048,lightgbm,2
px_ret_21,60.36199998855591,lightgbm,2
rng_tr_norm,59.80941033363342,lightgbm,2
px_ret_mean_21,55.56682062149048,lightgbm,2
px_ret_kurt_63,53.83233022689819,lightgbm,2
xa_excess_ret_lag1,52.785040855407715,lightgbm,2
px_ret_skew_21,50.66993975639343,lightgbm,2
rng_cc_parkinson_ratio_21,47.03031075000763,lightgbm,2
tech_macd_signal_norm,46.047051429748535,lightgbm,2
px_ret_kurt_21,45.78607988357544,lightgbm,2
tech_stoch_d_14,45.759920835494995,lightgbm,2
aux_fng_z_63,45.12217998504639,lightgbm,2
xa_rel_strength_30,44.19642090797424,lightgbm,2
px_cumret_90,43.05168032646179,lightgbm,2
rng_atr_14_norm,42.85078001022339,lightgbm,2
cal_is_weekend,42.355770111083984,lightgbm,2
px_dist_min_21,41.15537977218628,lightgbm,2
tech_macd_hist_norm,39.98297989368439,lightgbm,2
px_dist_max_21,37.778340339660645,lightgbm,2
vol_taker_buy_ratio_mean_7,35.43294978141785,lightgbm,2
aux_adractcnt_z63,34.633180141448975,lightgbm,2
aux_splycur_z63,34.41093993186951,lightgbm,2
xa_corr_ref_30,33.7192907333374,lightgbm,2
xa_rel_strength_7,33.47065019607544,lightgbm,2
aux_splycur_chg_7,32.25188970565796,lightgbm,2
px_ret_std_10,32.15000057220459,lightgbm,2
tech_rsi_14,31.904029846191406,lightgbm,2
tech_bb_pos_20,30.770100593566895,lightgbm,2
px_ret_2,28.196260929107666,lightgbm,2
px_ret_mean_10,27.964749336242676,lightgbm,2
aux_txcnt_chg_7,26.21729040145874,lightgbm,2
rng_intraday,25.56414008140564,lightgbm,2
cal_moy_cos,24.709399700164795,lightgbm,2
px_ret_std_21,23.839499473571777,lightgbm,2
px_ret_3,23.419060731306672,lightgbm,2
rng_garman_klass_5,21.39018964767456,lightgbm,2
px_cumret_7,19.093029499053955,lightgbm,2
xa_corr_ref_90,17.895040035247803,lightgbm,2
vol_zscore_21,17.872649669647217,lightgbm,2
px_ret_std_63,14.324840545654297,lightgbm,2
tech_stoch_k_14,11.695339918136597,lightgbm,2
px_cumret_30,10.77239990234375,lightgbm,2
rng_garman_klass_21,10.385720014572144,lightgbm,2
vol_ret_corr_21,8.735493540763855,lightgbm,2
rng_parkinson_21,8.524700164794922,lightgbm,2
rng_parkinson_5,5.912789821624756,lightgbm,2
px_ret_mean_5,0.0,lightgbm,2
xa_rank_ret_lag1,0.0,lightgbm,2
cal_dow_cos,0.15387613099227826,ridge,3
rng_close_position,0.14662047146766494,ridge,3
px_ret_1,0.14505392299080716,ridge,3
rng_garman_klass_5,0.13251030732788474,ridge,3
cal_moy_sin,0.12926362531598004,ridge,3
aux_splycur_chg_7,0.12234825134132493,ridge,3
tech_bb_pos_20,0.11398513403802298,ridge,3
xa_ref_ret_lag2,0.10621486062779054,ridge,3
cal_dow_sin,0.10457196646396123,ridge,3
px_ret_skew_63,0.10048358553962332,ridge,3
xa_rel_strength_30,0.08693094132967963,ridge,3
px_dist_max_63,0.07586842234084322,ridge,3
rng_parkinson_5,0.07482861181950298,ridge,3
xa_market_ret_mean_5,0.07206340415365163,ridge,3
xa_market_ret_lag1,0.07112794986164574,ridge,3
cal_is_weekend,0.06800155193065817,ridge,3
rng_atr_14_norm,0.06602184349979336,ridge,3
vol_zscore_21,0.062459738114336444,ridge,3
px_ret_std_5,0.0620618181738381,ridge,3
px_ret_3,0.06058312010387447,ridge,3
vol_log1p_quote_volume,0.05968458462515828,ridge,3
vol_taker_buy_ratio_mean_7,0.05582349056541202,ridge,3
px_ret_std_63,0.05402327266838371,ridge,3
tech_stoch_d_14,0.05088137072596827,ridge,3
tech_rsi_14,0.05073323465211626,ridge,3
px_ret_skew_21,0.04983122783100536,ridge,3
px_ret_kurt_21,0.04795003085599501,ridge,3
px_cumret_30,0.045199816735459517,ridge,3
tech_obv_zscore_21,0.04392410395932544,ridge,3
cal_moy_cos,0.04365000366761424,ridge,3
aux_txcnt_z63,0.041726691459362746,ridge,3
aux_splycur_z63,0.04044054737857866,ridge,3
xa_rank_ret_lag1,0.03986968814362597,ridge,3
xa_rel_strength_7,0.039746498161037605,ridge,3
vol_trades_zscore_21,0.0361494849190807,ridge,3
xa_ref_vol_21,0.035293998730338005,ridge,3
vol_log1p_volume,0.035184197640318673,ridge,3
px_dist_max_21,0.03421574328194634,ridge,3
vol_qv_median_ratio_63,0.0339503633882323,ridge,3
vol_taker_buy_ratio_dev,0.033668310938177286,ridge,3
vol_taker_buy_ratio,0.033668310938177196,ridge,3
px_dist_min_21,0.031612640471825,ridge,3
xa_ref_ret_lag1,0.026869407768138776,ridge,3
aux_fng,0.024821983688349567,ridge,3
px_ret_std_10,0.02464212916241752,ridge,3
px_ret_std_21,0.024385487810096876,ridge,3
xa_market_dispersion,0.02416318197852154,ridge,3
px_ret_mean_10,0.02381313286028213,ridge,3
px_ret_10,0.023813132860282072,ridge,3
px_dist_min_63,0.022391902483364392,ridge,3
px_cumret_7,0.01876698288028347,ridge,3
px_ret_mean_21,0.017481324200402507,ridge,3
px_ret_21,0.01748132420040247,ridge,3
aux_adractcnt_z63,0.0171597959497892,ridge,3
xa_corr_ref_30,0.01636232892554164,ridge,3
px_ret_kurt_63,0.014795195363017627,ridge,3
xa_ref_ret_mean_5,0.01440838548996534,ridge,3
tech_stoch_k_14,0.011718696200560782,ridge,3
cal_dom_sin,0.011419597762494467,ridge,3
cal_dom_cos,0.011126833692098822,ridge,3
rng_parkinson_21,0.010477045380673688,ridge,3
vol_ret_corr_21,0.010055609589434905,ridge,3
rng_intraday,0.00846369896495059,ridge,3
tech_macd_line_norm,0.007821867397540358,ridge,3
tech_macd_hist_norm,0.007658010241531855,ridge,3
px_cumret_90,0.007286539148656795,ridge,3
rng_cc_parkinson_ratio_21,0.007208090162817296,ridge,3
tech_macd_signal_norm,0.00718167702090732,ridge,3
px_ret_2,0.00686081431782606,ridge,3
px_ret_5,0.00535412716015369,ridge,3
px_ret_mean_5,0.005354127160153661,ridge,3
xa_corr_ref_90,0.005197803190630736,ridge,3
xa_excess_ret_lag1,0.004654316230416264,ridge,3
aux_adractcnt_chg_7,0.004650420253263187,ridge,3
aux_fng_chg_7,0.004342296104599101,ridge,3
rng_tr_norm,0.0026155576650949584,ridge,3
px_ret_mean_63,0.002413711080873291,ridge,3
aux_fng_z_63,0.001544874623273332,ridge,3
aux_txcnt_chg_7,0.0008390478846855893,ridge,3
rng_garman_klass_21,5.594532605280236e-05,ridge,3
xa_market_ret_lag1,1046.7148398160934,lightgbm,3
cal_dow_cos,964.6100790500641,lightgbm,3
rng_close_position,924.3527953624725,lightgbm,3
cal_dom_sin,660.449981212616,lightgbm,3
xa_ref_ret_lag2,625.5481606721878,lightgbm,3
px_ret_1,616.7557674646378,lightgbm,3
cal_dom_cos,542.746853351593,lightgbm,3
xa_market_dispersion,479.6391914486885,lightgbm,3
xa_ref_ret_mean_5,465.8998627066612,lightgbm,3
xa_ref_ret_lag1,465.0050399303436,lightgbm,3
xa_market_ret_mean_5,376.1860626935959,lightgbm,3
px_ret_skew_63,370.8935878276825,lightgbm,3
aux_fng_chg_7,358.07349133491516,lightgbm,3
vol_taker_buy_ratio,301.88924956321716,lightgbm,3
px_ret_10,276.4541473388672,lightgbm,3
aux_fng,268.82319164276123,lightgbm,3
rng_cc_parkinson_ratio_21,263.1448999643326,lightgbm,3
xa_ref_vol_21,255.98399019241333,lightgbm,3
px_dist_max_21,235.4866807460785,lightgbm,3
aux_txcnt_z63,232.68400955200195,lightgbm,3
cal_moy_sin,232.0637707710266,lightgbm,3
px_ret_skew_21,228.26748919487,lightgbm,3
px_ret_mean_63,192.99385023117065,lightgbm,3
px_dist_max_63,190.75340392440557,lightgbm,3
tech_obv_zscore_21,190.53371143341064,lightgbm,3
vol_trades_zscore_21,189.4447205066681,lightgbm,3
px_ret_21,181.80877137184143,lightgbm,3
tech_macd_line_norm,170.30638909339905,lightgbm,3
aux_txcnt_chg_7,162.08906030654907,lightgbm,3
rng_atr_14_norm,156.21980142593384,lightgbm,3
cal_dow_sin,154.93557047843933,lightgbm,3
aux_adractcnt_chg_7,152.95345962047577,lightgbm,3
vol_qv_median_ratio_63,152.07925033569336,lightgbm,3
xa_rel_strength_30,150.20660996437073,lightgbm,3
px_dist_min_63,145.4887399673462,lightgbm,3
vol_taker_buy_ratio_mean_7,141.8853189945221,lightgbm,3
aux_fng_z_63,134.25092935562134,lightgbm,3
px_ret_5,128.0196589231491,lightgbm,3
vol_log1p_volume,119.06887936592102,lightgbm,3
px_cumret_90,116.44140982627869,lightgbm,3
px_ret_kurt_21,115.5903389453888,lightgbm,3
aux_splycur_z63,111.39988899230957,lightgbm,3
px_ret_std_10,109.39603561162949,lightgbm,3
rng_parkinson_5,107.52673101425171,lightgbm,3
vol_taker_buy_ratio_dev,107.22570896148682,lightgbm,3
px_cumret_7,105.23724031448364,lightgbm,3
xa_excess_ret_lag1,102.20181059837341,lightgbm,3
px_ret_std_5,100.57331085205078,lightgbm,3
vol_zscore_21,99.2537100315094,lightgbm,3
aux_adractcnt_z63,92.20158492028713,lightgbm,3
vol_log1p_quote_volume,92.05070948600769,lightgbm,3
px_ret_kurt_63,90.55334043502808,lightgbm,3
aux_splycur_chg_7,90.28063395619392,lightgbm,3
tech_stoch_d_14,87.47558069229126,lightgbm,3
tech_macd_signal_norm,83.09262919425964,lightgbm,3
tech_rsi_14,79.96251094341278,lightgbm,3
px_ret_2,79.75861397385597,lightgbm,3
tech_bb_pos_20,76.75694966316223,lightgbm,3
px_ret_3,75.76019677519798,lightgbm,3
px_cumret_30,75.31495481729507,lightgbm,3
rng_garman_klass_5,74.3917601108551,lightgbm,3
px_ret_std_21,71.91836953163147,lightgbm,3
xa_corr_ref_30,70.68493986129761,lightgbm,3
vol_ret_corr_21,63.09129071235657,lightgbm,3
px_dist_min_21,62.94789981842041,lightgbm,3
px_ret_mean_21,61.96919012069702,lightgbm,3
rng_tr_norm,61.21609950065613,lightgbm,3
px_ret_std_63,59.872870206832886,lightgbm,3
tech_macd_hist_norm,59.56131982803345,lightgbm,3
rng_intraday,56.32484006881714,lightgbm,3
xa_corr_ref_90,54.78990030288696,lightgbm,3
tech_stoch_k_14,48.03590312600136,lightgbm,3
rng_parkinson_21,44.7020206451416,lightgbm,3
cal_moy_cos,41.78135967254639,lightgbm,3
px_ret_mean_5,38.45545959472656,lightgbm,3
cal_is_weekend,30.14910125732422,lightgbm,3
rng_garman_klass_21,26.220900177955627,lightgbm,3
xa_rel_strength_7,26.052669525146484,lightgbm,3
px_ret_mean_10,18.482409477233887,lightgbm,3
xa_rank_ret_lag1,0.0,lightgbm,3
xa_market_ret_lag1,925.6725597381592,lightgbm,3
cal_dow_cos,783.3893933296204,lightgbm,3
px_ret_1,757.9266424179077,lightgbm,3
rng_close_position,755.8170104026794,lightgbm,3
cal_dom_sin,552.7977182865143,lightgbm,3
xa_ref_ret_lag2,492.2836529016495,lightgbm,3
cal_dom_cos,421.13241839408875,lightgbm,3
xa_ref_ret_lag1,396.96600219607353,lightgbm,3
vol_taker_buy_ratio,289.2198393344879,lightgbm,3
xa_market_dispersion,287.1299891471863,lightgbm,3
xa_market_ret_mean_5,282.07686948776245,lightgbm,3
cal_dow_sin,277.7816710472107,lightgbm,3
aux_fng,269.96464920043945,lightgbm,3
px_ret_skew_63,268.4237291812897,lightgbm,3
aux_fng_chg_7,227.02126637101173,lightgbm,3
px_ret_10,220.55295062065125,lightgbm,3
cal_moy_sin,217.50957012176514,lightgbm,3
px_dist_max_63,208.3055899143219,lightgbm,3
px_ret_mean_63,197.4868106842041,lightgbm,3
tech_macd_line_norm,194.93807888031006,lightgbm,3
xa_ref_vol_21,190.82521986961365,lightgbm,3
xa_ref_ret_mean_5,186.98382925987244,lightgbm,3
vol_taker_buy_ratio_mean_7,164.04345178604126,lightgbm,3
tech_obv_zscore_21,162.77228021621704,lightgbm,3
px_dist_max_21,162.23038053512573,lightgbm,3
px_ret_21,158.735990524292,lightgbm,3
aux_txcnt_z63,152.2516114115715,lightgbm,3
px_ret_skew_21,151.45319986343384,lightgbm,3
rng_cc_parkinson_ratio_21,150.4683301448822,lightgbm,3
vol_trades_zscore_21,144.79609966278076,lightgbm,3
px_ret_5,143.14554119110107,lightgbm,3
tech_rsi_14,135.98940062522888,lightgbm,3
aux_splycur_z63,131.19650772213936,lightgbm,3
aux_txcnt_chg_7,122.1694188117981,lightgbm,3
xa_rel_strength_30,118.48331093788147,lightgbm,3
vol_qv_median_ratio_63,117.53053045272827,lightgbm,3
px_ret_std_63,105.79030990600586,lightgbm,3
px_ret_std_5,104.69388222694397,lightgbm,3
rng_garman_klass_5,97.99124130606651,lightgbm,3
xa_excess_ret_lag1,87.60461458563805,lightgbm,3
px_dist_min_63,81.39795470237732,lightgbm,3
px_ret_kurt_21,81.10748565196991,lightgbm,3
vol_taker_buy_ratio_dev,79.87684440612793,lightgbm,3
xa_corr_ref_30,79.01913928985596,lightgbm,3
vol_log1p_quote_volume,74.5708487033844,lightgbm,3
vol_log1p_volume,70.47869968414307,lightgbm,3
px_ret_3,70.44618022441864,lightgbm,3
aux_adractcnt_z63,69.57039999961853,lightgbm,3
aux_fng_z_63,67.84655928611755,lightgbm,3
tech_stoch_k_14,66.52305030822754,lightgbm,3
px_ret_std_21,65.24923992156982,lightgbm,3
tech_macd_signal_norm,60.96175003051758,lightgbm,3
px_ret_std_10,60.73123025894165,lightgbm,3
aux_adractcnt_chg_7,59.81399989128113,lightgbm,3
tech_macd_hist_norm,59.69844961166382,lightgbm,3
xa_corr_ref_90,59.6068594455719,lightgbm,3
rng_atr_14_norm,58.889530181884766,lightgbm,3
px_ret_mean_10,52.74276065826416,lightgbm,3
px_ret_kurt_63,51.00410008430481,lightgbm,3
rng_tr_norm,50.51368951797485,lightgbm,3
px_ret_mean_5,49.493239879608154,lightgbm,3
tech_stoch_d_14,48.17757034301758,lightgbm,3
px_cumret_90,47.33474922180176,lightgbm,3
vol_ret_corr_21,47.27277088165283,lightgbm,3
px_cumret_7,46.42113971710205,lightgbm,3
aux_splycur_chg_7,43.97947025299072,lightgbm,3
px_ret_mean_21,39.629012286663055,lightgbm,3
rng_intraday,38.299179553985596,lightgbm,3
px_ret_2,33.84231948852539,lightgbm,3
rng_parkinson_21,32.33843994140625,lightgbm,3
px_dist_min_21,31.879070281982422,lightgbm,3
xa_rel_strength_7,31.799910187721252,lightgbm,3
cal_moy_cos,28.699970245361328,lightgbm,3
vol_zscore_21,28.186649799346924,lightgbm,3
rng_parkinson_5,23.94893968105316,lightgbm,3
px_cumret_30,23.023850202560425,lightgbm,3
rng_garman_klass_21,4.493350028991699,lightgbm,3
xa_rank_ret_lag1,4.207950115203857,lightgbm,3
tech_bb_pos_20,0.0,lightgbm,3
cal_is_weekend,0.0,lightgbm,3
cal_dow_cos,901.8991079330444,lightgbm,3
rng_close_position,817.4957995414734,lightgbm,3
xa_market_ret_lag1,694.2603596448898,lightgbm,3
px_ret_1,510.81802773475647,lightgbm,3
cal_dom_sin,509.4657483100891,lightgbm,3
xa_ref_ret_lag2,334.1543700695038,lightgbm,3
xa_ref_ret_lag1,323.48895728588104,lightgbm,3
cal_dom_cos,314.43405878543854,lightgbm,3
xa_ref_ret_mean_5,251.52196073532104,lightgbm,3
px_ret_skew_63,243.73834109306335,lightgbm,3
vol_taker_buy_ratio,231.10681647062302,lightgbm,3
xa_market_dispersion,223.98576259613037,lightgbm,3
aux_fng_chg_7,213.58274126052856,lightgbm,3
px_dist_max_63,211.70969939231873,lightgbm,3
px_ret_skew_21,208.15383958816528,lightgbm,3
px_ret_10,199.89909076690674,lightgbm,3
px_ret_21,195.4811305999756,lightgbm,3
px_dist_max_21,176.04768753051758,lightgbm,3
xa_ref_vol_21,175.41328024864197,lightgbm,3
aux_fng,173.79009199142456,lightgbm,3
tech_obv_zscore_21,173.7403517961502,lightgbm,3
cal_moy_sin,165.25018978118896,lightgbm,3
vol_taker_buy_ratio_mean_7,154.1134204864502,lightgbm,3
xa_market_ret_mean_5,141.04847717285156,lightgbm,3
tech_macd_line_norm,128.3579490184784,lightgbm,3
aux_txcnt_z63,124.40868997573853,lightgbm,3
px_ret_mean_63,112.99580001831055,lightgbm,3
aux_txcnt_chg_7,109.1902494430542,lightgbm,3
vol_trades_zscore_21,108.10675001144409,lightgbm,3
px_ret_std_5,104.46663665771484,lightgbm,3
cal_dow_sin,101.60477018356323,lightgbm,3
vol_qv_median_ratio_63,100.13070964813232,lightgbm,3
aux_fng_z_63,99.90531039237976,lightgbm,3
vol_taker_buy_ratio_dev,99.70870018005371,lightgbm,3
tech_rsi_14,93.44976043701172,lightgbm,3
px_ret_5,92.96842956542969,lightgbm,3
vol_log1p_quote_volume,88.2993803024292,lightgbm,3
aux_splycur_z63,87.87676095962524,lightgbm,3
rng_atr_14_norm,80.47029048204422,lightgbm,3
px_ret_std_63,77.40086853504181,lightgbm,3
px_ret_kurt_21,76.4314991235733,lightgbm,3
xa_excess_ret_lag1,76.42520093917847,lightgbm,3
rng_cc_parkinson_ratio_21,76.17611625790596,lightgbm,3
aux_adractcnt_chg_7,73.28680974245071,lightgbm,3
tech_stoch_d_14,72.52990818023682,lightgbm,3
xa_corr_ref_30,70.87443113327026,lightgbm,3
rng_garman_klass_5,63.211843371391296,lightgbm,3
px_dist_min_63,61.320290088653564,lightgbm,3
xa_rel_strength_30,61.04934024810791,lightgbm,3
aux_adractcnt_z63,57.53243017196655,lightgbm,3
vol_log1p_volume,54.1577091217041,lightgbm,3
px_ret_2,53.24545955657959,lightgbm,3
tech_stoch_k_14,50.2837393283844,lightgbm,3
rng_intraday,49.93588984012604,lightgbm,3
px_cumret_90,49.5586998462677,lightgbm,3
cal_moy_cos,46.18789005279541,lightgbm,3
px_ret_mean_10,42.42348003387451,lightgbm,3
px_ret_std_21,40.49376964569092,lightgbm,3
aux_splycur_chg_7,36.71759033203125,lightgbm,3
px_ret_kurt_63,36.30460023880005,lightgbm,3
rng_parkinson_21,35.084619998931885,lightgbm,3
px_cumret_30,34.23373067378998,lightgbm,3
vol_zscore_21,34.08647966384888,lightgbm,3
tech_macd_hist_norm,32.30399012565613,lightgbm,3
px_ret_std_10,29.585349678993225,lightgbm,3
vol_ret_corr_21,29.541070103645325,lightgbm,3
xa_rel_strength_7,29.08608055114746,lightgbm,3
px_ret_3,28.27476978302002,lightgbm,3
rng_parkinson_5,27.225729942321777,lightgbm,3
rng_tr_norm,25.895220279693604,lightgbm,3
px_ret_mean_21,24.731149792671204,lightgbm,3
tech_bb_pos_20,24.349894613958895,lightgbm,3
px_dist_min_21,24.241649627685547,lightgbm,3
px_ret_mean_5,22.637019634246826,lightgbm,3
px_cumret_7,16.71358013153076,lightgbm,3
tech_macd_signal_norm,12.969959735870361,lightgbm,3
xa_corr_ref_90,11.848730087280273,lightgbm,3
rng_garman_klass_21,9.891019821166992,lightgbm,3
cal_is_weekend,5.748050212860107,lightgbm,3
xa_rank_ret_lag1,0.0,lightgbm,3
xa_market_ret_lag1,923.4279549121857,lightgbm,3
rng_close_position,861.7810628414154,lightgbm,3
cal_dow_cos,822.175929069519,lightgbm,3
px_ret_1,621.5327780246735,lightgbm,3
cal_dom_sin,556.1923899650574,lightgbm,3
xa_ref_ret_lag2,527.7688034772873,lightgbm,3
xa_ref_ret_lag1,443.6422917842865,lightgbm,3
cal_dom_cos,416.15547013282776,lightgbm,3
xa_ref_ret_mean_5,328.4776623249054,lightgbm,3
xa_market_dispersion,322.04280042648315,lightgbm,3
px_ret_skew_63,305.4613516330719,lightgbm,3
px_ret_10,251.51037549972534,lightgbm,3
xa_market_ret_mean_5,248.50873970985413,lightgbm,3
vol_taker_buy_ratio,230.94246125221252,lightgbm,3
px_dist_max_21,226.86820164322853,lightgbm,3
cal_dow_sin,221.68474864959717,lightgbm,3
xa_ref_vol_21,201.4418797492981,lightgbm,3
cal_moy_sin,196.3272306919098,lightgbm,3
aux_fng,196.036519408226,lightgbm,3
aux_fng_chg_7,187.29228115081787,lightgbm,3
px_ret_skew_21,182.3186914920807,lightgbm,3
px_dist_max_63,171.679297208786,lightgbm,3
px_ret_mean_63,170.24392557144165,lightgbm,3
tech_obv_zscore_21,160.04253911972046,lightgbm,3
aux_txcnt_z63,148.97980070114136,lightgbm,3
vol_taker_buy_ratio_mean_7,146.35398054122925,lightgbm,3
tech_macd_line_norm,133.66906070709229,lightgbm,3
px_ret_21,129.46126127243042,lightgbm,3
rng_cc_parkinson_ratio_21,125.04175043106079,lightgbm,3
px_ret_5,121.39122915267944,lightgbm,3
vol_qv_median_ratio_63,119.86206525564194,lightgbm,3
xa_rel_strength_30,117.33875131607056,lightgbm,3
aux_splycur_z63,103.96781086921692,lightgbm,3
xa_corr_ref_30,101.58321703970432,lightgbm,3
rng_garman_klass_5,101.04946947097778,lightgbm,3
vol_taker_buy_ratio_dev,97.80630898475647,lightgbm,3
px_ret_kurt_63,96.92157125473022,lightgbm,3
px_ret_std_5,96.8709397315979,lightgbm,3
vol_trades_zscore_21,95.03784918785095,lightgbm,3
px_dist_min_63,90.0981798171997,lightgbm,3
px_ret_mean_21,88.07592964172363,lightgbm,3
aux_splycur_chg_7,86.39777994155884,lightgbm,3
vol_log1p_volume,80.37225079536438,lightgbm,3
aux_adractcnt_chg_7,79.76290988922119,lightgbm,3
aux_fng_z_63,78.94285035133362,lightgbm,3
rng_atr_14_norm,76.56041026115417,lightgbm,3
vol_log1p_quote_volume,71.30271077156067,lightgbm,3
tech_rsi_14,68.88424968719482,lightgbm,3
xa_excess_ret_lag1,67.51070952415466,lightgbm,3
tech_macd_hist_norm,63.80640888214111,lightgbm,3
px_ret_kurt_21,63.77464032173157,lightgbm,3
vol_ret_corr_21,62.86719083786011,lightgbm,3
px_ret_3,62.56470036506653,lightgbm,3
tech_stoch_k_14,60.43554997444153,lightgbm,3
vol_zscore_21,60.09338021278381,lightgbm,3
px_ret_std_63,59.062971115112305,lightgbm,3
px_ret_std_10,54.30790960788727,lightgbm,3
aux_adractcnt_z63,52.930800676345825,lightgbm,3
rng_tr_norm,49.32888078689575,lightgbm,3
aux_txcnt_chg_7,49.207751750946045,lightgbm,3
rng_intraday,47.41831922531128,lightgbm,3
tech_bb_pos_20,45.53451919555664,lightgbm,3
tech_stoch_d_14,45.16184949874878,lightgbm,3
px_cumret_30,45.049946308135986,lightgbm,3
tech_macd_signal_norm,44.7005500793457,lightgbm,3
px_ret_2,43.96752968430519,lightgbm,3
px_cumret_90,43.23575937747955,lightgbm,3
px_dist_min_21,41.60135996341705,lightgbm,3
xa_rel_strength_7,41.467809319496155,lightgbm,3
px_ret_mean_5,39.622599840164185,lightgbm,3
rng_garman_klass_21,37.518710255622864,lightgbm,3
px_cumret_7,37.04360032081604,lightgbm,3
cal_moy_cos,31.206339359283447,lightgbm,3
xa_corr_ref_90,24.581300258636475,lightgbm,3
rng_parkinson_5,24.391860008239746,lightgbm,3
px_ret_mean_10,20.609879970550537,lightgbm,3
px_ret_std_21,19.482009887695312,lightgbm,3
rng_parkinson_21,16.413410186767578,lightgbm,3
cal_is_weekend,14.926630020141602,lightgbm,3
xa_rank_ret_lag1,0.0,lightgbm,3
xa_market_ret_lag1,1015.0567901134491,lightgbm,3
cal_dow_cos,902.412357211113,lightgbm,3
rng_close_position,852.6152167320251,lightgbm,3
cal_dom_sin,763.2077736854553,lightgbm,3
px_ret_1,695.7227762937546,lightgbm,3
xa_ref_ret_lag1,540.6490479707718,lightgbm,3
xa_ref_ret_lag2,531.2151429057121,lightgbm,3
cal_dom_cos,426.59430027008057,lightgbm,3
xa_market_ret_mean_5,423.44102668762207,lightgbm,3
xa_ref_ret_mean_5,407.8372118473053,lightgbm,3
xa_ref_vol_21,392.5862693786621,lightgbm,3
xa_market_dispersion,359.8614584207535,lightgbm,3
px_dist_max_63,341.500937461853,lightgbm,3
px_ret_mean_63,322.280100107193,lightgbm,3
aux_fng_chg_7,292.189519405365,lightgbm,3
px_ret_skew_21,291.33345878124237,lightgbm,3
px_ret_skew_63,274.2064700126648,lightgbm,3
cal_dow_sin,250.14429211616516,lightgbm,3
vol_taker_buy_ratio_mean_7,238.8894600868225,lightgbm,3
vol_taker_buy_ratio,231.23116958141327,lightgbm,3
aux_fng,230.24766039848328,lightgbm,3
cal_moy_sin,226.20154905319214,lightgbm,3
rng_cc_parkinson_ratio_21,197.84553003311157,lightgbm,3
aux_txcnt_z63,194.61485981941223,lightgbm,3
vol_trades_zscore_21,193.16507959365845,lightgbm,3
rng_atr_14_norm,182.829620718956,lightgbm,3
px_ret_10,180.4250509738922,lightgbm,3
tech_obv_zscore_21,173.13291192054749,lightgbm,3
px_dist_max_21,162.34158039093018,lightgbm,3
xa_rel_strength_30,149.6100618839264,lightgbm,3
vol_taker_buy_ratio_dev,149.39908927679062,lightgbm,3
px_ret_21,148.6224012374878,lightgbm,3
aux_fng_z_63,142.61596965789795,lightgbm,3
aux_adractcnt_chg_7,142.44436931610107,lightgbm,3
rng_garman_klass_5,139.46802043914795,lightgbm,3
aux_txcnt_chg_7,133.2073793411255,lightgbm,3
px_ret_std_5,130.95632123947144,lightgbm,3
px_ret_5,127.87003064155579,lightgbm,3
tech_macd_line_norm,126.18121993541718,lightgbm,3
xa_corr_ref_30,117.40988039970398,lightgbm,3
tech_rsi_14,113.51315975189209,lightgbm,3
px_ret_3,103.38166046142578,lightgbm,3
px_dist_min_63,101.2679808139801,lightgbm,3
px_ret_kurt_21,100.469979763031,lightgbm,3
xa_excess_ret_lag1,99.82530987262726,lightgbm,3
aux_splycur_z63,97.29185152053833,lightgbm,3
aux_adractcnt_z63,96.17100071907043,lightgbm,3
px_ret_std_10,91.14751958847046,lightgbm,3
px_ret_mean_10,87.65751934051514,lightgbm,3
px_dist_min_21,87.17520022392273,lightgbm,3
vol_qv_median_ratio_63,84.66501435637474,lightgbm,3
px_ret_std_63,83.02877068519592,lightgbm,3
vol_zscore_21,81.09457039833069,lightgbm,3
tech_macd_hist_norm,78.936270236969,lightgbm,3
px_cumret_7,77.26611018180847,lightgbm,3
cal_moy_cos,74.70135879516602,lightgbm,3
px_ret_kurt_63,73.29769921302795,lightgbm,3
vol_log1p_volume,70.60026979446411,lightgbm,3
rng_intraday,65.60194063186646,lightgbm,3
px_ret_mean_21,65.31666040420532,lightgbm,3
vol_log1p_quote_volume,63.16205072402954,lightgbm,3
rng_parkinson_5,63.121379375457764,lightgbm,3
tech_stoch_d_14,61.21577024459839,lightgbm,3
rng_tr_norm,57.16781008243561,lightgbm,3
xa_rel_strength_7,54.92439866065979,lightgbm,3
px_ret_2,53.78233981132507,lightgbm,3
rng_garman_klass_21,49.09821033477783,lightgbm,3
aux_splycur_chg_7,48.32629108428955,lightgbm,3
px_cumret_30,47.297159910202026,lightgbm,3
vol_ret_corr_21,46.69288897514343,lightgbm,3
px_ret_mean_5,44.000089168548584,lightgbm,3
tech_stoch_k_14,42.85691976547241,lightgbm,3
px_ret_std_21,38.83154010772705,lightgbm,3
px_cumret_90,38.81696939468384,lightgbm,3
xa_corr_ref_90,35.09141993522644,lightgbm,3
tech_bb_pos_20,32.45487976074219,lightgbm,3
rng_parkinson_21,32.40212082862854,lightgbm,3
tech_macd_signal_norm,23.081609964370728,lightgbm,3
cal_is_weekend,16.846930027008057,lightgbm,3
xa_rank_ret_lag1,0.0,lightgbm,3
rng_close_position,0.07487066879822442,ridge,4
px_ret_1,0.06763090531790304,ridge,4
cal_dow_cos,0.05998127105204009,ridge,4
cal_moy_sin,0.05071451042790835,ridge,4
xa_market_ret_lag1,0.031755449214953095,ridge,4
cal_is_weekend,0.03042668452663571,ridge,4
aux_splycur_chg_7,0.02864506970699417,ridge,4
xa_ref_ret_lag1,0.02768885752063076,ridge,4
px_ret_kurt_63,0.027059294207889672,ridge,4
px_ret_skew_21,0.023799410911517375,ridge,4
px_ret_skew_63,0.022630740980720473,ridge,4
xa_rel_strength_30,0.022054906393171234,ridge,4
px_ret_3,0.019509282325157955,ridge,4
px_ret_kurt_21,0.019314467360592464,ridge,4
aux_txcnt_z63,0.01910758788266795,ridge,4
xa_corr_ref_90,0.01830898743890763,ridge,4
xa_rank_ret_lag1,0.017665750183796035,ridge,4
xa_ref_vol_21,0.016518598126371267,ridge,4
px_dist_max_63,0.015824767805232634,ridge,4
rng_garman_klass_5,0.015433465340520518,ridge,4
rng_atr_14_norm,0.01540702136273195,ridge,4
vol_qv_median_ratio_63,0.014859171971968883,ridge,4
xa_rel_strength_7,0.01460214853525086,ridge,4
aux_splycur_z63,0.013865875273505428,ridge,4
px_ret_2,0.013383326144611208,ridge,4
px_cumret_7,0.013194754545293487,ridge,4
xa_ref_ret_lag2,0.013138614348854142,ridge,4
rng_cc_parkinson_ratio_21,0.013054372208716197,ridge,4
px_ret_std_21,0.012606696322055216,ridge,4
vol_log1p_volume,0.012533192719131251,ridge,4
tech_bb_pos_20,0.012474215766256742,ridge,4
vol_taker_buy_ratio_mean_7,0.012332118658417436,ridge,4
tech_obv_zscore_21,0.011612243790353066,ridge,4
cal_dow_sin,0.011213662288957791,ridge,4
vol_zscore_21,0.01107483966721237,ridge,4
px_dist_max_21,0.010064214961020642,ridge,4
xa_excess_ret_lag1,0.009786969397537109,ridge,4
rng_parkinson_5,0.009499181543375125,ridge,4
px_ret_10,0.009485862595175865,ridge,4
px_ret_mean_10,0.009485862595175844,ridge,4
xa_corr_ref_30,0.009332182167136445,ridge,4
xa_ref_ret_mean_5,0.009213172384270989,ridge,4
xa_market_ret_mean_5,0.008954684091169719,ridge,4
tech_stoch_k_14,0.007820950498135616,ridge,4
px_ret_5,0.007595121508447859,ridge,4
px_ret_mean_5,0.0075951215084478566,ridge,4
tech_rsi_14,0.007355432644763904,ridge,4
cal_dom_sin,0.0072300877428134805,ridge,4
rng_parkinson_21,0.0071134763313000495,ridge,4
vol_trades_zscore_21,0.007006579290480693,ridge,4
vol_ret_corr_21,0.006917763278549324,ridge,4
px_dist_min_63,0.006903168386708196,ridge,4
aux_adractcnt_chg_7,0.005723056834821321,ridge,4
vol_log1p_quote_volume,0.005429249554821525,ridge,4
px_ret_std_63,0.005221484269561142,ridge,4
rng_garman_klass_21,0.004701135016009966,ridge,4
aux_fng,0.00449141627455167,ridge,4
aux_fng_chg_7,0.003813084859486661,ridge,4
rng_intraday,0.0036369856410087575,ridge,4
tech_macd_signal_norm,0.0035297090607543987,ridge,4
px_ret_std_5,0.003170733854877118,ridge,4
tech_macd_line_norm,0.003030005160904631,ridge,4
tech_macd_hist_norm,0.002713967032685309,ridge,4
aux_txcnt_chg_7,0.0020786431396454157,ridge,4
aux_adractcnt_z63,0.0020046293475064767,ridge,4
px_cumret_90,0.00180859217060587,ridge,4
px_ret_21,0.001746736201933145,ridge,4
px_ret_mean_21,0.0017467362019331382,ridge,4
px_cumret_30,0.0017460340011802434,ridge,4
cal_dom_cos,0.0015970104081079804,ridge,4
px_ret_std_10,0.0015715258382513568,ridge,4
tech_stoch_d_14,0.0011499080748119694,ridge,4
cal_moy_cos,0.0011405324114181063,ridge,4
vol_taker_buy_ratio,0.0011125366193214382,ridge,4
vol_taker_buy_ratio_dev,0.0011125366193214168,ridge,4
rng_tr_norm,0.0008189091772922578,ridge,4
px_dist_min_21,0.0006813585761414703,ridge,4
aux_fng_z_63,0.0004519485016651085,ridge,4
xa_market_dispersion,7.000705148479808e-05,ridge,4
px_ret_mean_63,2.5334861151139165e-05,ridge,4
rng_close_position,560.4753289222717,lightgbm,4
cal_dow_cos,317.2959232330322,lightgbm,4
xa_market_ret_lag1,198.61102771759033,lightgbm,4
aux_fng,189.69759964942932,lightgbm,4
cal_dom_cos,181.24376964569092,lightgbm,4
tech_macd_line_norm,154.63456916809082,lightgbm,4
vol_taker_buy_ratio,135.87720012664795,lightgbm,4
xa_market_dispersion,124.56253933906555,lightgbm,4
cal_dom_sin,120.09822940826416,lightgbm,4
cal_dow_sin,108.50543069839478,lightgbm,4
px_dist_max_63,94.92297029495239,lightgbm,4
px_ret_1,87.26580047607422,lightgbm,4
xa_ref_ret_mean_5,80.56582975387573,lightgbm,4
px_ret_skew_21,80.30853009223938,lightgbm,4
rng_cc_parkinson_ratio_21,77.0348310470581,lightgbm,4
xa_market_ret_mean_5,72.5447301864624,lightgbm,4
xa_ref_ret_lag2,58.433120250701904,lightgbm,4
cal_is_weekend,57.23569965362549,lightgbm,4
xa_ref_ret_lag1,50.22920036315918,lightgbm,4
px_ret_mean_63,47.31462314724922,lightgbm,4
vol_qv_median_ratio_63,44.927550315856934,lightgbm,4
xa_ref_vol_21,42.32757043838501,lightgbm,4
tech_macd_signal_norm,42.29295015335083,lightgbm,4
rng_garman_klass_5,41.25722026824951,lightgbm,4
tech_obv_zscore_21,38.152039527893066,lightgbm,4
aux_fng_chg_7,37.418569564819336,lightgbm,4
px_ret_10,35.66581082344055,lightgbm,4
cal_moy_sin,35.44174003601074,lightgbm,4
xa_corr_ref_90,35.42837047576904,lightgbm,4
px_ret_3,33.375999450683594,lightgbm,4
px_ret_skew_63,32.46755051612854,lightgbm,4
aux_txcnt_z63,30.27904963493347,lightgbm,4
px_ret_std_5,30.11050033569336,lightgbm,4
xa_corr_ref_30,28.695070266723633,lightgbm,4
vol_zscore_21,24.325631141662598,lightgbm,4
rng_intraday,23.36274003982544,lightgbm,4
vol_taker_buy_ratio_mean_7,23.180359840393066,lightgbm,4
vol_trades_zscore_21,21.867700576782227,lightgbm,4
px_ret_21,18.98652982711792,lightgbm,4
aux_splycur_z63,18.85724925994873,lightgbm,4
vol_log1p_volume,18.176330089569092,lightgbm,4
px_ret_2,18.107840061187744,lightgbm,4
aux_adractcnt_chg_7,17.01172971725464,lightgbm,4
rng_atr_14_norm,16.40699005126953,lightgbm,4
px_dist_min_63,14.319299697875977,lightgbm,4
aux_txcnt_chg_7,14.1528902053833,lightgbm,4
rng_garman_klass_21,13.029899597167969,lightgbm,4
px_cumret_7,12.834699630737305,lightgbm,4
xa_rel_strength_30,11.028480052947998,lightgbm,4
px_ret_mean_10,11.001999855041504,lightgbm,4
px_ret_5,9.242209911346436,lightgbm,4
px_ret_kurt_63,9.209639549255371,lightgbm,4
rng_parkinson_5,8.926019668579102,lightgbm,4
px_ret_std_21,7.77308988571167,lightgbm,4
px_cumret_90,7.546580076217651,lightgbm,4
vol_taker_buy_ratio_dev,7.519509792327881,lightgbm,4
rng_tr_norm,4.911789894104004,lightgbm,4
px_ret_std_10,4.547860145568848,lightgbm,4
xa_rel_strength_7,3.908780097961426,lightgbm,4
px_ret_mean_5,3.2642900943756104,lightgbm,4
px_ret_mean_21,2.475630044937134,lightgbm,4
tech_macd_hist_norm,2.3670198917388916,lightgbm,4
tech_bb_pos_20,1.9299099445343018,lightgbm,4
aux_fng_z_63,0.6014119982719421,lightgbm,4
px_ret_kurt_21,0.0,lightgbm,4
px_ret_std_63,0.0,lightgbm,4
rng_parkinson_21,0.0,lightgbm,4
vol_ret_corr_21,0.0,lightgbm,4
px_dist_min_21,0.0,lightgbm,4
px_dist_max_21,0.0,lightgbm,4
px_cumret_30,0.0,lightgbm,4
vol_log1p_quote_volume,0.0,lightgbm,4
tech_rsi_14,0.0,lightgbm,4
xa_rank_ret_lag1,0.0,lightgbm,4
tech_stoch_k_14,0.0,lightgbm,4
tech_stoch_d_14,0.0,lightgbm,4
xa_excess_ret_lag1,0.0,lightgbm,4
cal_moy_cos,0.0,lightgbm,4
aux_adractcnt_z63,0.0,lightgbm,4
aux_splycur_chg_7,0.0,lightgbm,4
rng_close_position,505.15789699554443,lightgbm,4
cal_dow_cos,386.9918785095215,lightgbm,4
cal_dom_sin,313.6538128852844,lightgbm,4
px_ret_1,252.42724800109863,lightgbm,4
xa_market_ret_lag1,231.76092910766602,lightgbm,4
aux_fng,174.46391940116882,lightgbm,4
cal_dom_cos,158.1514310836792,lightgbm,4
px_dist_max_63,145.5925588607788,lightgbm,4
xa_market_dispersion,124.64766144752502,lightgbm,4
xa_market_ret_mean_5,115.1533842086792,lightgbm,4
px_ret_skew_63,108.642098903656,lightgbm,4
tech_macd_line_norm,108.46438074111938,lightgbm,4
vol_taker_buy_ratio,91.84626984596252,lightgbm,4
px_ret_skew_21,89.98462080955505,lightgbm,4
cal_dow_sin,88.0722393989563,lightgbm,4
xa_ref_ret_lag1,86.31296968460083,lightgbm,4
xa_ref_ret_mean_5,80.47757029533386,lightgbm,4
vol_taker_buy_ratio_dev,76.87445974349976,lightgbm,4
xa_ref_vol_21,74.33300924301147,lightgbm,4
px_ret_10,67.30264091491699,lightgbm,4
aux_fng_chg_7,64.25030040740967,lightgbm,4
px_ret_21,61.90014028549194,lightgbm,4
vol_taker_buy_ratio_mean_7,58.47444939613342,lightgbm,4
px_ret_mean_63,55.85513973236084,lightgbm,4
rng_cc_parkinson_ratio_21,55.05046987533569,lightgbm,4
vol_qv_median_ratio_63,53.89529991149902,lightgbm,4
xa_corr_ref_30,52.783859968185425,lightgbm,4
vol_trades_zscore_21,50.482820987701416,lightgbm,4
aux_txcnt_chg_7,44.9500298500061,lightgbm,4
cal_moy_sin,44.15463924407959,lightgbm,4
rng_garman_klass_5,41.8918399810791,lightgbm,4
aux_fng_z_63,41.43009090423584,lightgbm,4
rng_parkinson_5,39.705950528383255,lightgbm,4
tech_obv_zscore_21,38.51107048988342,lightgbm,4
tech_rsi_14,38.25046968460083,lightgbm,4
rng_atr_14_norm,35.80313014984131,lightgbm,4
aux_txcnt_z63,35.02185010910034,lightgbm,4
vol_log1p_volume,34.93765813112259,lightgbm,4
xa_ref_ret_lag2,31.067969799041748,lightgbm,4
px_ret_kurt_21,28.101749897003174,lightgbm,4
px_dist_min_21,27.69633913040161,lightgbm,4
xa_corr_ref_90,27.49786949157715,lightgbm,4
vol_zscore_21,27.035880088806152,lightgbm,4
tech_macd_signal_norm,26.136180877685547,lightgbm,4
px_ret_5,25.075640201568604,lightgbm,4
aux_adractcnt_z63,24.8528995513916,lightgbm,4
xa_rel_strength_30,24.631600379943848,lightgbm,4
cal_is_weekend,24.28200054168701,lightgbm,4
aux_splycur_z63,22.563740015029907,lightgbm,4
aux_adractcnt_chg_7,22.221320152282715,lightgbm,4
aux_splycur_chg_7,20.463560104370117,lightgbm,4
px_cumret_90,20.298139572143555,lightgbm,4
rng_tr_norm,18.444049835205078,lightgbm,4
px_ret_std_5,17.092069625854492,lightgbm,4
vol_ret_corr_21,15.339379787445068,lightgbm,4
px_dist_min_63,15.33557939529419,lightgbm,4
rng_garman_klass_21,14.057520389556885,lightgbm,4
px_ret_mean_10,13.929300308227539,lightgbm,4
px_dist_max_21,13.533659934997559,lightgbm,4
px_ret_mean_5,13.220200061798096,lightgbm,4
rng_intraday,12.97659969329834,lightgbm,4
tech_stoch_k_14,12.649349689483643,lightgbm,4
rng_parkinson_21,12.464540004730225,lightgbm,4
px_ret_std_21,12.420999526977539,lightgbm,4
vol_log1p_quote_volume,12.281599998474121,lightgbm,4
cal_moy_cos,10.833580017089844,lightgbm,4
px_ret_std_10,9.759649753570557,lightgbm,4
px_ret_kurt_63,8.528240203857422,lightgbm,4
tech_stoch_d_14,8.160309791564941,lightgbm,4
px_ret_std_63,7.411249876022339,lightgbm,4
xa_excess_ret_lag1,5.244060039520264,lightgbm,4
px_cumret_30,3.1335599422454834,lightgbm,4
px_ret_mean_21,0.0,lightgbm,4
px_ret_2,0.0,lightgbm,4
px_ret_3,0.0,lightgbm,4
px_cumret_7,0.0,lightgbm,4
tech_bb_pos_20,0.0,lightgbm,4
tech_macd_hist_norm,0.0,lightgbm,4
xa_rel_strength_7,0.0,lightgbm,4
xa_rank_ret_lag1,0.0,lightgbm,4
rng_close_position,697.1609320640564,lightgbm,4
cal_dow_cos,544.3087477684021,lightgbm,4
cal_dom_sin,348.7091884613037,lightgbm,4
xa_market_ret_lag1,345.37018966674805,lightgbm,4
px_ret_1,338.34256291389465,lightgbm,4
cal_dom_cos,231.172589302063,lightgbm,4
aux_fng,212.36290001869202,lightgbm,4
xa_market_dispersion,174.51259112358093,lightgbm,4
xa_ref_ret_lag1,165.48637914657593,lightgbm,4
tech_macd_line_norm,161.08226013183594,lightgbm,4
xa_market_ret_mean_5,147.61677932739258,lightgbm,4
xa_ref_ret_lag2,145.66696965694427,lightgbm,4
vol_taker_buy_ratio,139.51138162612915,lightgbm,4
cal_dow_sin,139.07627153396606,lightgbm,4
xa_ref_ret_mean_5,136.62380027770996,lightgbm,4
aux_fng_chg_7,134.76184034347534,lightgbm,4
px_ret_skew_21,115.27978038787842,lightgbm,4
cal_moy_sin,112.58513164520264,lightgbm,4
px_ret_skew_63,109.71115016937256,lightgbm,4
px_ret_kurt_63,95.33334946632385,lightgbm,4
px_dist_max_63,88.14492893218994,lightgbm,4
xa_ref_vol_21,72.62315094470978,lightgbm,4
rng_cc_parkinson_ratio_21,69.15605115890503,lightgbm,4
vol_trades_zscore_21,69.102370262146,lightgbm,4
px_ret_10,65.21872901916504,lightgbm,4
vol_taker_buy_ratio_mean_7,64.4106993675232,lightgbm,4
px_dist_max_21,61.94100999832153,lightgbm,4
px_ret_21,58.47306966781616,lightgbm,4
aux_txcnt_z63,55.14587116241455,lightgbm,4
tech_obv_zscore_21,50.347743690013885,lightgbm,4
vol_taker_buy_ratio_dev,48.982211112976074,lightgbm,4
px_ret_std_63,48.1887903213501,lightgbm,4
xa_corr_ref_30,47.45400047302246,lightgbm,4
vol_log1p_volume,47.432730197906494,lightgbm,4
vol_ret_corr_21,47.02025055885315,lightgbm,4
aux_splycur_chg_7,45.43810963630676,lightgbm,4
rng_garman_klass_5,45.195340156555176,lightgbm,4
aux_splycur_z63,41.15224027633667,lightgbm,4
tech_macd_signal_norm,40.477710485458374,lightgbm,4
cal_moy_cos,40.07463979721069,lightgbm,4
px_ret_mean_63,39.69698095321655,lightgbm,4
px_ret_5,37.45491981506348,lightgbm,4
vol_log1p_quote_volume,36.89472961425781,lightgbm,4
tech_stoch_k_14,36.136260986328125,lightgbm,4
vol_qv_median_ratio_63,36.06514072418213,lightgbm,4
px_ret_std_5,35.12594032287598,lightgbm,4
px_ret_3,34.09539985656738,lightgbm,4
px_dist_min_63,33.78993034362793,lightgbm,4
xa_excess_ret_lag1,33.01339054107666,lightgbm,4
px_ret_2,32.41835021972656,lightgbm,4
vol_zscore_21,32.22889041900635,lightgbm,4
aux_txcnt_chg_7,31.350810050964355,lightgbm,4
rng_parkinson_5,30.5545597076416,lightgbm,4
px_cumret_90,30.347989797592163,lightgbm,4
px_ret_std_21,28.99618101119995,lightgbm,4
px_cumret_7,28.64158034324646,lightgbm,4
tech_macd_hist_norm,26.77903962135315,lightgbm,4
tech_stoch_d_14,24.93315029144287,lightgbm,4
aux_adractcnt_z63,23.697070121765137,lightgbm,4
px_ret_std_10,22.701220512390137,lightgbm,4
px_ret_mean_5,20.22810983657837,lightgbm,4
xa_corr_ref_90,19.376710176467896,lightgbm,4
rng_tr_norm,19.170000076293945,lightgbm,4
rng_atr_14_norm,18.64692974090576,lightgbm,4
px_ret_kurt_21,17.963159561157227,lightgbm,4
px_dist_min_21,16.835309982299805,lightgbm,4
tech_rsi_14,14.349270343780518,lightgbm,4
px_cumret_30,14.125440120697021,lightgbm,4
aux_fng_z_63,13.24891996383667,lightgbm,4
rng_garman_klass_21,12.977299690246582,lightgbm,4
xa_rel_strength_30,12.448610305786133,lightgbm,4
px_ret_mean_10,12.420599937438965,lightgbm,4
rng_intraday,10.67590045928955,lightgbm,4
rng_parkinson_21,10.640089988708496,lightgbm,4
tech_bb_pos_20,8.801689863204956,lightgbm,4
xa_rel_strength_7,7.534369945526123,lightgbm,4
xa_rank_ret_lag1,7.272669792175293,lightgbm,4
aux_adractcnt_chg_7,2.1974000930786133,lightgbm,4
px_ret_mean_21,1.1251599788665771,lightgbm,4
cal_is_weekend,0.0,lightgbm,4
rng_close_position,656.3452689647675,lightgbm,4
cal_dow_cos,329.7362689971924,lightgbm,4
xa_market_ret_lag1,261.29147720336914,lightgbm,4
aux_fng,204.82144021987915,lightgbm,4
cal_dom_sin,202.29228973388672,lightgbm,4
xa_market_dispersion,132.84395956993103,lightgbm,4
px_ret_1,126.87047147750854,lightgbm,4
xa_ref_vol_21,126.38965225219727,lightgbm,4
tech_macd_line_norm,125.6694107055664,lightgbm,4
vol_taker_buy_ratio,118.88497972488403,lightgbm,4
cal_dow_sin,117.5719792842865,lightgbm,4
xa_ref_ret_mean_5,110.64307022094727,lightgbm,4
cal_dom_cos,104.10631060600281,lightgbm,4
vol_taker_buy_ratio_mean_7,77.82525968551636,lightgbm,4
px_ret_skew_21,77.16101050376892,lightgbm,4
rng_cc_parkinson_ratio_21,73.56848323345184,lightgbm,4
aux_fng_chg_7,72.9009804725647,lightgbm,4
cal_moy_sin,70.13392972946167,lightgbm,4
vol_trades_zscore_21,68.71397876739502,lightgbm,4
xa_ref_ret_lag2,67.35773992538452,lightgbm,4
px_dist_max_21,67.27134943008423,lightgbm,4
px_dist_max_63,63.26949071884155,lightgbm,4
aux_txcnt_z63,57.243441104888916,lightgbm,4
px_ret_skew_63,55.901750564575195,lightgbm,4
xa_market_ret_mean_5,55.28130054473877,lightgbm,4
px_ret_10,54.64029884338379,lightgbm,4
vol_taker_buy_ratio_dev,54.38228964805603,lightgbm,4
vol_qv_median_ratio_63,48.31946039199829,lightgbm,4
aux_fng_z_63,48.001099824905396,lightgbm,4
px_ret_std_63,47.22092454135418,lightgbm,4
tech_macd_signal_norm,46.535400390625,lightgbm,4
px_ret_mean_63,45.17110061645508,lightgbm,4
aux_splycur_z63,42.95666980743408,lightgbm,4
xa_corr_ref_90,38.8649206161499,lightgbm,4
vol_log1p_volume,36.363330364227295,lightgbm,4
px_ret_std_5,35.261549949645996,lightgbm,4
xa_corr_ref_30,33.034849643707275,lightgbm,4
tech_stoch_k_14,32.04259920120239,lightgbm,4
rng_parkinson_5,30.886760234832764,lightgbm,4
aux_txcnt_chg_7,26.688090085983276,lightgbm,4
tech_macd_hist_norm,25.827190399169922,lightgbm,4
xa_ref_ret_lag1,24.380289912223816,lightgbm,4
aux_adractcnt_z63,23.370100021362305,lightgbm,4
px_ret_2,23.00809955596924,lightgbm,4
px_ret_3,20.592894077301025,lightgbm,4
vol_zscore_21,20.053799867630005,lightgbm,4
px_ret_5,18.297639846801758,lightgbm,4
px_ret_mean_21,18.218690156936646,lightgbm,4
rng_tr_norm,18.161630153656006,lightgbm,4
px_dist_min_21,15.142180442810059,lightgbm,4
tech_stoch_d_14,15.056599617004395,lightgbm,4
px_ret_std_21,13.48351001739502,lightgbm,4
xa_rel_strength_30,12.60256028175354,lightgbm,4
cal_is_weekend,12.599200248718262,lightgbm,4
vol_ret_corr_21,12.427259922027588,lightgbm,4
aux_adractcnt_chg_7,12.16193962097168,lightgbm,4
px_ret_kurt_63,10.524389863014221,lightgbm,4
rng_atr_14_norm,9.595270156860352,lightgbm,4
xa_rank_ret_lag1,8.409049987792969,lightgbm,4
tech_obv_zscore_21,8.056689977645874,lightgbm,4
xa_excess_ret_lag1,6.506140232086182,lightgbm,4
px_cumret_30,6.127890110015869,lightgbm,4
px_cumret_90,6.072070121765137,lightgbm,4
px_cumret_7,5.875609874725342,lightgbm,4
px_ret_21,4.358789920806885,lightgbm,4
rng_parkinson_21,4.265870094299316,lightgbm,4
px_ret_std_10,1.9398800134658813,lightgbm,4
px_ret_mean_5,0.0,lightgbm,4
px_ret_kurt_21,0.0,lightgbm,4
px_ret_mean_10,0.0,lightgbm,4
vol_log1p_quote_volume,0.0,lightgbm,4
px_dist_min_63,0.0,lightgbm,4
tech_bb_pos_20,0.0,lightgbm,4
tech_rsi_14,0.0,lightgbm,4
rng_intraday,0.0,lightgbm,4
rng_garman_klass_5,0.0,lightgbm,4
rng_garman_klass_21,0.0,lightgbm,4
xa_rel_strength_7,0.0,lightgbm,4
cal_moy_cos,0.0,lightgbm,4
aux_splycur_chg_7,0.0,lightgbm,4
rng_close_position,567.5628814697266,lightgbm,4
cal_dow_cos,504.82118463516235,lightgbm,4
cal_dom_sin,279.07038021087646,lightgbm,4
xa_market_ret_lag1,267.7565584182739,lightgbm,4
px_ret_1,246.58719158172607,lightgbm,4
xa_market_ret_mean_5,210.10168027877808,lightgbm,4
vol_taker_buy_ratio,160.75410985946655,lightgbm,4
aux_fng,150.64666843414307,lightgbm,4
cal_dom_cos,143.1324806213379,lightgbm,4
xa_ref_ret_lag1,138.95717906951904,lightgbm,4
xa_market_dispersion,137.27314566075802,lightgbm,4
xa_ref_vol_21,137.1555712223053,lightgbm,4
cal_dow_sin,118.74348974227905,lightgbm,4
tech_macd_line_norm,117.5140814781189,lightgbm,4
px_dist_max_63,97.80155968666077,lightgbm,4
vol_taker_buy_ratio_dev,86.31227970123291,lightgbm,4
px_ret_skew_21,84.5303201675415,lightgbm,4
xa_ref_ret_lag2,81.75880932807922,lightgbm,4
aux_fng_chg_7,80.34726047515869,lightgbm,4
rng_cc_parkinson_ratio_21,68.1532895565033,lightgbm,4
xa_ref_ret_mean_5,67.47647094726562,lightgbm,4
px_ret_skew_63,66.49063336849213,lightgbm,4
vol_trades_zscore_21,61.13628959655762,lightgbm,4
vol_taker_buy_ratio_mean_7,59.370530128479004,lightgbm,4
px_ret_21,56.240559339523315,lightgbm,4
xa_corr_ref_30,51.76647996902466,lightgbm,4
vol_zscore_21,49.03197884559631,lightgbm,4
cal_moy_sin,47.94470024108887,lightgbm,4
px_dist_max_21,44.768380641937256,lightgbm,4
rng_atr_14_norm,44.09215021133423,lightgbm,4
px_ret_10,41.3484091758728,lightgbm,4
px_ret_kurt_21,40.43270969390869,lightgbm,4
px_ret_mean_63,38.16551065444946,lightgbm,4
tech_obv_zscore_21,37.43630176782608,lightgbm,4
aux_adractcnt_z63,35.00336933135986,lightgbm,4
tech_macd_signal_norm,34.60872936248779,lightgbm,4
aux_txcnt_z63,34.19502067565918,lightgbm,4
rng_garman_klass_21,33.810410022735596,lightgbm,4
px_ret_3,30.5992693901062,lightgbm,4
px_ret_mean_21,29.479540824890137,lightgbm,4
tech_rsi_14,28.943779945373535,lightgbm,4
px_ret_std_5,27.906200408935547,lightgbm,4
rng_tr_norm,27.410719990730286,lightgbm,4
tech_stoch_d_14,25.56749963760376,lightgbm,4
aux_splycur_chg_7,25.03328037261963,lightgbm,4
vol_log1p_quote_volume,23.15503978729248,lightgbm,4
px_cumret_90,22.78377914428711,lightgbm,4
aux_adractcnt_chg_7,20.8227596282959,lightgbm,4
aux_splycur_z63,20.784339904785156,lightgbm,4
xa_corr_ref_90,19.913089752197266,lightgbm,4
tech_macd_hist_norm,19.057700157165527,lightgbm,4
px_ret_kurt_63,18.628209590911865,lightgbm,4
vol_log1p_volume,18.04911994934082,lightgbm,4
tech_stoch_k_14,17.84084987640381,lightgbm,4
px_ret_std_10,17.145320415496826,lightgbm,4
aux_txcnt_chg_7,17.000239849090576,lightgbm,4
vol_qv_median_ratio_63,16.717269897460938,lightgbm,4
rng_garman_klass_5,15.93832015991211,lightgbm,4
px_ret_2,15.830319881439209,lightgbm,4
rng_parkinson_5,15.326159954071045,lightgbm,4
aux_fng_z_63,14.428980350494385,lightgbm,4
px_ret_std_63,14.165729999542236,lightgbm,4
px_ret_mean_10,14.130200386047363,lightgbm,4
px_ret_5,14.015290260314941,lightgbm,4
cal_is_weekend,12.565199851989746,lightgbm,4
px_ret_std_21,11.416630268096924,lightgbm,4
px_dist_min_63,8.462340354919434,lightgbm,4
px_dist_min_21,8.351309776306152,lightgbm,4
rng_intraday,7.944180011749268,lightgbm,4
cal_moy_cos,6.499390125274658,lightgbm,4
xa_excess_ret_lag1,3.7271599769592285,lightgbm,4
px_ret_mean_5,0.0,lightgbm,4
tech_bb_pos_20,0.0,lightgbm,4
vol_ret_corr_21,0.0,lightgbm,4
rng_parkinson_21,0.0,lightgbm,4
px_cumret_30,0.0,lightgbm,4
px_cumret_7,0.0,lightgbm,4
xa_rel_strength_30,0.0,lightgbm,4
xa_rank_ret_lag1,0.0,lightgbm,4
xa_rel_strength_7,0.0,lightgbm,4
rng_close_position,0.0876711096966217,ridge,5
px_ret_1,0.06805937651483444,ridge,5
cal_dow_cos,0.055821408114854046,ridge,5
cal_moy_sin,0.05213102438616931,ridge,5
xa_market_ret_lag1,0.03151216413241368,ridge,5
aux_splycur_chg_7,0.031233881366403444,ridge,5
px_ret_kurt_63,0.02767130535704193,ridge,5
xa_ref_ret_lag1,0.02758452095398006,ridge,5
px_ret_skew_21,0.02611923519901853,ridge,5
px_ret_skew_63,0.024427894410638307,ridge,5
cal_is_weekend,0.02416473446621817,ridge,5
cal_dow_sin,0.02221775254483423,ridge,5
xa_rel_strength_30,0.02161542511546919,ridge,5
aux_txcnt_z63,0.021339503502838086,ridge,5
xa_corr_ref_90,0.021061795837894238,ridge,5
px_ret_3,0.019422306861230365,ridge,5
xa_rel_strength_7,0.016500059652899225,ridge,5
vol_qv_median_ratio_63,0.01642366707741797,ridge,5
rng_garman_klass_5,0.016417369952120037,ridge,5
xa_ref_vol_21,0.016136052653580344,ridge,5
rng_cc_parkinson_ratio_21,0.015694104950490503,ridge,5
px_dist_max_63,0.015641802180529712,ridge,5
px_ret_kurt_21,0.01522191701131215,ridge,5
rng_atr_14_norm,0.015039321983536356,ridge,5
xa_ref_ret_lag2,0.014441423722541223,ridge,5
xa_rank_ret_lag1,0.01428281854053566,ridge,5
tech_stoch_k_14,0.013996520860563777,ridge,5
vol_log1p_volume,0.013264747692536246,ridge,5
vol_taker_buy_ratio_mean_7,0.013063085956557696,ridge,5
px_ret_2,0.012735440254973168,ridge,5
px_cumret_7,0.01220865042322725,ridge,5
px_ret_std_21,0.012133616458335751,ridge,5
tech_obv_zscore_21,0.011686131634955903,ridge,5
px_dist_max_21,0.011271086538401967,ridge,5
xa_excess_ret_lag1,0.011149588441128584,ridge,5
px_ret_10,0.011147427860319314,ridge,5
px_ret_mean_10,0.011147427860319303,ridge,5
tech_bb_pos_20,0.010608335293648376,ridge,5
vol_ret_corr_21,0.010424013439003081,ridge,5
cal_dom_sin,0.010375490435419746,ridge,5
xa_corr_ref_30,0.010150311651465186,ridge,5
rng_parkinson_5,0.009753157304324196,ridge,5
vol_log1p_quote_volume,0.00899449510793627,ridge,5
vol_zscore_21,0.008123272794357482,ridge,5
vol_trades_zscore_21,0.007926551739087804,ridge,5
px_ret_std_63,0.007868757555493083,ridge,5
px_dist_min_63,0.007686424911470669,ridge,5
xa_ref_ret_mean_5,0.007679800505689601,ridge,5
tech_rsi_14,0.007363469340951036,ridge,5
xa_market_ret_mean_5,0.007008597427152434,ridge,5
px_ret_5,0.00638616790168902,ridge,5
px_ret_mean_5,0.0063861679016890185,ridge,5
rng_parkinson_21,0.006342951932370123,ridge,5
xa_market_dispersion,0.0061318058970139845,ridge,5
aux_adractcnt_chg_7,0.005956944215450495,ridge,5
aux_fng_z_63,0.005580605592436076,ridge,5
cal_dom_cos,0.005347614456340165,ridge,5
aux_splycur_z63,0.004985874088062061,ridge,5
cal_moy_cos,0.004928700810189347,ridge,5
rng_garman_klass_21,0.003987319203992588,ridge,5
aux_txcnt_chg_7,0.003937770990820772,ridge,5
aux_fng,0.0038029591703446423,ridge,5
vol_taker_buy_ratio,0.0034543810689139504,ridge,5
vol_taker_buy_ratio_dev,0.003454381068913946,ridge,5
px_ret_std_5,0.0033405556171368514,ridge,5
aux_fng_chg_7,0.0032693525331116678,ridge,5
tech_macd_signal_norm,0.0032596205355416535,ridge,5
tech_macd_hist_norm,0.0030291232994855972,ridge,5
tech_macd_line_norm,0.0027996739848874194,ridge,5
rng_tr_norm,0.002780603406228014,ridge,5
px_cumret_30,0.002535732349116696,ridge,5
aux_adractcnt_z63,0.0022463537797637574,ridge,5
tech_stoch_d_14,0.002158543955760366,ridge,5
px_cumret_90,0.0019427412446513036,ridge,5
px_ret_std_10,0.0017133763219611266,ridge,5
px_ret_mean_63,0.0014954334964529822,ridge,5
rng_intraday,0.0011281023733825703,ridge,5
px_ret_21,0.0005665455715985093,ridge,5
px_ret_mean_21,0.000566545571598499,ridge,5
px_dist_min_21,0.0001086886762861486,ridge,5
rng_close_position,849.1798114776611,lightgbm,5
cal_dow_cos,492.127459526062,lightgbm,5
xa_market_ret_lag1,332.0282621383667,lightgbm,5
aux_fng,295.4273796081543,lightgbm,5
cal_dom_sin,276.513867855072,lightgbm,5
xa_ref_ret_lag2,161.3146014213562,lightgbm,5
cal_dom_cos,156.24763011932373,lightgbm,5
xa_ref_ret_mean_5,135.1482696533203,lightgbm,5
px_ret_1,132.5621498823166,lightgbm,5
tech_macd_line_norm,111.75629997253418,lightgbm,5
px_ret_skew_21,107.9270989894867,lightgbm,5
vol_taker_buy_ratio,105.02387022972107,lightgbm,5
xa_market_ret_mean_5,92.80689883232117,lightgbm,5
xa_ref_vol_21,84.84162044525146,lightgbm,5
cal_dow_sin,83.1209716796875,lightgbm,5
xa_ref_ret_lag1,78.34578895568848,lightgbm,5
rng_cc_parkinson_ratio_21,77.54120016098022,lightgbm,5
px_ret_skew_63,76.371591091156,lightgbm,5
cal_moy_sin,71.68229961395264,lightgbm,5
aux_txcnt_z63,66.64439010620117,lightgbm,5
tech_macd_signal_norm,59.85739040374756,lightgbm,5
xa_market_dispersion,57.51572012901306,lightgbm,5
px_dist_max_63,51.67221021652222,lightgbm,5
tech_obv_zscore_21,51.540979623794556,lightgbm,5
aux_adractcnt_chg_7,50.1924706697464,lightgbm,5
xa_corr_ref_30,46.60236930847168,lightgbm,5
xa_corr_ref_90,44.55870056152344,lightgbm,5
vol_taker_buy_ratio_dev,40.97067975997925,lightgbm,5
px_ret_21,40.097440004348755,lightgbm,5
rng_garman_klass_5,40.033689975738525,lightgbm,5
aux_fng_chg_7,39.86830949783325,lightgbm,5
vol_taker_buy_ratio_mean_7,38.70569944381714,lightgbm,5
aux_splycur_chg_7,36.82074022293091,lightgbm,5
px_ret_2,35.96744966506958,lightgbm,5
px_ret_std_63,35.42586040496826,lightgbm,5
xa_rel_strength_30,34.06279993057251,lightgbm,5
px_ret_mean_63,33.20115554332733,lightgbm,5
tech_rsi_14,32.734779357910156,lightgbm,5
px_ret_std_5,30.629499435424805,lightgbm,5
px_dist_max_21,29.794699668884277,lightgbm,5
vol_zscore_21,28.173790454864502,lightgbm,5
rng_atr_14_norm,27.616458892822266,lightgbm,5
px_ret_10,27.5273699760437,lightgbm,5
vol_qv_median_ratio_63,25.08191967010498,lightgbm,5
px_dist_min_21,23.177720069885254,lightgbm,5
px_ret_kurt_63,23.0115909576416,lightgbm,5
aux_fng_z_63,22.94386053085327,lightgbm,5
tech_macd_hist_norm,22.006429195404053,lightgbm,5
aux_txcnt_chg_7,20.81364208459854,lightgbm,5
px_dist_min_63,19.50557041168213,lightgbm,5
px_cumret_90,18.540169715881348,lightgbm,5
rng_tr_norm,16.945019721984863,lightgbm,5
tech_stoch_k_14,16.611219882965088,lightgbm,5
vol_trades_zscore_21,16.379549980163574,lightgbm,5
vol_log1p_volume,16.3092999458313,lightgbm,5
xa_rel_strength_7,16.2808198928833,lightgbm,5
rng_parkinson_5,15.80167007446289,lightgbm,5
vol_log1p_quote_volume,15.298610210418701,lightgbm,5
px_cumret_30,14.454519748687744,lightgbm,5
px_ret_std_10,13.385899543762207,lightgbm,5
px_ret_kurt_21,12.825589656829834,lightgbm,5
px_ret_std_21,11.978300094604492,lightgbm,5
px_cumret_7,9.418939590454102,lightgbm,5
cal_is_weekend,9.253080368041992,lightgbm,5
aux_adractcnt_z63,9.240559816360474,lightgbm,5
px_ret_5,8.830109596252441,lightgbm,5
cal_moy_cos,8.186930179595947,lightgbm,5
rng_parkinson_21,6.640429973602295,lightgbm,5
rng_garman_klass_21,6.544020175933838,lightgbm,5
xa_excess_ret_lag1,5.362569808959961,lightgbm,5
px_ret_mean_21,2.1074600219726562,lightgbm,5
px_ret_3,0.0,lightgbm,5
px_ret_mean_10,0.0,lightgbm,5
px_ret_mean_5,0.0,lightgbm,5
vol_ret_corr_21,0.0,lightgbm,5
rng_intraday,0.0,lightgbm,5
tech_bb_pos_20,0.0,lightgbm,5
tech_stoch_d_14,0.0,lightgbm,5
xa_rank_ret_lag1,0.0,lightgbm,5
aux_splycur_z63,0.0,lightgbm,5
rng_close_position,350.66648960113525,lightgbm,5
cal_dow_cos,348.9645690917969,lightgbm,5
xa_market_ret_lag1,197.2474799156189,lightgbm,5
px_ret_1,183.66844081878662,lightgbm,5
cal_dom_sin,149.79140758514404,lightgbm,5
aux_fng,109.4312219619751,lightgbm,5
tech_macd_line_norm,81.27464008331299,lightgbm,5
xa_market_ret_mean_5,75.66277980804443,lightgbm,5
vol_taker_buy_ratio,67.03044986724854,lightgbm,5
cal_dom_cos,64.06290984153748,lightgbm,5
xa_ref_ret_lag2,62.504470348358154,lightgbm,5
px_ret_10,59.7705192565918,lightgbm,5
aux_txcnt_z63,42.6893196105957,lightgbm,5
vol_taker_buy_ratio_dev,42.250149726867676,lightgbm,5
xa_market_dispersion,40.89931011199951,lightgbm,5
rng_cc_parkinson_ratio_21,37.42312955856323,lightgbm,5
cal_moy_sin,37.3056902885437,lightgbm,5
xa_ref_vol_21,36.665809869766235,lightgbm,5
px_ret_skew_21,36.210989475250244,lightgbm,5
px_ret_skew_63,33.212509632110596,lightgbm,5
xa_corr_ref_90,31.3129301071167,lightgbm,5
cal_dow_sin,31.09034013748169,lightgbm,5
px_ret_3,28.998950481414795,lightgbm,5
px_ret_mean_10,27.33940029144287,lightgbm,5
tech_obv_zscore_21,26.072391033172607,lightgbm,5
tech_macd_hist_norm,25.70170021057129,lightgbm,5
px_ret_std_63,25.289560317993164,lightgbm,5
px_dist_max_63,24.396140575408936,lightgbm,5
px_dist_min_63,23.466099739074707,lightgbm,5
vol_zscore_21,20.135759830474854,lightgbm,5
rng_parkinson_5,19.42586040496826,lightgbm,5
xa_ref_ret_mean_5,18.682270050048828,lightgbm,5
xa_ref_ret_lag1,18.644450187683105,lightgbm,5
xa_rel_strength_7,17.46565008163452,lightgbm,5
vol_trades_zscore_21,15.8583402633667,lightgbm,5
vol_log1p_volume,15.337040066719055,lightgbm,5
px_ret_21,14.940000057220459,lightgbm,5
px_ret_mean_63,14.85830020904541,lightgbm,5
aux_fng_chg_7,13.690500259399414,lightgbm,5
tech_stoch_k_14,12.54889965057373,lightgbm,5
vol_taker_buy_ratio_mean_7,12.31659984588623,lightgbm,5
aux_splycur_z63,12.241700172424316,lightgbm,5
px_ret_std_5,11.091439723968506,lightgbm,5
aux_splycur_chg_7,10.99737000465393,lightgbm,5
px_dist_min_21,10.47189998626709,lightgbm,5
px_ret_std_21,10.330900192260742,lightgbm,5
px_ret_kurt_21,10.112500190734863,lightgbm,5
tech_macd_signal_norm,10.065099716186523,lightgbm,5
px_cumret_90,8.174319982528687,lightgbm,5
cal_moy_cos,7.068640232086182,lightgbm,5
px_ret_std_10,6.6346001625061035,lightgbm,5
px_dist_max_21,6.540929794311523,lightgbm,5
px_ret_mean_5,4.684080123901367,lightgbm,5
rng_garman_klass_5,3.6634700298309326,lightgbm,5
rng_intraday,2.9552199840545654,lightgbm,5
px_cumret_30,2.159899950027466,lightgbm,5
aux_fng_z_63,1.3026399612426758,lightgbm,5
px_ret_mean_21,0.0,lightgbm,5
px_ret_5,0.0,lightgbm,5
px_ret_2,0.0,lightgbm,5
px_ret_kurt_63,0.0,lightgbm,5
px_cumret_7,0.0,lightgbm,5
vol_log1p_quote_volume,0.0,lightgbm,5
vol_qv_median_ratio_63,0.0,lightgbm,5
tech_bb_pos_20,0.0,lightgbm,5
tech_rsi_14,0.0,lightgbm,5
rng_tr_norm,0.0,lightgbm,5
vol_ret_corr_21,0.0,lightgbm,5
rng_parkinson_21,0.0,lightgbm,5
rng_garman_klass_21,0.0,lightgbm,5
rng_atr_14_norm,0.0,lightgbm,5
tech_stoch_d_14,0.0,lightgbm,5
xa_excess_ret_lag1,0.0,lightgbm,5
xa_rank_ret_lag1,0.0,lightgbm,5
xa_rel_strength_30,0.0,lightgbm,5
xa_corr_ref_30,0.0,lightgbm,5
cal_is_weekend,0.0,lightgbm,5
aux_adractcnt_z63,0.0,lightgbm,5
aux_adractcnt_chg_7,0.0,lightgbm,5
aux_txcnt_chg_7,0.0,lightgbm,5
rng_close_position,470.4740514755249,lightgbm,5
cal_dow_cos,344.6849306821823,lightgbm,5
xa_market_ret_lag1,223.84025192260742,lightgbm,5
cal_dom_sin,199.07130002975464,lightgbm,5
px_ret_1,195.91652250289917,lightgbm,5
aux_fng,142.7540988922119,lightgbm,5
xa_ref_ret_lag2,78.67858839035034,lightgbm,5
px_dist_max_63,74.01950931549072,lightgbm,5
tech_macd_line_norm,67.91821002960205,lightgbm,5
px_ret_skew_63,49.75018060207367,lightgbm,5
xa_ref_ret_mean_5,46.861680030822754,lightgbm,5
cal_dom_cos,45.01230049133301,lightgbm,5
aux_fng_chg_7,44.64353930950165,lightgbm,5
vol_taker_buy_ratio,44.42295980453491,lightgbm,5
cal_moy_sin,44.141419410705566,lightgbm,5
px_ret_skew_21,43.17195916175842,lightgbm,5
px_ret_mean_63,37.13759994506836,lightgbm,5
xa_ref_ret_lag1,34.8668007850647,lightgbm,5
aux_txcnt_z63,34.54876089096069,lightgbm,5
xa_market_dispersion,32.95949983596802,lightgbm,5
vol_taker_buy_ratio_dev,31.600399017333984,lightgbm,5
rng_cc_parkinson_ratio_21,31.091229915618896,lightgbm,5
aux_txcnt_chg_7,29.796849727630615,lightgbm,5
xa_market_ret_mean_5,27.69290018081665,lightgbm,5
tech_stoch_d_14,27.513700485229492,lightgbm,5
vol_log1p_volume,25.177330017089844,lightgbm,5
rng_garman_klass_5,25.000300407409668,lightgbm,5
xa_ref_vol_21,22.688790321350098,lightgbm,5
xa_rel_strength_7,22.301899909973145,lightgbm,5
px_ret_std_10,22.20355987548828,lightgbm,5
rng_atr_14_norm,21.63100004196167,lightgbm,5
xa_corr_ref_30,21.369389533996582,lightgbm,5
xa_excess_ret_lag1,18.857909679412842,lightgbm,5
tech_obv_zscore_21,18.40920066833496,lightgbm,5
px_ret_std_63,18.374879837036133,lightgbm,5
aux_adractcnt_z63,18.062060356140137,lightgbm,5
aux_splycur_z63,16.049259662628174,lightgbm,5
px_ret_std_5,15.251899719238281,lightgbm,5
rng_tr_norm,14.921539783477783,lightgbm,5
px_ret_kurt_21,14.257130146026611,lightgbm,5
vol_taker_buy_ratio_mean_7,13.666000366210938,lightgbm,5
px_cumret_90,13.35537052154541,lightgbm,5
cal_dow_sin,12.473639488220215,lightgbm,5
aux_fng_z_63,12.064800262451172,lightgbm,5
px_dist_min_21,11.953399658203125,lightgbm,5
px_ret_5,11.72249984741211,lightgbm,5
px_dist_max_21,11.525199890136719,lightgbm,5
vol_log1p_quote_volume,11.05632996559143,lightgbm,5
px_ret_10,11.040900230407715,lightgbm,5
tech_stoch_k_14,11.023799896240234,lightgbm,5
px_cumret_7,10.834199905395508,lightgbm,5
vol_qv_median_ratio_63,10.325699806213379,lightgbm,5
xa_corr_ref_90,9.633760452270508,lightgbm,5
vol_trades_zscore_21,9.015390396118164,lightgbm,5
px_ret_mean_10,8.970769882202148,lightgbm,5
px_dist_min_63,8.5447998046875,lightgbm,5
rng_intraday,8.426830291748047,lightgbm,5
rng_parkinson_21,6.984990119934082,lightgbm,5
tech_bb_pos_20,6.052969932556152,lightgbm,5
px_ret_3,4.427420139312744,lightgbm,5
aux_adractcnt_chg_7,1.7763299942016602,lightgbm,5
px_ret_2,0.0,lightgbm,5
px_ret_21,0.0,lightgbm,5
px_ret_mean_5,0.0,lightgbm,5
px_ret_mean_21,0.0,lightgbm,5
px_ret_std_21,0.0,lightgbm,5
tech_macd_hist_norm,0.0,lightgbm,5
rng_garman_klass_21,0.0,lightgbm,5
rng_parkinson_5,0.0,lightgbm,5
vol_ret_corr_21,0.0,lightgbm,5
px_ret_kurt_63,0.0,lightgbm,5
vol_zscore_21,0.0,lightgbm,5
px_cumret_30,0.0,lightgbm,5
tech_macd_signal_norm,0.0,lightgbm,5
tech_rsi_14,0.0,lightgbm,5
xa_rank_ret_lag1,0.0,lightgbm,5
xa_rel_strength_30,0.0,lightgbm,5
cal_moy_cos,0.0,lightgbm,5
cal_is_weekend,0.0,lightgbm,5
aux_splycur_chg_7,0.0,lightgbm,5
rng_close_position,649.7629237174988,lightgbm,5
cal_dow_cos,342.78591680526733,lightgbm,5
xa_market_ret_lag1,209.7342185974121,lightgbm,5
cal_dom_sin,169.27692937850952,lightgbm,5
aux_fng,115.20784902572632,lightgbm,5
cal_dom_cos,102.67054891586304,lightgbm,5
xa_ref_ret_lag2,92.33669948577881,lightgbm,5
tech_macd_line_norm,90.93797016143799,lightgbm,5
xa_ref_vol_21,72.1586287021637,lightgbm,5
px_ret_10,67.76940059661865,lightgbm,5
cal_moy_sin,58.64421081542969,lightgbm,5
px_ret_1,51.07862949371338,lightgbm,5
rng_cc_parkinson_ratio_21,48.459299087524414,lightgbm,5
px_ret_skew_21,48.099560260772705,lightgbm,5
xa_ref_ret_mean_5,47.49019002914429,lightgbm,5
px_ret_skew_63,46.9912805557251,lightgbm,5
aux_fng_chg_7,43.14260005950928,lightgbm,5
xa_corr_ref_90,42.177720069885254,lightgbm,5
aux_txcnt_z63,41.690940380096436,lightgbm,5
xa_market_dispersion,40.2135705947876,lightgbm,5
px_dist_max_63,38.52500057220459,lightgbm,5
vol_trades_zscore_21,35.95971989631653,lightgbm,5
vol_taker_buy_ratio,34.41344928741455,lightgbm,5
px_ret_mean_63,33.77827978134155,lightgbm,5
px_ret_21,33.21591019630432,lightgbm,5
vol_log1p_volume,33.061710357666016,lightgbm,5
vol_taker_buy_ratio_dev,32.53584003448486,lightgbm,5
px_dist_min_63,25.812600135803223,lightgbm,5
xa_ref_ret_lag1,25.051799774169922,lightgbm,5
xa_rel_strength_7,23.347100257873535,lightgbm,5
px_dist_min_21,23.02050018310547,lightgbm,5
xa_market_ret_mean_5,21.67747974395752,lightgbm,5
vol_log1p_quote_volume,21.591500282287598,lightgbm,5
vol_ret_corr_21,21.086719512939453,lightgbm,5
vol_taker_buy_ratio_mean_7,20.472100257873535,lightgbm,5
px_ret_std_5,19.86082935333252,lightgbm,5
rng_parkinson_21,19.434429168701172,lightgbm,5
aux_fng_z_63,15.708250045776367,lightgbm,5
px_ret_std_63,14.857399940490723,lightgbm,5
rng_parkinson_5,14.450379848480225,lightgbm,5
rng_atr_14_norm,13.966899871826172,lightgbm,5
px_cumret_90,13.618319511413574,lightgbm,5
vol_qv_median_ratio_63,13.094599723815918,lightgbm,5
px_ret_std_10,12.5589599609375,lightgbm,5
px_cumret_30,12.106200218200684,lightgbm,5
tech_macd_signal_norm,11.631500244140625,lightgbm,5
xa_corr_ref_30,11.54613995552063,lightgbm,5
cal_is_weekend,10.783900260925293,lightgbm,5
aux_adractcnt_z63,10.705900192260742,lightgbm,5
aux_txcnt_chg_7,9.954350471496582,lightgbm,5
px_ret_kurt_21,9.3785400390625,lightgbm,5
tech_obv_zscore_21,8.507200241088867,lightgbm,5
cal_moy_cos,7.845789909362793,lightgbm,5
xa_excess_ret_lag1,7.782129764556885,lightgbm,5
px_dist_max_21,6.90664005279541,lightgbm,5
px_ret_mean_21,6.7004499435424805,lightgbm,5
cal_dow_sin,5.9049201011657715,lightgbm,5
tech_bb_pos_20,5.072549819946289,lightgbm,5
px_ret_kurt_63,3.7307000160217285,lightgbm,5
px_ret_std_21,0.0,lightgbm,5
px_ret_5,0.0,lightgbm,5
px_ret_3,0.0,lightgbm,5
px_ret_2,0.0,lightgbm,5
px_ret_mean_5,0.0,lightgbm,5
px_ret_mean_10,0.0,lightgbm,5
tech_rsi_14,0.0,lightgbm,5
rng_intraday,0.0,lightgbm,5
rng_tr_norm,0.0,lightgbm,5
rng_garman_klass_21,0.0,lightgbm,5
rng_garman_klass_5,0.0,lightgbm,5
px_cumret_7,0.0,lightgbm,5
vol_zscore_21,0.0,lightgbm,5
tech_macd_hist_norm,0.0,lightgbm,5
xa_rank_ret_lag1,0.0,lightgbm,5
tech_stoch_k_14,0.0,lightgbm,5
tech_stoch_d_14,0.0,lightgbm,5
xa_rel_strength_30,0.0,lightgbm,5
aux_adractcnt_chg_7,0.0,lightgbm,5
aux_splycur_z63,0.0,lightgbm,5
aux_splycur_chg_7,0.0,lightgbm,5
rng_close_position,608.6847494095564,lightgbm,5
cal_dow_cos,336.87030935287476,lightgbm,5
cal_dom_sin,274.63373851776123,lightgbm,5
xa_market_ret_lag1,246.2748327255249,lightgbm,5
aux_fng,202.75896072387695,lightgbm,5
px_ret_1,171.0457010269165,lightgbm,5
xa_ref_ret_lag2,119.37138843536377,lightgbm,5
tech_macd_line_norm,112.19095087051392,lightgbm,5
xa_market_dispersion,108.06316947937012,lightgbm,5
xa_ref_ret_lag1,99.91805171966553,lightgbm,5
vol_taker_buy_ratio,97.35127973556519,lightgbm,5
cal_dom_cos,88.97453927993774,lightgbm,5
rng_cc_parkinson_ratio_21,73.59146022796631,lightgbm,5
xa_ref_ret_mean_5,71.84584975242615,lightgbm,5
px_dist_max_63,62.80762052536011,lightgbm,5
xa_corr_ref_90,61.84538984298706,lightgbm,5
cal_dow_sin,61.14148998260498,lightgbm,5
px_dist_min_63,56.42206144332886,lightgbm,5
px_ret_std_5,53.25884008407593,lightgbm,5
px_ret_skew_21,51.12863039970398,lightgbm,5
px_ret_mean_63,50.829360008239746,lightgbm,5
cal_moy_sin,49.3190393447876,lightgbm,5
aux_txcnt_chg_7,43.944679737091064,lightgbm,5
px_ret_skew_63,43.0922212600708,lightgbm,5
rng_parkinson_5,41.589380741119385,lightgbm,5
xa_rel_strength_7,40.70696973800659,lightgbm,5
xa_ref_vol_21,40.636709213256836,lightgbm,5
vol_taker_buy_ratio_mean_7,38.60536980628967,lightgbm,5
aux_fng_chg_7,34.899399757385254,lightgbm,5
vol_log1p_volume,31.823609828948975,lightgbm,5
px_ret_21,31.411360263824463,lightgbm,5
xa_market_ret_mean_5,30.830520153045654,lightgbm,5
px_ret_10,25.340840339660645,lightgbm,5
tech_stoch_k_14,23.7680401802063,lightgbm,5
vol_qv_median_ratio_63,22.861949682235718,lightgbm,5
px_ret_3,22.640170097351074,lightgbm,5
tech_macd_signal_norm,22.024699211120605,lightgbm,5
vol_zscore_21,20.182739973068237,lightgbm,5
vol_taker_buy_ratio_dev,20.04315996170044,lightgbm,5
aux_splycur_chg_7,19.780580520629883,lightgbm,5
aux_fng_z_63,19.417399883270264,lightgbm,5
vol_trades_zscore_21,16.87945032119751,lightgbm,5
px_ret_kurt_63,16.44012975692749,lightgbm,5
aux_txcnt_z63,16.416069507598877,lightgbm,5
px_dist_max_21,15.956929922103882,lightgbm,5
aux_adractcnt_chg_7,15.13143014907837,lightgbm,5
aux_adractcnt_z63,12.448599815368652,lightgbm,5
px_cumret_90,11.148319959640503,lightgbm,5
px_ret_mean_5,10.964900016784668,lightgbm,5
px_ret_kurt_21,10.416299819946289,lightgbm,5
px_ret_mean_10,10.343099594116211,lightgbm,5
rng_garman_klass_5,9.160909652709961,lightgbm,5
rng_tr_norm,9.092439651489258,lightgbm,5
xa_rel_strength_30,9.021340370178223,lightgbm,5
px_ret_std_10,8.940940380096436,lightgbm,5
px_ret_std_21,8.448960304260254,lightgbm,5
px_ret_2,7.759099960327148,lightgbm,5
tech_obv_zscore_21,7.210929870605469,lightgbm,5
px_cumret_7,6.620269775390625,lightgbm,5
xa_corr_ref_30,5.679210186004639,lightgbm,5
px_ret_mean_21,5.560050010681152,lightgbm,5
rng_atr_14_norm,5.348120212554932,lightgbm,5
px_ret_5,5.229499816894531,lightgbm,5
rng_garman_klass_21,4.5530500411987305,lightgbm,5
tech_stoch_d_14,4.45019006729126,lightgbm,5
rng_intraday,4.339719772338867,lightgbm,5
px_ret_std_63,3.9667599201202393,lightgbm,5
xa_excess_ret_lag1,3.8577399253845215,lightgbm,5
rng_parkinson_21,0.0,lightgbm,5
px_cumret_30,0.0,lightgbm,5
px_dist_min_21,0.0,lightgbm,5
vol_log1p_quote_volume,0.0,lightgbm,5
tech_bb_pos_20,0.0,lightgbm,5
tech_macd_hist_norm,0.0,lightgbm,5
tech_rsi_14,0.0,lightgbm,5
vol_ret_corr_21,0.0,lightgbm,5
xa_rank_ret_lag1,0.0,lightgbm,5
cal_moy_cos,0.0,lightgbm,5
cal_is_weekend,0.0,lightgbm,5
aux_splycur_z63,0.0,lightgbm,5
rng_close_position,0.09747558502470102,ridge,6
px_ret_1,0.07460106267499388,ridge,6
cal_dow_cos,0.059278493309961024,ridge,6
cal_moy_sin,0.04104874827453366,ridge,6
xa_market_ret_lag1,0.039684158725823274,ridge,6
aux_splycur_chg_7,0.03960283571954702,ridge,6
xa_ref_ret_lag1,0.029463831495603814,ridge,6
px_ret_kurt_63,0.028359546697713442,ridge,6
px_ret_skew_21,0.02743330525939947,ridge,6
aux_txcnt_z63,0.025100758622083663,ridge,6
xa_rel_strength_30,0.024810585563622874,ridge,6
cal_dow_sin,0.02347339229467382,ridge,6
px_ret_skew_63,0.02333079623318987,ridge,6
cal_is_weekend,0.021502545229012023,ridge,6
tech_stoch_k_14,0.01947123841873035,ridge,6
px_ret_3,0.019073436480505714,ridge,6
xa_corr_ref_90,0.018597274602064676,ridge,6
rng_atr_14_norm,0.017523122845336674,ridge,6
rng_cc_parkinson_ratio_21,0.01747989439908272,ridge,6
xa_ref_ret_lag2,0.017450853546658568,ridge,6
vol_taker_buy_ratio_mean_7,0.01716609776857148,ridge,6
vol_qv_median_ratio_63,0.016498297003244244,ridge,6
vol_log1p_quote_volume,0.01567018021168481,ridge,6
px_dist_max_63,0.015057287727012533,ridge,6
px_ret_kurt_21,0.013981022857382942,ridge,6
xa_market_dispersion,0.013855297152299616,ridge,6
cal_moy_cos,0.013706626779777435,ridge,6
xa_rank_ret_lag1,0.013545519635125914,ridge,6
px_cumret_7,0.013489190116170256,ridge,6
xa_rel_strength_7,0.013210494088782667,ridge,6
rng_garman_klass_5,0.012973760007477486,ridge,6
px_ret_std_63,0.01275259121555975,ridge,6
cal_dom_cos,0.011875537404811657,ridge,6
px_ret_std_21,0.011713622787404189,ridge,6
px_ret_2,0.011619575621989932,ridge,6
aux_adractcnt_chg_7,0.009929982790733632,ridge,6
px_ret_10,0.009626023296714288,ridge,6
px_ret_mean_10,0.009626023296714283,ridge,6
xa_ref_vol_21,0.009452093946566324,ridge,6
aux_splycur_z63,0.009399366442322555,ridge,6
vol_ret_corr_21,0.009308279975286321,ridge,6
px_dist_max_21,0.009244854190186627,ridge,6
xa_excess_ret_lag1,0.008575869377144272,ridge,6
tech_obv_zscore_21,0.008370462913038754,ridge,6
xa_ref_ret_mean_5,0.008271976636597697,ridge,6
aux_fng_chg_7,0.0077955715112095775,ridge,6
tech_rsi_14,0.007486509938945719,ridge,6
rng_parkinson_5,0.007251000668028172,ridge,6
tech_stoch_d_14,0.006889778776063446,ridge,6
xa_market_ret_mean_5,0.006820087469453402,ridge,6
aux_txcnt_chg_7,0.006791622049580466,ridge,6
px_ret_std_10,0.0063424974967612605,ridge,6
vol_taker_buy_ratio_dev,0.0060731862698713834,ridge,6
vol_taker_buy_ratio,0.006073186269871366,ridge,6
rng_tr_norm,0.00584147218381483,ridge,6
cal_dom_sin,0.0057542546240023,ridge,6
rng_parkinson_21,0.005599857769446161,ridge,6
tech_bb_pos_20,0.005462726266166934,ridge,6
px_ret_5,0.005133091808242272,ridge,6
px_ret_mean_5,0.005133091808242267,ridge,6
aux_adractcnt_z63,0.004279041357035479,ridge,6
xa_corr_ref_30,0.0041185786372278125,ridge,6
aux_fng_z_63,0.003907275810423484,ridge,6
px_ret_std_5,0.0038319772220912936,ridge,6
px_ret_mean_63,0.0035335161506263417,ridge,6
rng_garman_klass_21,0.0033746863179847666,ridge,6
vol_zscore_21,0.0032510324864394847,ridge,6
aux_fng,0.003215826307284348,ridge,6
vol_log1p_volume,0.003019562952748925,ridge,6
tech_macd_hist_norm,0.0027138507204012403,ridge,6
px_cumret_30,0.0025895505873897253,ridge,6
px_cumret_90,0.0023951559982133453,ridge,6
vol_trades_zscore_21,0.0023419144636499132,ridge,6
tech_macd_signal_norm,0.002232103233404577,ridge,6
rng_intraday,0.0018576337044976746,ridge,6
px_dist_min_63,0.0017117600502240984,ridge,6
tech_macd_line_norm,0.001606371105717107,ridge,6
px_ret_21,0.0015840374660683798,ridge,6
px_ret_mean_21,0.0015840374660683633,ridge,6
px_dist_min_21,1.17898034499191e-05,ridge,6
rng_close_position,105.38700103759766,lightgbm,6
xa_market_ret_lag1,54.74969959259033,lightgbm,6
vol_taker_buy_ratio,47.94469928741455,lightgbm,6
cal_dow_cos,29.549500465393066,lightgbm,6
tech_macd_line_norm,24.655099868774414,lightgbm,6
cal_dow_sin,22.993639945983887,lightgbm,6
xa_ref_ret_lag1,20.408599853515625,lightgbm,6
px_ret_3,20.25928020477295,lightgbm,6
xa_market_ret_mean_5,16.200199127197266,lightgbm,6
xa_ref_ret_lag2,15.635000228881836,lightgbm,6
xa_corr_ref_90,14.212900161743164,lightgbm,6
xa_rel_strength_30,12.434499740600586,lightgbm,6
cal_dom_cos,11.436360359191895,lightgbm,6
cal_dom_sin,10.489500045776367,lightgbm,6
px_dist_min_21,10.299099922180176,lightgbm,6
cal_moy_sin,9.751399993896484,lightgbm,6
rng_intraday,9.44573974609375,lightgbm,6
vol_log1p_quote_volume,8.710630416870117,lightgbm,6
xa_ref_ret_mean_5,7.50068998336792,lightgbm,6
px_ret_21,6.91087007522583,lightgbm,6
aux_fng_z_63,5.568419933319092,lightgbm,6
vol_trades_zscore_21,2.8510398864746094,lightgbm,6
aux_txcnt_chg_7,2.2674400806427,lightgbm,6
px_ret_mean_21,0.0,lightgbm,6
px_ret_std_5,0.0,lightgbm,6
px_ret_mean_5,0.0,lightgbm,6
px_ret_10,0.0,lightgbm,6
px_ret_5,0.0,lightgbm,6
px_ret_1,0.0,lightgbm,6
px_ret_2,0.0,lightgbm,6
px_ret_std_10,0.0,lightgbm,6
px_ret_mean_10,0.0,lightgbm,6
px_ret_kurt_21,0.0,lightgbm,6
px_ret_skew_21,0.0,lightgbm,6
px_ret_std_63,0.0,lightgbm,6
px_ret_mean_63,0.0,lightgbm,6
px_ret_std_21,0.0,lightgbm,6
vol_qv_median_ratio_63,0.0,lightgbm,6
vol_taker_buy_ratio_mean_7,0.0,lightgbm,6
px_cumret_30,0.0,lightgbm,6
px_dist_max_63,0.0,lightgbm,6
px_dist_max_21,0.0,lightgbm,6
px_cumret_90,0.0,lightgbm,6
px_dist_min_63,0.0,lightgbm,6
vol_zscore_21,0.0,lightgbm,6
px_ret_skew_63,0.0,lightgbm,6
px_cumret_7,0.0,lightgbm,6
px_ret_kurt_63,0.0,lightgbm,6
tech_bb_pos_20,0.0,lightgbm,6
tech_macd_hist_norm,0.0,lightgbm,6
tech_macd_signal_norm,0.0,lightgbm,6
tech_rsi_14,0.0,lightgbm,6
rng_cc_parkinson_ratio_21,0.0,lightgbm,6
rng_garman_klass_21,0.0,lightgbm,6
rng_tr_norm,0.0,lightgbm,6
rng_atr_14_norm,0.0,lightgbm,6
rng_parkinson_21,0.0,lightgbm,6
rng_parkinson_5,0.0,lightgbm,6
vol_ret_corr_21,0.0,lightgbm,6
rng_garman_klass_5,0.0,lightgbm,6
vol_taker_buy_ratio_dev,0.0,lightgbm,6
vol_log1p_volume,0.0,lightgbm,6
xa_corr_ref_30,0.0,lightgbm,6
tech_stoch_k_14,0.0,lightgbm,6
xa_excess_ret_lag1,0.0,lightgbm,6
xa_market_dispersion,0.0,lightgbm,6
xa_rel_strength_7,0.0,lightgbm,6
xa_rank_ret_lag1,0.0,lightgbm,6
tech_obv_zscore_21,0.0,lightgbm,6
tech_stoch_d_14,0.0,lightgbm,6
xa_ref_vol_21,0.0,lightgbm,6
cal_moy_cos,0.0,lightgbm,6
aux_fng,0.0,lightgbm,6
cal_is_weekend,0.0,lightgbm,6
aux_adractcnt_z63,0.0,lightgbm,6
aux_fng_chg_7,0.0,lightgbm,6
aux_adractcnt_chg_7,0.0,lightgbm,6
aux_txcnt_z63,0.0,lightgbm,6
aux_splycur_z63,0.0,lightgbm,6
aux_splycur_chg_7,0.0,lightgbm,6
rng_close_position,317.627379655838,lightgbm,6
cal_dow_cos,150.24813890457153,lightgbm,6
xa_market_ret_lag1,105.93032932281494,lightgbm,6
px_ret_1,89.79199957847595,lightgbm,6
cal_dom_cos,68.46564960479736,lightgbm,6
xa_ref_ret_lag1,61.04053020477295,lightgbm,6
xa_ref_ret_lag2,59.37696981430054,lightgbm,6
tech_macd_line_norm,59.00540065765381,lightgbm,6
vol_taker_buy_ratio_dev,57.4182014465332,lightgbm,6
vol_taker_buy_ratio,48.45580005645752,lightgbm,6
xa_market_dispersion,47.77350997924805,lightgbm,6
aux_fng_chg_7,34.789549589157104,lightgbm,6
tech_rsi_14,32.00813031196594,lightgbm,6
xa_market_ret_mean_5,31.972830772399902,lightgbm,6
cal_dom_sin,31.6393404006958,lightgbm,6
px_ret_3,24.678099632263184,lightgbm,6
vol_qv_median_ratio_63,22.071969985961914,lightgbm,6
rng_cc_parkinson_ratio_21,21.927639961242676,lightgbm,6
aux_fng_z_63,19.43470048904419,lightgbm,6
aux_splycur_chg_7,18.524600505828857,lightgbm,6
px_cumret_90,17.502199172973633,lightgbm,6
px_ret_std_10,17.269880294799805,lightgbm,6
xa_ref_ret_mean_5,16.86019992828369,lightgbm,6
xa_ref_vol_21,16.579509735107422,lightgbm,6
cal_dow_sin,16.1471004486084,lightgbm,6
vol_log1p_volume,14.930299758911133,lightgbm,6
tech_stoch_k_14,13.193300247192383,lightgbm,6
px_dist_max_63,13.001199722290039,lightgbm,6
xa_corr_ref_90,12.788209676742554,lightgbm,6
tech_macd_hist_norm,12.677499771118164,lightgbm,6
vol_ret_corr_21,12.551199913024902,lightgbm,6
vol_trades_zscore_21,12.331050157546997,lightgbm,6
aux_txcnt_z63,12.11553955078125,lightgbm,6
xa_rel_strength_30,11.598400115966797,lightgbm,6
px_dist_min_63,11.333750486373901,lightgbm,6
aux_fng,11.063230037689209,lightgbm,6
px_ret_skew_63,10.662500381469727,lightgbm,6
px_ret_std_21,9.924790382385254,lightgbm,6
aux_adractcnt_z63,9.336959838867188,lightgbm,6
aux_adractcnt_chg_7,9.020689964294434,lightgbm,6
px_ret_skew_21,8.948750972747803,lightgbm,6
vol_log1p_quote_volume,6.809760093688965,lightgbm,6
px_ret_mean_63,6.136010050773621,lightgbm,6
rng_parkinson_21,5.87352991104126,lightgbm,6
xa_rel_strength_7,4.851759910583496,lightgbm,6
tech_stoch_d_14,4.363100051879883,lightgbm,6
px_ret_mean_21,2.6568799018859863,lightgbm,6
rng_parkinson_5,2.437299966812134,lightgbm,6
px_ret_kurt_21,0.0,lightgbm,6
px_ret_std_63,0.0,lightgbm,6
px_ret_mean_10,0.0,lightgbm,6
px_ret_5,0.0,lightgbm,6
px_ret_10,0.0,lightgbm,6
px_ret_21,0.0,lightgbm,6
px_ret_mean_5,0.0,lightgbm,6
px_ret_std_5,0.0,lightgbm,6
px_ret_2,0.0,lightgbm,6
px_dist_min_21,0.0,lightgbm,6
px_ret_kurt_63,0.0,lightgbm,6
px_cumret_30,0.0,lightgbm,6
vol_zscore_21,0.0,lightgbm,6
px_dist_max_21,0.0,lightgbm,6
px_cumret_7,0.0,lightgbm,6
vol_taker_buy_ratio_mean_7,0.0,lightgbm,6
tech_bb_pos_20,0.0,lightgbm,6
tech_macd_signal_norm,0.0,lightgbm,6
rng_intraday,0.0,lightgbm,6
rng_atr_14_norm,0.0,lightgbm,6
rng_garman_klass_5,0.0,lightgbm,6
rng_garman_klass_21,0.0,lightgbm,6
rng_tr_norm,0.0,lightgbm,6
xa_corr_ref_30,0.0,lightgbm,6
xa_excess_ret_lag1,0.0,lightgbm,6
xa_rank_ret_lag1,0.0,lightgbm,6
tech_obv_zscore_21,0.0,lightgbm,6
cal_moy_sin,0.0,lightgbm,6
cal_is_weekend,0.0,lightgbm,6
cal_moy_cos,0.0,lightgbm,6
aux_txcnt_chg_7,0.0,lightgbm,6
aux_splycur_z63,0.0,lightgbm,6
rng_close_position,145.3644208908081,lightgbm,6
cal_dow_cos,128.0511884689331,lightgbm,6
px_ret_1,101.58591270446777,lightgbm,6
tech_macd_line_norm,39.63110160827637,lightgbm,6
xa_ref_vol_21,38.573899269104004,lightgbm,6
rng_cc_parkinson_ratio_21,37.41818952560425,lightgbm,6
cal_dom_sin,35.92979907989502,lightgbm,6
xa_ref_ret_lag1,32.075408697128296,lightgbm,6
xa_ref_ret_lag2,30.455909729003906,lightgbm,6
xa_ref_ret_mean_5,28.06902027130127,lightgbm,6
aux_fng_chg_7,25.492599487304688,lightgbm,6
xa_market_dispersion,24.830870628356934,lightgbm,6
px_cumret_7,24.66861057281494,lightgbm,6
px_ret_skew_63,19.602699279785156,lightgbm,6
xa_market_ret_lag1,17.582300186157227,lightgbm,6
xa_corr_ref_30,17.4950008392334,lightgbm,6
px_ret_std_5,16.963899612426758,lightgbm,6
vol_trades_zscore_21,15.732600212097168,lightgbm,6
px_dist_min_21,15.429800033569336,lightgbm,6
px_ret_std_63,13.581399917602539,lightgbm,6
px_ret_kurt_21,12.906000137329102,lightgbm,6
tech_macd_signal_norm,12.878000259399414,lightgbm,6
px_dist_max_21,12.639599800109863,lightgbm,6
xa_rel_strength_30,12.458700180053711,lightgbm,6
px_ret_mean_10,12.06190013885498,lightgbm,6
vol_log1p_volume,11.406399726867676,lightgbm,6
vol_taker_buy_ratio_dev,10.943699836730957,lightgbm,6
aux_adractcnt_chg_7,9.89486026763916,lightgbm,6
cal_dow_sin,9.888709783554077,lightgbm,6
px_dist_max_63,9.547329902648926,lightgbm,6
cal_dom_cos,8.809320449829102,lightgbm,6
xa_rel_strength_7,7.887569904327393,lightgbm,6
vol_zscore_21,7.236559867858887,lightgbm,6
vol_qv_median_ratio_63,6.962389945983887,lightgbm,6
vol_log1p_quote_volume,6.301139831542969,lightgbm,6
px_ret_kurt_63,5.242700099945068,lightgbm,6
xa_market_ret_mean_5,3.9148800373077393,lightgbm,6
px_ret_10,1.0266400575637817,lightgbm,6
px_ret_skew_21,0.0,lightgbm,6
px_ret_mean_63,0.0,lightgbm,6
px_ret_2,0.0,lightgbm,6
px_ret_5,0.0,lightgbm,6
px_ret_mean_21,0.0,lightgbm,6
px_ret_std_21,0.0,lightgbm,6
px_ret_std_10,0.0,lightgbm,6
px_ret_3,0.0,lightgbm,6
px_ret_21,0.0,lightgbm,6
px_ret_mean_5,0.0,lightgbm,6
tech_bb_pos_20,0.0,lightgbm,6
tech_macd_hist_norm,0.0,lightgbm,6
rng_intraday,0.0,lightgbm,6
tech_rsi_14,0.0,lightgbm,6
rng_garman_klass_5,0.0,lightgbm,6
rng_garman_klass_21,0.0,lightgbm,6
rng_tr_norm,0.0,lightgbm,6
rng_atr_14_norm,0.0,lightgbm,6
rng_parkinson_21,0.0,lightgbm,6
rng_parkinson_5,0.0,lightgbm,6
vol_ret_corr_21,0.0,lightgbm,6
px_cumret_30,0.0,lightgbm,6
px_cumret_90,0.0,lightgbm,6
px_dist_min_63,0.0,lightgbm,6
vol_taker_buy_ratio,0.0,lightgbm,6
vol_taker_buy_ratio_mean_7,0.0,lightgbm,6
xa_excess_ret_lag1,0.0,lightgbm,6
xa_rank_ret_lag1,0.0,lightgbm,6
xa_corr_ref_90,0.0,lightgbm,6
tech_stoch_d_14,0.0,lightgbm,6
tech_stoch_k_14,0.0,lightgbm,6
tech_obv_zscore_21,0.0,lightgbm,6
cal_moy_sin,0.0,lightgbm,6
cal_moy_cos,0.0,lightgbm,6
aux_fng,0.0,lightgbm,6
cal_is_weekend,0.0,lightgbm,6
aux_fng_z_63,0.0,lightgbm,6
aux_adractcnt_z63,0.0,lightgbm,6
aux_txcnt_z63,0.0,lightgbm,6
aux_txcnt_chg_7,0.0,lightgbm,6
aux_splycur_z63,0.0,lightgbm,6
aux_splycur_chg_7,0.0,lightgbm,6
rng_close_position,252.59162616729736,lightgbm,6
cal_dow_cos,94.41399049758911,lightgbm,6
cal_dom_sin,40.428070068359375,lightgbm,6
aux_fng,37.67914962768555,lightgbm,6
cal_moy_sin,22.435699462890625,lightgbm,6
rng_cc_parkinson_ratio_21,20.195449829101562,lightgbm,6
cal_dow_sin,19.466269493103027,lightgbm,6
xa_ref_vol_21,18.141390323638916,lightgbm,6
vol_taker_buy_ratio_dev,18.018939971923828,lightgbm,6
xa_market_ret_lag1,16.92736005783081,lightgbm,6
aux_fng_z_63,15.43280029296875,lightgbm,6
px_ret_std_63,14.953800201416016,lightgbm,6
xa_corr_ref_30,14.778300285339355,lightgbm,6
cal_dom_cos,14.616100311279297,lightgbm,6
px_ret_mean_21,14.614389896392822,lightgbm,6
px_dist_max_63,14.349900245666504,lightgbm,6
xa_market_ret_mean_5,14.14169979095459,lightgbm,6
px_ret_3,13.712499618530273,lightgbm,6
px_ret_mean_63,12.695799827575684,lightgbm,6
px_ret_10,12.393899917602539,lightgbm,6
aux_adractcnt_z63,12.310999870300293,lightgbm,6
vol_qv_median_ratio_63,12.107099533081055,lightgbm,6
tech_stoch_k_14,11.785799980163574,lightgbm,6
px_ret_kurt_21,10.710000038146973,lightgbm,6
rng_atr_14_norm,10.598600387573242,lightgbm,6
px_cumret_30,10.422599792480469,lightgbm,6
xa_ref_ret_lag2,9.812660217285156,lightgbm,6
px_ret_std_10,9.067950248718262,lightgbm,6
px_ret_5,8.796050071716309,lightgbm,6
vol_taker_buy_ratio_mean_7,8.488140106201172,lightgbm,6
aux_txcnt_chg_7,7.919010162353516,lightgbm,6
px_ret_skew_21,7.461349964141846,lightgbm,6
xa_corr_ref_90,6.670269966125488,lightgbm,6
rng_garman_klass_5,6.529079914093018,lightgbm,6
vol_log1p_volume,4.855030059814453,lightgbm,6
px_ret_mean_5,0.0,lightgbm,6
px_ret_1,0.0,lightgbm,6
px_ret_21,0.0,lightgbm,6
px_ret_std_5,0.0,lightgbm,6
px_ret_2,0.0,lightgbm,6
px_ret_mean_10,0.0,lightgbm,6
px_ret_std_21,0.0,lightgbm,6
px_cumret_90,0.0,lightgbm,6
px_dist_max_21,0.0,lightgbm,6
px_dist_min_21,0.0,lightgbm,6
px_cumret_7,0.0,lightgbm,6
px_ret_kurt_63,0.0,lightgbm,6
px_ret_skew_63,0.0,lightgbm,6
tech_bb_pos_20,0.0,lightgbm,6
tech_macd_hist_norm,0.0,lightgbm,6
tech_macd_signal_norm,0.0,lightgbm,6
tech_macd_line_norm,0.0,lightgbm,6
tech_rsi_14,0.0,lightgbm,6
rng_intraday,0.0,lightgbm,6
rng_garman_klass_21,0.0,lightgbm,6
rng_tr_norm,0.0,lightgbm,6
vol_ret_corr_21,0.0,lightgbm,6
rng_parkinson_21,0.0,lightgbm,6
rng_parkinson_5,0.0,lightgbm,6
px_dist_min_63,0.0,lightgbm,6
vol_zscore_21,0.0,lightgbm,6
vol_log1p_quote_volume,0.0,lightgbm,6
vol_trades_zscore_21,0.0,lightgbm,6
vol_taker_buy_ratio,0.0,lightgbm,6
xa_excess_ret_lag1,0.0,lightgbm,6
xa_market_dispersion,0.0,lightgbm,6
xa_rel_strength_30,0.0,lightgbm,6
xa_rank_ret_lag1,0.0,lightgbm,6
xa_rel_strength_7,0.0,lightgbm,6
tech_obv_zscore_21,0.0,lightgbm,6
tech_stoch_d_14,0.0,lightgbm,6
xa_ref_ret_mean_5,0.0,lightgbm,6
xa_ref_ret_lag1,0.0,lightgbm,6
cal_moy_cos,0.0,lightgbm,6
cal_is_weekend,0.0,lightgbm,6
aux_fng_chg_7,0.0,lightgbm,6
aux_adractcnt_chg_7,0.0,lightgbm,6
aux_txcnt_z63,0.0,lightgbm,6
aux_splycur_z63,0.0,lightgbm,6
aux_splycur_chg_7,0.0,lightgbm,6
rng_close_position,382.8066852092743,lightgbm,6
cal_dow_cos,179.04135990142822,lightgbm,6
px_ret_1,139.2672872543335,lightgbm,6
xa_market_ret_lag1,115.96477937698364,lightgbm,6
xa_ref_ret_lag2,85.82481002807617,lightgbm,6
cal_dom_sin,79.30261039733887,lightgbm,6
xa_market_dispersion,67.9285437464714,lightgbm,6
vol_taker_buy_ratio,57.27274990081787,lightgbm,6
xa_ref_ret_mean_5,54.06165075302124,lightgbm,6
aux_splycur_chg_7,51.11090087890625,lightgbm,6
px_ret_skew_63,48.2894401550293,lightgbm,6
px_ret_std_5,42.294809341430664,lightgbm,6
px_dist_min_21,37.47659873962402,lightgbm,6
tech_macd_signal_norm,37.184189796447754,lightgbm,6
vol_taker_buy_ratio_dev,32.2528600692749,lightgbm,6
aux_fng_z_63,31.453800678253174,lightgbm,6
cal_dom_cos,30.966059684753418,lightgbm,6
xa_ref_vol_21,30.575679779052734,lightgbm,6
vol_log1p_quote_volume,28.62244987487793,lightgbm,6
aux_fng,27.57009983062744,lightgbm,6
xa_market_ret_mean_5,25.152600288391113,lightgbm,6
rng_cc_parkinson_ratio_21,24.536860466003418,lightgbm,6
xa_corr_ref_30,20.740559577941895,lightgbm,6
px_cumret_90,19.85811996459961,lightgbm,6
px_cumret_30,17.031310081481934,lightgbm,6
aux_fng_chg_7,16.28006935119629,lightgbm,6
xa_ref_ret_lag1,15.91424012184143,lightgbm,6
vol_trades_zscore_21,15.344199657440186,lightgbm,6
px_ret_kurt_63,15.120869636535645,lightgbm,6
tech_macd_line_norm,14.41100025177002,lightgbm,6
px_ret_21,13.229770183563232,lightgbm,6
px_ret_10,13.034099578857422,lightgbm,6
vol_zscore_21,12.850709915161133,lightgbm,6
px_ret_std_63,10.636500358581543,lightgbm,6
cal_dow_sin,10.493599891662598,lightgbm,6
px_ret_std_10,10.3572998046875,lightgbm,6
tech_rsi_14,9.965100288391113,lightgbm,6
px_dist_max_21,9.717049598693848,lightgbm,6
tech_stoch_k_14,9.593079566955566,lightgbm,6
rng_atr_14_norm,8.894519805908203,lightgbm,6
cal_moy_sin,8.212039947509766,lightgbm,6
px_ret_kurt_21,8.1287202835083,lightgbm,6
vol_log1p_volume,7.995009899139404,lightgbm,6
aux_txcnt_chg_7,7.721950054168701,lightgbm,6
vol_taker_buy_ratio_mean_7,7.645370006561279,lightgbm,6
px_ret_3,7.576409816741943,lightgbm,6
xa_excess_ret_lag1,6.318309783935547,lightgbm,6
px_ret_skew_21,5.890560150146484,lightgbm,6
px_ret_mean_63,0.0,lightgbm,6
px_ret_mean_10,0.0,lightgbm,6
px_ret_mean_21,0.0,lightgbm,6
px_ret_std_21,0.0,lightgbm,6
px_ret_5,0.0,lightgbm,6
px_ret_2,0.0,lightgbm,6
px_ret_mean_5,0.0,lightgbm,6
rng_parkinson_21,0.0,lightgbm,6
rng_parkinson_5,0.0,lightgbm,6
px_cumret_7,0.0,lightgbm,6
px_dist_min_63,0.0,lightgbm,6
vol_qv_median_ratio_63,0.0,lightgbm,6
px_dist_max_63,0.0,lightgbm,6
rng_garman_klass_5,0.0,lightgbm,6
rng_garman_klass_21,0.0,lightgbm,6
rng_tr_norm,0.0,lightgbm,6
tech_bb_pos_20,0.0,lightgbm,6
tech_macd_hist_norm,0.0,lightgbm,6
rng_intraday,0.0,lightgbm,6
vol_ret_corr_21,0.0,lightgbm,6
tech_obv_zscore_21,0.0,lightgbm,6
tech_stoch_d_14,0.0,lightgbm,6
xa_rel_strength_30,0.0,lightgbm,6
xa_rank_ret_lag1,0.0,lightgbm,6
xa_corr_ref_90,0.0,lightgbm,6
xa_rel_strength_7,0.0,lightgbm,6
cal_is_weekend,0.0,lightgbm,6
cal_moy_cos,0.0,lightgbm,6
aux_adractcnt_chg_7,0.0,lightgbm,6
aux_adractcnt_z63,0.0,lightgbm,6
aux_txcnt_z63,0.0,lightgbm,6
aux_splycur_z63,0.0,lightgbm,6
rng_close_position,0.09581286059855419,ridge,7
px_ret_1,0.06539033214172306,ridge,7
cal_dow_cos,0.0605591218190983,ridge,7
aux_splycur_chg_7,0.04596384823126668,ridge,7
xa_market_ret_lag1,0.03139678589001898,ridge,7
xa_ref_ret_lag1,0.03081221728449021,ridge,7
px_ret_kurt_63,0.029557263636341147,ridge,7
cal_dow_sin,0.029370184283403933,ridge,7
xa_market_dispersion,0.029226469765372052,ridge,7
px_ret_skew_21,0.028661326413403892,ridge,7
cal_moy_sin,0.02683834781013569,ridge,7
vol_log1p_quote_volume,0.024616494539165052,ridge,7
xa_rel_strength_30,0.02387528655095726,ridge,7
xa_ref_ret_lag2,0.022710693652001276,ridge,7
aux_fng,0.02234804030864918,ridge,7
cal_is_weekend,0.021066177911224008,ridge,7
vol_taker_buy_ratio_mean_7,0.020326675710478633,ridge,7
aux_txcnt_z63,0.019865493772842687,ridge,7
xa_market_ret_mean_5,0.01860832585210158,ridge,7
tech_stoch_k_14,0.018256121525738692,ridge,7
rng_cc_parkinson_ratio_21,0.018108530374565182,ridge,7
px_ret_std_63,0.016991951966750823,ridge,7
rng_atr_14_norm,0.016170507517306896,ridge,7
rng_garman_klass_5,0.01559323235203052,ridge,7
px_ret_mean_10,0.014657229683976543,ridge,7
px_ret_10,0.014657229683976538,ridge,7
px_cumret_7,0.014601835091476847,ridge,7
xa_corr_ref_90,0.014550317668682271,ridge,7
vol_qv_median_ratio_63,0.01422479689932504,ridge,7
px_ret_skew_63,0.013805902840863254,ridge,7
px_dist_max_63,0.013603018231444832,ridge,7
tech_bb_pos_20,0.01318170430348226,ridge,7
aux_splycur_z63,0.012486821116289596,ridge,7
xa_excess_ret_lag1,0.012416611765525156,ridge,7
xa_rank_ret_lag1,0.011372810279044453,ridge,7
px_ret_3,0.011136420108806937,ridge,7
px_ret_std_21,0.010423309647609708,ridge,7
tech_rsi_14,0.010052146243005359,ridge,7
px_ret_2,0.009660170250303525,ridge,7
px_ret_kurt_21,0.009104084681917084,ridge,7
rng_parkinson_5,0.009103727684431675,ridge,7
vol_taker_buy_ratio,0.007932830283346187,ridge,7
vol_taker_buy_ratio_dev,0.00793283028334618,ridge,7
aux_fng_chg_7,0.007929454398729822,ridge,7
xa_ref_ret_mean_5,0.007572917147538394,ridge,7
aux_txcnt_chg_7,0.007452039240118581,ridge,7
tech_obv_zscore_21,0.007130189004470604,ridge,7
aux_adractcnt_chg_7,0.007063429787513072,ridge,7
xa_rel_strength_7,0.006566586535538662,ridge,7
px_ret_std_10,0.006558887157907385,ridge,7
px_dist_max_21,0.0062760828779606665,ridge,7
px_cumret_90,0.006200558329388672,ridge,7
rng_tr_norm,0.005889817963793364,ridge,7
xa_ref_vol_21,0.00548687169910483,ridge,7
cal_dom_cos,0.005453632826491826,ridge,7
tech_macd_hist_norm,0.005115581877608767,ridge,7
aux_fng_z_63,0.0046875185991828135,ridge,7
tech_stoch_d_14,0.00464154244639299,ridge,7
xa_corr_ref_30,0.004530377884934608,ridge,7
px_ret_5,0.0043511986770135395,ridge,7
px_ret_mean_5,0.004351198677013526,ridge,7
px_ret_std_5,0.003923611039329263,ridge,7
px_ret_mean_21,0.0037218809951211694,ridge,7
px_ret_21,0.0037218809951211672,ridge,7
aux_adractcnt_z63,0.003449023421606481,ridge,7
rng_parkinson_21,0.0033377742998588447,ridge,7
px_cumret_30,0.0031750512887736685,ridge,7
cal_dom_sin,0.002870301986862358,ridge,7
vol_log1p_volume,0.002629739493032045,ridge,7
px_ret_mean_63,0.0023423256191659014,ridge,7
vol_zscore_21,0.0023386308037324226,ridge,7
rng_intraday,0.0020205487932566414,ridge,7
vol_trades_zscore_21,0.001994491925278892,ridge,7
px_dist_min_21,0.0016919696916912388,ridge,7
rng_garman_klass_21,0.0012012713978489628,ridge,7
px_dist_min_63,0.0011557976000626654,ridge,7
cal_moy_cos,0.0009827812982396234,ridge,7
tech_macd_signal_norm,0.00036172093416576525,ridge,7
tech_macd_line_norm,0.00026307117766445083,ridge,7
vol_ret_corr_21,0.00010953260775557008,ridge,7
xa_market_ret_lag1,25.706300735473633,lightgbm,7
cal_dom_cos,23.403400421142578,lightgbm,7
aux_fng_chg_7,21.568599700927734,lightgbm,7
xa_ref_ret_mean_5,17.14929962158203,lightgbm,7
cal_dow_cos,15.454899787902832,lightgbm,7
px_dist_min_63,11.795100212097168,lightgbm,7
rng_cc_parkinson_ratio_21,5.898439884185791,lightgbm,7
vol_taker_buy_ratio,3.1423299312591553,lightgbm,7
px_ret_mean_63,1.9351400136947632,lightgbm,7
px_ret_1,0.0,lightgbm,7
px_ret_3,0.0,lightgbm,7
px_ret_2,0.0,lightgbm,7
px_ret_10,0.0,lightgbm,7
px_ret_21,0.0,lightgbm,7
px_ret_mean_5,0.0,lightgbm,7
px_ret_5,0.0,lightgbm,7
px_ret_kurt_21,0.0,lightgbm,7
px_ret_skew_21,0.0,lightgbm,7
px_ret_std_63,0.0,lightgbm,7
px_ret_std_21,0.0,lightgbm,7
px_ret_std_10,0.0,lightgbm,7
px_ret_mean_21,0.0,lightgbm,7
px_ret_mean_10,0.0,lightgbm,7
px_ret_std_5,0.0,lightgbm,7
px_dist_max_63,0.0,lightgbm,7
px_dist_min_21,0.0,lightgbm,7
vol_log1p_quote_volume,0.0,lightgbm,7
px_ret_skew_63,0.0,lightgbm,7
px_cumret_90,0.0,lightgbm,7
px_dist_max_21,0.0,lightgbm,7
px_cumret_7,0.0,lightgbm,7
px_ret_kurt_63,0.0,lightgbm,7
vol_taker_buy_ratio_mean_7,0.0,lightgbm,7
vol_taker_buy_ratio_dev,0.0,lightgbm,7
rng_parkinson_5,0.0,lightgbm,7
vol_ret_corr_21,0.0,lightgbm,7
rng_garman_klass_5,0.0,lightgbm,7
rng_garman_klass_21,0.0,lightgbm,7
rng_tr_norm,0.0,lightgbm,7
rng_parkinson_21,0.0,lightgbm,7
rng_atr_14_norm,0.0,lightgbm,7
rng_intraday,0.0,lightgbm,7
rng_close_position,0.0,lightgbm,7
vol_log1p_volume,0.0,lightgbm,7
vol_zscore_21,0.0,lightgbm,7
vol_qv_median_ratio_63,0.0,lightgbm,7
vol_trades_zscore_21,0.0,lightgbm,7
px_cumret_30,0.0,lightgbm,7
tech_bb_pos_20,0.0,lightgbm,7
tech_macd_hist_norm,0.0,lightgbm,7
tech_macd_signal_norm,0.0,lightgbm,7
tech_macd_line_norm,0.0,lightgbm,7
tech_rsi_14,0.0,lightgbm,7
xa_ref_ret_lag1,0.0,lightgbm,7
tech_obv_zscore_21,0.0,lightgbm,7
tech_stoch_k_14,0.0,lightgbm,7
xa_corr_ref_30,0.0,lightgbm,7
xa_corr_ref_90,0.0,lightgbm,7
xa_rel_strength_30,0.0,lightgbm,7
xa_rel_strength_7,0.0,lightgbm,7
xa_rank_ret_lag1,0.0,lightgbm,7
xa_ref_ret_lag2,0.0,lightgbm,7
xa_ref_vol_21,0.0,lightgbm,7
tech_stoch_d_14,0.0,lightgbm,7
xa_excess_ret_lag1,0.0,lightgbm,7
xa_market_dispersion,0.0,lightgbm,7
xa_market_ret_mean_5,0.0,lightgbm,7
cal_dow_sin,0.0,lightgbm,7
cal_moy_sin,0.0,lightgbm,7
cal_moy_cos,0.0,lightgbm,7
cal_is_weekend,0.0,lightgbm,7
cal_dom_sin,0.0,lightgbm,7
aux_fng,0.0,lightgbm,7
aux_fng_z_63,0.0,lightgbm,7
aux_adractcnt_z63,0.0,lightgbm,7
aux_adractcnt_chg_7,0.0,lightgbm,7
aux_txcnt_z63,0.0,lightgbm,7
aux_txcnt_chg_7,0.0,lightgbm,7
aux_splycur_z63,0.0,lightgbm,7
aux_splycur_chg_7,0.0,lightgbm,7
rng_close_position,151.09594297409058,lightgbm,7
xa_market_ret_lag1,89.38150024414062,lightgbm,7
cal_dow_cos,66.92049884796143,lightgbm,7
cal_dom_cos,62.518150329589844,lightgbm,7
xa_market_dispersion,48.49574947357178,lightgbm,7
px_ret_1,36.651100158691406,lightgbm,7
aux_fng_chg_7,35.74600028991699,lightgbm,7
tech_macd_line_norm,27.36219024658203,lightgbm,7
px_ret_3,24.59340000152588,lightgbm,7
px_cumret_90,24.043570518493652,lightgbm,7
xa_rel_strength_30,21.2593994140625,lightgbm,7
vol_taker_buy_ratio_mean_7,20.44384002685547,lightgbm,7
aux_splycur_chg_7,16.810029983520508,lightgbm,7
vol_taker_buy_ratio,16.44339942932129,lightgbm,7
cal_dom_sin,14.850849628448486,lightgbm,7
cal_dow_sin,13.471380233764648,lightgbm,7
rng_cc_parkinson_ratio_21,11.558500289916992,lightgbm,7
px_dist_min_63,11.338399887084961,lightgbm,7
vol_taker_buy_ratio_dev,11.091500282287598,lightgbm,7
xa_ref_ret_lag2,9.384719848632812,lightgbm,7
px_cumret_30,7.520060062408447,lightgbm,7
vol_qv_median_ratio_63,6.956130027770996,lightgbm,7
xa_rel_strength_7,6.138480186462402,lightgbm,7
rng_parkinson_21,5.214169979095459,lightgbm,7
xa_ref_vol_21,4.856180191040039,lightgbm,7
vol_log1p_volume,4.628729820251465,lightgbm,7
px_ret_skew_63,3.4175400733947754,lightgbm,7
px_ret_21,2.406399965286255,lightgbm,7
px_ret_2,0.0,lightgbm,7
px_ret_mean_5,0.0,lightgbm,7
px_ret_10,0.0,lightgbm,7
px_ret_5,0.0,lightgbm,7
px_ret_kurt_21,0.0,lightgbm,7
px_ret_skew_21,0.0,lightgbm,7
px_ret_std_63,0.0,lightgbm,7
px_ret_mean_63,0.0,lightgbm,7
px_ret_std_21,0.0,lightgbm,7
px_ret_mean_21,0.0,lightgbm,7
px_ret_std_10,0.0,lightgbm,7
px_ret_mean_10,0.0,lightgbm,7
px_ret_std_5,0.0,lightgbm,7
vol_zscore_21,0.0,lightgbm,7
vol_log1p_quote_volume,0.0,lightgbm,7
px_ret_kurt_63,0.0,lightgbm,7
vol_trades_zscore_21,0.0,lightgbm,7
px_dist_max_63,0.0,lightgbm,7
px_dist_max_21,0.0,lightgbm,7
px_dist_min_21,0.0,lightgbm,7
tech_bb_pos_20,0.0,lightgbm,7
tech_macd_hist_norm,0.0,lightgbm,7
tech_macd_signal_norm,0.0,lightgbm,7
tech_rsi_14,0.0,lightgbm,7
rng_intraday,0.0,lightgbm,7
rng_garman_klass_21,0.0,lightgbm,7
rng_tr_norm,0.0,lightgbm,7
rng_atr_14_norm,0.0,lightgbm,7
rng_parkinson_5,0.0,lightgbm,7
vol_ret_corr_21,0.0,lightgbm,7
rng_garman_klass_5,0.0,lightgbm,7
px_cumret_7,0.0,lightgbm,7
xa_corr_ref_30,0.0,lightgbm,7
xa_ref_ret_mean_5,0.0,lightgbm,7
tech_stoch_k_14,0.0,lightgbm,7
tech_stoch_d_14,0.0,lightgbm,7
xa_excess_ret_lag1,0.0,lightgbm,7
xa_market_ret_mean_5,0.0,lightgbm,7
xa_corr_ref_90,0.0,lightgbm,7
xa_rank_ret_lag1,0.0,lightgbm,7
xa_ref_ret_lag1,0.0,lightgbm,7
tech_obv_zscore_21,0.0,lightgbm,7
cal_moy_sin,0.0,lightgbm,7
cal_moy_cos,0.0,lightgbm,7
aux_fng,0.0,lightgbm,7
cal_is_weekend,0.0,lightgbm,7
aux_adractcnt_z63,0.0,lightgbm,7
aux_fng_z_63,0.0,lightgbm,7
aux_adractcnt_chg_7,0.0,lightgbm,7
aux_txcnt_z63,0.0,lightgbm,7
aux_txcnt_chg_7,0.0,lightgbm,7
aux_splycur_z63,0.0,lightgbm,7
rng_close_position,53.07419967651367,lightgbm,7
cal_dow_cos,31.26420021057129,lightgbm,7
tech_macd_line_norm,15.674099922180176,lightgbm,7
aux_fng_z_63,14.918899536132812,lightgbm,7
vol_qv_median_ratio_63,13.076299667358398,lightgbm,7
xa_market_dispersion,12.577400207519531,lightgbm,7
px_ret_1,10.534600257873535,lightgbm,7
xa_market_ret_lag1,9.645090103149414,lightgbm,7
xa_ref_ret_lag2,8.838399887084961,lightgbm,7
vol_taker_buy_ratio_mean_7,8.625800132751465,lightgbm,7
px_cumret_7,7.7484002113342285,lightgbm,7
px_ret_skew_21,5.603839874267578,lightgbm,7
vol_log1p_quote_volume,3.836400032043457,lightgbm,7
px_ret_10,0.0,lightgbm,7
px_ret_3,0.0,lightgbm,7
px_ret_2,0.0,lightgbm,7
px_ret_kurt_21,0.0,lightgbm,7
px_ret_std_63,0.0,lightgbm,7
px_ret_mean_63,0.0,lightgbm,7
px_ret_std_21,0.0,lightgbm,7
px_ret_std_10,0.0,lightgbm,7
px_ret_mean_21,0.0,lightgbm,7
px_ret_mean_10,0.0,lightgbm,7
px_ret_std_5,0.0,lightgbm,7
px_ret_5,0.0,lightgbm,7
px_ret_mean_5,0.0,lightgbm,7
px_ret_21,0.0,lightgbm,7
px_dist_max_21,0.0,lightgbm,7
px_dist_max_63,0.0,lightgbm,7
px_dist_min_21,0.0,lightgbm,7
px_cumret_90,0.0,lightgbm,7
px_ret_skew_63,0.0,lightgbm,7
vol_taker_buy_ratio,0.0,lightgbm,7
vol_trades_zscore_21,0.0,lightgbm,7
vol_taker_buy_ratio_dev,0.0,lightgbm,7
vol_ret_corr_21,0.0,lightgbm,7
rng_garman_klass_5,0.0,lightgbm,7
rng_garman_klass_21,0.0,lightgbm,7
rng_parkinson_5,0.0,lightgbm,7
rng_parkinson_21,0.0,lightgbm,7
rng_atr_14_norm,0.0,lightgbm,7
rng_tr_norm,0.0,lightgbm,7
rng_intraday,0.0,lightgbm,7
px_dist_min_63,0.0,lightgbm,7
vol_zscore_21,0.0,lightgbm,7
vol_log1p_volume,0.0,lightgbm,7
px_ret_kurt_63,0.0,lightgbm,7
px_cumret_30,0.0,lightgbm,7
tech_bb_pos_20,0.0,lightgbm,7
tech_macd_hist_norm,0.0,lightgbm,7
tech_macd_signal_norm,0.0,lightgbm,7
tech_rsi_14,0.0,lightgbm,7
rng_cc_parkinson_ratio_21,0.0,lightgbm,7
xa_ref_ret_mean_5,0.0,lightgbm,7
xa_ref_ret_lag1,0.0,lightgbm,7
tech_stoch_k_14,0.0,lightgbm,7
xa_corr_ref_30,0.0,lightgbm,7
xa_ref_vol_21,0.0,lightgbm,7
xa_corr_ref_90,0.0,lightgbm,7
xa_rel_strength_7,0.0,lightgbm,7
xa_rank_ret_lag1,0.0,lightgbm,7
xa_rel_strength_30,0.0,lightgbm,7
tech_obv_zscore_21,0.0,lightgbm,7
tech_stoch_d_14,0.0,lightgbm,7
xa_excess_ret_lag1,0.0,lightgbm,7
xa_market_ret_mean_5,0.0,lightgbm,7
cal_dom_sin,0.0,lightgbm,7
cal_dow_sin,0.0,lightgbm,7
cal_moy_sin,0.0,lightgbm,7
cal_moy_cos,0.0,lightgbm,7
cal_is_weekend,0.0,lightgbm,7
cal_dom_cos,0.0,lightgbm,7
aux_fng,0.0,lightgbm,7
aux_fng_chg_7,0.0,lightgbm,7
aux_adractcnt_z63,0.0,lightgbm,7
aux_adractcnt_chg_7,0.0,lightgbm,7
aux_txcnt_z63,0.0,lightgbm,7
aux_txcnt_chg_7,0.0,lightgbm,7
aux_splycur_z63,0.0,lightgbm,7
aux_splycur_chg_7,0.0,lightgbm,7
rng_close_position,51.44483947753906,lightgbm,7
cal_dow_cos,26.680500030517578,lightgbm,7
xa_market_ret_lag1,25.168400764465332,lightgbm,7
cal_dom_sin,20.009230136871338,lightgbm,7
aux_fng,12.281800270080566,lightgbm,7
vol_taker_buy_ratio_mean_7,11.285300254821777,lightgbm,7
vol_taker_buy_ratio_dev,9.946269989013672,lightgbm,7
px_ret_1,0.0,lightgbm,7
px_ret_mean_10,0.0,lightgbm,7
px_ret_2,0.0,lightgbm,7
px_ret_3,0.0,lightgbm,7
px_ret_5,0.0,lightgbm,7
px_ret_10,0.0,lightgbm,7
px_ret_21,0.0,lightgbm,7
px_ret_mean_5,0.0,lightgbm,7
px_ret_std_5,0.0,lightgbm,7
px_ret_kurt_21,0.0,lightgbm,7
px_ret_skew_21,0.0,lightgbm,7
px_ret_std_63,0.0,lightgbm,7
px_ret_mean_63,0.0,lightgbm,7
px_ret_std_21,0.0,lightgbm,7
px_ret_mean_21,0.0,lightgbm,7
px_ret_std_10,0.0,lightgbm,7
px_ret_skew_63,0.0,lightgbm,7
px_dist_max_63,0.0,lightgbm,7
px_dist_min_63,0.0,lightgbm,7
vol_log1p_quote_volume,0.0,lightgbm,7
vol_log1p_volume,0.0,lightgbm,7
px_cumret_90,0.0,lightgbm,7
px_dist_max_21,0.0,lightgbm,7
px_cumret_7,0.0,lightgbm,7
px_ret_kurt_63,0.0,lightgbm,7
vol_taker_buy_ratio,0.0,lightgbm,7
vol_trades_zscore_21,0.0,lightgbm,7
rng_parkinson_5,0.0,lightgbm,7
vol_ret_corr_21,0.0,lightgbm,7
rng_garman_klass_5,0.0,lightgbm,7
rng_garman_klass_21,0.0,lightgbm,7
rng_tr_norm,0.0,lightgbm,7
rng_parkinson_21,0.0,lightgbm,7
rng_atr_14_norm,0.0,lightgbm,7
rng_cc_parkinson_ratio_21,0.0,lightgbm,7
rng_intraday,0.0,lightgbm,7
tech_rsi_14,0.0,lightgbm,7
vol_zscore_21,0.0,lightgbm,7
vol_qv_median_ratio_63,0.0,lightgbm,7
px_dist_min_21,0.0,lightgbm,7
px_cumret_30,0.0,lightgbm,7
tech_bb_pos_20,0.0,lightgbm,7
tech_macd_hist_norm,0.0,lightgbm,7
tech_macd_signal_norm,0.0,lightgbm,7
tech_macd_line_norm,0.0,lightgbm,7
xa_ref_ret_lag2,0.0,lightgbm,7
tech_stoch_k_14,0.0,lightgbm,7
tech_obv_zscore_21,0.0,lightgbm,7
tech_stoch_d_14,0.0,lightgbm,7
xa_corr_ref_30,0.0,lightgbm,7
xa_corr_ref_90,0.0,lightgbm,7
xa_rel_strength_30,0.0,lightgbm,7
xa_rel_strength_7,0.0,lightgbm,7
xa_rank_ret_lag1,0.0,lightgbm,7
xa_ref_ret_mean_5,0.0,lightgbm,7
xa_ref_vol_21,0.0,lightgbm,7
xa_ref_ret_lag1,0.0,lightgbm,7
xa_excess_ret_lag1,0.0,lightgbm,7
xa_market_dispersion,0.0,lightgbm,7
xa_market_ret_mean_5,0.0,lightgbm,7
cal_dow_sin,0.0,lightgbm,7
cal_dom_cos,0.0,lightgbm,7
cal_moy_sin,0.0,lightgbm,7
cal_moy_cos,0.0,lightgbm,7
cal_is_weekend,0.0,lightgbm,7
aux_fng_chg_7,0.0,lightgbm,7
aux_fng_z_63,0.0,lightgbm,7
aux_adractcnt_z63,0.0,lightgbm,7
aux_adractcnt_chg_7,0.0,lightgbm,7
aux_txcnt_z63,0.0,lightgbm,7
aux_txcnt_chg_7,0.0,lightgbm,7
aux_splycur_z63,0.0,lightgbm,7
aux_splycur_chg_7,0.0,lightgbm,7
rng_close_position,44.13140106201172,lightgbm,7
cal_dow_cos,24.914899826049805,lightgbm,7
xa_market_dispersion,15.796589612960815,lightgbm,7
xa_ref_ret_lag1,15.596199989318848,lightgbm,7
xa_market_ret_mean_5,15.027199745178223,lightgbm,7
tech_macd_signal_norm,12.96030044555664,lightgbm,7
px_dist_max_63,12.35260009765625,lightgbm,7
cal_dom_sin,11.989700317382812,lightgbm,7
aux_fng_z_63,10.927900314331055,lightgbm,7
xa_ref_ret_mean_5,10.487799644470215,lightgbm,7
rng_cc_parkinson_ratio_21,6.5487799644470215,lightgbm,7
px_ret_3,5.625199794769287,lightgbm,7
px_ret_10,0.0,lightgbm,7
px_ret_1,0.0,lightgbm,7
px_ret_2,0.0,lightgbm,7
px_ret_5,0.0,lightgbm,7
px_ret_kurt_21,0.0,lightgbm,7
px_ret_skew_21,0.0,lightgbm,7
px_ret_std_63,0.0,lightgbm,7
px_ret_mean_63,0.0,lightgbm,7
px_ret_std_21,0.0,lightgbm,7
px_ret_mean_21,0.0,lightgbm,7
px_ret_std_10,0.0,lightgbm,7
px_ret_mean_10,0.0,lightgbm,7
px_ret_std_5,0.0,lightgbm,7
px_ret_mean_5,0.0,lightgbm,7
px_ret_21,0.0,lightgbm,7
px_dist_min_63,0.0,lightgbm,7
px_cumret_30,0.0,lightgbm,7
px_ret_skew_63,0.0,lightgbm,7
px_cumret_7,0.0,lightgbm,7
px_ret_kurt_63,0.0,lightgbm,7
vol_taker_buy_ratio_mean_7,0.0,lightgbm,7
vol_taker_buy_ratio,0.0,lightgbm,7
vol_trades_zscore_21,0.0,lightgbm,7
vol_taker_buy_ratio_dev,0.0,lightgbm,7
rng_garman_klass_5,0.0,lightgbm,7
vol_ret_corr_21,0.0,lightgbm,7
rng_parkinson_5,0.0,lightgbm,7
rng_parkinson_21,0.0,lightgbm,7
rng_atr_14_norm,0.0,lightgbm,7
vol_log1p_volume,0.0,lightgbm,7
vol_log1p_quote_volume,0.0,lightgbm,7
vol_zscore_21,0.0,lightgbm,7
vol_qv_median_ratio_63,0.0,lightgbm,7
px_cumret_90,0.0,lightgbm,7
px_dist_max_21,0.0,lightgbm,7
px_dist_min_21,0.0,lightgbm,7
tech_bb_pos_20,0.0,lightgbm,7
tech_macd_hist_norm,0.0,lightgbm,7
tech_macd_line_norm,0.0,lightgbm,7
tech_rsi_14,0.0,lightgbm,7
rng_intraday,0.0,lightgbm,7
rng_garman_klass_21,0.0,lightgbm,7
rng_tr_norm,0.0,lightgbm,7
tech_obv_zscore_21,0.0,lightgbm,7
xa_corr_ref_30,0.0,lightgbm,7
xa_ref_vol_21,0.0,lightgbm,7
xa_corr_ref_90,0.0,lightgbm,7
xa_rel_strength_7,0.0,lightgbm,7
xa_rank_ret_lag1,0.0,lightgbm,7
xa_ref_ret_lag2,0.0,lightgbm,7
tech_stoch_d_14,0.0,lightgbm,7
tech_stoch_k_14,0.0,lightgbm,7
xa_excess_ret_lag1,0.0,lightgbm,7
xa_market_ret_lag1,0.0,lightgbm,7
xa_rel_strength_30,0.0,lightgbm,7
cal_dow_sin,0.0,lightgbm,7
cal_moy_sin,0.0,lightgbm,7
cal_moy_cos,0.0,lightgbm,7
cal_is_weekend,0.0,lightgbm,7
cal_dom_cos,0.0,lightgbm,7
aux_fng,0.0,lightgbm,7
aux_fng_chg_7,0.0,lightgbm,7
aux_adractcnt_z63,0.0,lightgbm,7
aux_adractcnt_chg_7,0.0,lightgbm,7
aux_txcnt_z63,0.0,lightgbm,7
aux_txcnt_chg_7,0.0,lightgbm,7
aux_splycur_z63,0.0,lightgbm,7
aux_splycur_chg_7,0.0,lightgbm,7
rng_close_position,0.08799506249112116,ridge,8
px_ret_1,0.056750252601057746,ridge,8
cal_dow_cos,0.0566487139922101,ridge,8
aux_splycur_chg_7,0.0495922782328976,ridge,8
xa_market_dispersion,0.04352881476804417,ridge,8
xa_ref_ret_lag1,0.03817701516141662,ridge,8
xa_rel_strength_30,0.03135521761658593,ridge,8
xa_market_ret_lag1,0.030386318675493327,ridge,8
px_ret_kurt_63,0.02647310985051654,ridge,8
cal_is_weekend,0.025796616935361654,ridge,8
vol_log1p_quote_volume,0.02535312149165563,ridge,8
cal_moy_sin,0.024399262197458377,ridge,8
cal_dow_sin,0.024059644708410544,ridge,8
rng_cc_parkinson_ratio_21,0.023112253261736614,ridge,8
aux_fng,0.022545728963449838,ridge,8
px_ret_skew_21,0.022272412930295395,ridge,8
vol_taker_buy_ratio_mean_7,0.02184108086714522,ridge,8
aux_txcnt_z63,0.021442038669968706,ridge,8
xa_ref_ret_lag2,0.021281890455587062,ridge,8
cal_dom_cos,0.01893147085301115,ridge,8
px_cumret_7,0.018714926651092912,ridge,8
tech_stoch_k_14,0.018554736819857334,ridge,8
rng_garman_klass_5,0.01791122135066559,ridge,8
rng_tr_norm,0.017906474428425804,ridge,8
px_ret_3,0.016525108762203967,ridge,8
xa_market_ret_mean_5,0.015930651543073656,ridge,8
px_ret_2,0.01447940880289747,ridge,8
rng_intraday,0.014317015861182596,ridge,8
px_ret_std_63,0.014176581110557359,ridge,8
px_ret_std_21,0.013874887693059543,ridge,8
tech_bb_pos_20,0.013706923195498993,ridge,8
rng_atr_14_norm,0.01354566686716734,ridge,8
px_ret_mean_10,0.013471517203763805,ridge,8
px_ret_10,0.013471517203763802,ridge,8
aux_splycur_z63,0.013014631404992347,ridge,8
px_ret_skew_63,0.01287472230466522,ridge,8
rng_parkinson_5,0.011256057386631813,ridge,8
vol_qv_median_ratio_63,0.010601798834379086,ridge,8
px_ret_std_5,0.01005408157139828,ridge,8
vol_ret_corr_21,0.010022278402214674,ridge,8
tech_macd_hist_norm,0.008973500391137567,ridge,8
aux_txcnt_chg_7,0.008864767744475548,ridge,8
aux_adractcnt_chg_7,0.008802419902539002,ridge,8
px_dist_max_63,0.008723697923959023,ridge,8
xa_rel_strength_7,0.008718988402830308,ridge,8
px_cumret_90,0.008259834728626935,ridge,8
px_ret_kurt_21,0.008177300517013597,ridge,8
xa_excess_ret_lag1,0.00807213111388345,ridge,8
xa_rank_ret_lag1,0.007297153632880228,ridge,8
tech_rsi_14,0.006501604106970111,ridge,8
aux_fng_chg_7,0.006367885961857853,ridge,8
xa_corr_ref_90,0.0061228590100367835,ridge,8
vol_log1p_volume,0.005595500363198745,ridge,8
px_dist_min_63,0.005015995381165547,ridge,8
aux_adractcnt_z63,0.004996760196941268,ridge,8
vol_taker_buy_ratio,0.004852595319391172,ridge,8
vol_taker_buy_ratio_dev,0.0048525953193911545,ridge,8
px_ret_mean_21,0.00449914243598349,ridge,8
px_ret_21,0.004499142435983482,ridge,8
cal_moy_cos,0.004373887685569992,ridge,8
px_dist_min_21,0.00425866030459113,ridge,8
xa_ref_vol_21,0.004192980778664137,ridge,8
px_ret_mean_63,0.0038358817922347676,ridge,8
tech_obv_zscore_21,0.0032616551234034333,ridge,8
px_ret_std_10,0.0032044661088310375,ridge,8
rng_parkinson_21,0.0031492418782612373,ridge,8
px_ret_5,0.00314310316435411,ridge,8
px_ret_mean_5,0.003143103164354108,ridge,8
px_dist_max_21,0.0024832585029564693,ridge,8
px_cumret_30,0.0023579524884113716,ridge,8
tech_stoch_d_14,0.002156491750059474,ridge,8
tech_macd_line_norm,0.0017519779921804162,ridge,8
tech_macd_signal_norm,0.0013639958527872833,ridge,8
xa_corr_ref_30,0.0012960828211227898,ridge,8
cal_dom_sin,0.0008051076113078637,ridge,8
aux_fng_z_63,0.0006886441031245169,ridge,8
vol_zscore_21,0.0006779247222721816,ridge,8
vol_trades_zscore_21,0.0006420041660773856,ridge,8
xa_ref_ret_mean_5,0.0005787822485614333,ridge,8
rng_garman_klass_21,0.00015927202220133508,ridge,8
rng_close_position,187.8886013031006,lightgbm,8
xa_market_ret_lag1,109.73892116546631,lightgbm,8
cal_dow_cos,109.1755599975586,lightgbm,8
cal_dom_cos,74.8327112197876,lightgbm,8
aux_fng,59.88669967651367,lightgbm,8
px_ret_1,57.535600662231445,lightgbm,8
tech_macd_line_norm,56.14999961853027,lightgbm,8
xa_market_dispersion,51.092000007629395,lightgbm,8
vol_log1p_quote_volume,48.47532892227173,lightgbm,8
px_dist_min_63,42.33340072631836,lightgbm,8
xa_ref_ret_lag2,41.29890060424805,lightgbm,8
aux_splycur_chg_7,35.6357307434082,lightgbm,8
xa_market_ret_mean_5,31.913649559020996,lightgbm,8
px_ret_3,28.951000213623047,lightgbm,8
px_ret_skew_63,20.766200065612793,lightgbm,8
tech_macd_signal_norm,20.552200317382812,lightgbm,8
px_ret_skew_21,18.911270141601562,lightgbm,8
px_dist_min_21,18.882699966430664,lightgbm,8
px_ret_mean_63,18.03070068359375,lightgbm,8
aux_fng_z_63,17.777799606323242,lightgbm,8
px_ret_std_5,14.422900199890137,lightgbm,8
cal_dow_sin,13.518099784851074,lightgbm,8
px_cumret_30,12.897600173950195,lightgbm,8
vol_taker_buy_ratio,12.376999855041504,lightgbm,8
rng_garman_klass_5,11.423399925231934,lightgbm,8
vol_qv_median_ratio_63,10.562899589538574,lightgbm,8
rng_cc_parkinson_ratio_21,10.155099868774414,lightgbm,8
rng_parkinson_5,9.821209907531738,lightgbm,8
cal_dom_sin,9.695449829101562,lightgbm,8
aux_fng_chg_7,8.801349639892578,lightgbm,8
px_dist_max_21,8.795700073242188,lightgbm,8
xa_ref_vol_21,8.677379608154297,lightgbm,8
xa_ref_ret_lag1,8.29146957397461,lightgbm,8
px_cumret_7,7.917689800262451,lightgbm,8
vol_ret_corr_21,7.460350036621094,lightgbm,8
aux_adractcnt_chg_7,6.358320236206055,lightgbm,8
rng_tr_norm,6.267769813537598,lightgbm,8
vol_trades_zscore_21,5.5147199630737305,lightgbm,8
tech_obv_zscore_21,4.055300235748291,lightgbm,8
xa_excess_ret_lag1,3.788029909133911,lightgbm,8
xa_rel_strength_30,3.081249952316284,lightgbm,8
px_ret_mean_10,2.034525990486145,lightgbm,8
px_ret_2,0.0,lightgbm,8
px_ret_5,0.0,lightgbm,8
px_ret_std_10,0.0,lightgbm,8
px_ret_10,0.0,lightgbm,8
px_ret_21,0.0,lightgbm,8
px_ret_mean_5,0.0,lightgbm,8
px_ret_kurt_21,0.0,lightgbm,8
px_ret_std_63,0.0,lightgbm,8
px_ret_mean_21,0.0,lightgbm,8
px_ret_std_21,0.0,lightgbm,8
rng_parkinson_21,0.0,lightgbm,8
vol_taker_buy_ratio_dev,0.0,lightgbm,8
rng_intraday,0.0,lightgbm,8
tech_rsi_14,0.0,lightgbm,8
px_dist_max_63,0.0,lightgbm,8
vol_log1p_volume,0.0,lightgbm,8
px_ret_kurt_63,0.0,lightgbm,8
px_cumret_90,0.0,lightgbm,8
vol_zscore_21,0.0,lightgbm,8
vol_taker_buy_ratio_mean_7,0.0,lightgbm,8
rng_garman_klass_21,0.0,lightgbm,8
rng_atr_14_norm,0.0,lightgbm,8
tech_bb_pos_20,0.0,lightgbm,8
tech_macd_hist_norm,0.0,lightgbm,8
xa_rank_ret_lag1,0.0,lightgbm,8
xa_corr_ref_90,0.0,lightgbm,8
tech_stoch_k_14,0.0,lightgbm,8
tech_stoch_d_14,0.0,lightgbm,8
xa_ref_ret_mean_5,0.0,lightgbm,8
xa_corr_ref_30,0.0,lightgbm,8
xa_rel_strength_7,0.0,lightgbm,8
cal_is_weekend,0.0,lightgbm,8
cal_moy_sin,0.0,lightgbm,8
cal_moy_cos,0.0,lightgbm,8
aux_adractcnt_z63,0.0,lightgbm,8
aux_txcnt_z63,0.0,lightgbm,8
aux_txcnt_chg_7,0.0,lightgbm,8
aux_splycur_z63,0.0,lightgbm,8
rng_close_position,179.47519969940186,lightgbm,8
cal_dow_cos,78.71576976776123,lightgbm,8
cal_dom_cos,57.46201848983765,lightgbm,8
xa_market_dispersion,56.2258095741272,lightgbm,8
xa_market_ret_lag1,51.81852984428406,lightgbm,8
xa_ref_ret_lag2,46.350460052490234,lightgbm,8
tech_macd_line_norm,37.283700942993164,lightgbm,8
px_ret_1,34.83110046386719,lightgbm,8
px_cumret_7,33.78752946853638,lightgbm,8
px_ret_3,27.7580509185791,lightgbm,8
px_dist_max_63,27.67099952697754,lightgbm,8
aux_fng_z_63,27.218899726867676,lightgbm,8
rng_cc_parkinson_ratio_21,26.778560161590576,lightgbm,8
cal_dom_sin,25.173940658569336,lightgbm,8
aux_fng_chg_7,22.260799407958984,lightgbm,8
xa_ref_ret_mean_5,21.52613067626953,lightgbm,8
vol_qv_median_ratio_63,20.713099479675293,lightgbm,8
vol_log1p_quote_volume,16.31559944152832,lightgbm,8
vol_taker_buy_ratio,15.70419979095459,lightgbm,8
xa_market_ret_mean_5,15.37030029296875,lightgbm,8
xa_rel_strength_30,13.684200286865234,lightgbm,8
cal_dow_sin,13.507800102233887,lightgbm,8
tech_macd_signal_norm,13.442399978637695,lightgbm,8
vol_taker_buy_ratio_dev,13.410200119018555,lightgbm,8
vol_taker_buy_ratio_mean_7,13.34119987487793,lightgbm,8
tech_stoch_k_14,12.93729019165039,lightgbm,8
px_dist_min_63,11.600799560546875,lightgbm,8
px_ret_mean_63,10.883399963378906,lightgbm,8
px_ret_std_10,10.357099533081055,lightgbm,8
px_ret_10,9.409310340881348,lightgbm,8
aux_fng,8.084360122680664,lightgbm,8
aux_splycur_chg_7,6.5589399337768555,lightgbm,8
aux_txcnt_chg_7,6.083330154418945,lightgbm,8
xa_ref_vol_21,5.689700126647949,lightgbm,8
tech_obv_zscore_21,5.254549980163574,lightgbm,8
vol_log1p_volume,4.718389987945557,lightgbm,8
px_ret_kurt_21,0.0,lightgbm,8
px_ret_skew_21,0.0,lightgbm,8
px_ret_std_63,0.0,lightgbm,8
px_ret_std_5,0.0,lightgbm,8
px_ret_2,0.0,lightgbm,8
px_ret_5,0.0,lightgbm,8
px_ret_21,0.0,lightgbm,8
px_ret_std_21,0.0,lightgbm,8
px_ret_mean_10,0.0,lightgbm,8
px_ret_mean_21,0.0,lightgbm,8
px_ret_mean_5,0.0,lightgbm,8
px_dist_min_21,0.0,lightgbm,8
tech_bb_pos_20,0.0,lightgbm,8
tech_macd_hist_norm,0.0,lightgbm,8
rng_intraday,0.0,lightgbm,8
tech_rsi_14,0.0,lightgbm,8
rng_garman_klass_5,0.0,lightgbm,8
rng_garman_klass_21,0.0,lightgbm,8
rng_tr_norm,0.0,lightgbm,8
rng_atr_14_norm,0.0,lightgbm,8
rng_parkinson_21,0.0,lightgbm,8
rng_parkinson_5,0.0,lightgbm,8
vol_ret_corr_21,0.0,lightgbm,8
px_cumret_30,0.0,lightgbm,8
px_ret_skew_63,0.0,lightgbm,8
px_ret_kurt_63,0.0,lightgbm,8
vol_zscore_21,0.0,lightgbm,8
vol_trades_zscore_21,0.0,lightgbm,8
px_dist_max_21,0.0,lightgbm,8
px_cumret_90,0.0,lightgbm,8
xa_rel_strength_7,0.0,lightgbm,8
xa_corr_ref_90,0.0,lightgbm,8
xa_ref_ret_lag1,0.0,lightgbm,8
tech_stoch_d_14,0.0,lightgbm,8
xa_corr_ref_30,0.0,lightgbm,8
xa_rank_ret_lag1,0.0,lightgbm,8
xa_excess_ret_lag1,0.0,lightgbm,8
cal_is_weekend,0.0,lightgbm,8
cal_moy_sin,0.0,lightgbm,8
cal_moy_cos,0.0,lightgbm,8
aux_adractcnt_chg_7,0.0,lightgbm,8
aux_adractcnt_z63,0.0,lightgbm,8
aux_txcnt_z63,0.0,lightgbm,8
aux_splycur_z63,0.0,lightgbm,8
rng_close_position,42.27450180053711,lightgbm,8
cal_dow_cos,26.04930019378662,lightgbm,8
tech_macd_signal_norm,19.713739156723022,lightgbm,8
aux_fng_z_63,15.740599632263184,lightgbm,8
xa_market_dispersion,15.41510009765625,lightgbm,8
xa_market_ret_lag1,14.273599624633789,lightgbm,8
xa_ref_ret_lag2,13.086199760437012,lightgbm,8
vol_qv_median_ratio_63,12.289999961853027,lightgbm,8
aux_fng,10.25570011138916,lightgbm,8
xa_market_ret_mean_5,8.819910049438477,lightgbm,8
px_ret_skew_21,7.129940032958984,lightgbm,8
px_cumret_7,5.375080108642578,lightgbm,8
px_ret_10,0.0,lightgbm,8
px_ret_1,0.0,lightgbm,8
px_ret_3,0.0,lightgbm,8
px_ret_2,0.0,lightgbm,8
px_ret_kurt_21,0.0,lightgbm,8
px_ret_std_63,0.0,lightgbm,8
px_ret_mean_63,0.0,lightgbm,8
px_ret_std_21,0.0,lightgbm,8
px_ret_std_10,0.0,lightgbm,8
px_ret_mean_21,0.0,lightgbm,8
px_ret_mean_10,0.0,lightgbm,8
px_ret_std_5,0.0,lightgbm,8
px_ret_5,0.0,lightgbm,8
px_ret_mean_5,0.0,lightgbm,8
px_ret_21,0.0,lightgbm,8
px_dist_max_63,0.0,lightgbm,8
px_cumret_90,0.0,lightgbm,8
px_dist_max_21,0.0,lightgbm,8
px_ret_kurt_63,0.0,lightgbm,8
px_ret_skew_63,0.0,lightgbm,8
vol_taker_buy_ratio_mean_7,0.0,lightgbm,8
vol_taker_buy_ratio,0.0,lightgbm,8
vol_taker_buy_ratio_dev,0.0,lightgbm,8
vol_ret_corr_21,0.0,lightgbm,8
rng_garman_klass_5,0.0,lightgbm,8
rng_garman_klass_21,0.0,lightgbm,8
rng_parkinson_5,0.0,lightgbm,8
rng_parkinson_21,0.0,lightgbm,8
rng_atr_14_norm,0.0,lightgbm,8
px_dist_min_63,0.0,lightgbm,8
vol_log1p_quote_volume,0.0,lightgbm,8
vol_log1p_volume,0.0,lightgbm,8
vol_zscore_21,0.0,lightgbm,8
vol_trades_zscore_21,0.0,lightgbm,8
px_dist_min_21,0.0,lightgbm,8
px_cumret_30,0.0,lightgbm,8
tech_bb_pos_20,0.0,lightgbm,8
tech_macd_hist_norm,0.0,lightgbm,8
tech_macd_line_norm,0.0,lightgbm,8
tech_rsi_14,0.0,lightgbm,8
rng_cc_parkinson_ratio_21,0.0,lightgbm,8
rng_intraday,0.0,lightgbm,8
rng_tr_norm,0.0,lightgbm,8
xa_ref_ret_lag1,0.0,lightgbm,8
xa_corr_ref_30,0.0,lightgbm,8
xa_ref_vol_21,0.0,lightgbm,8
xa_ref_ret_mean_5,0.0,lightgbm,8
xa_corr_ref_90,0.0,lightgbm,8
xa_rank_ret_lag1,0.0,lightgbm,8
tech_stoch_k_14,0.0,lightgbm,8
tech_obv_zscore_21,0.0,lightgbm,8
tech_stoch_d_14,0.0,lightgbm,8
xa_excess_ret_lag1,0.0,lightgbm,8
xa_rel_strength_7,0.0,lightgbm,8
xa_rel_strength_30,0.0,lightgbm,8
cal_dom_sin,0.0,lightgbm,8
cal_dom_cos,0.0,lightgbm,8
cal_moy_sin,0.0,lightgbm,8
cal_moy_cos,0.0,lightgbm,8
cal_dow_sin,0.0,lightgbm,8
cal_is_weekend,0.0,lightgbm,8
aux_fng_chg_7,0.0,lightgbm,8
aux_adractcnt_z63,0.0,lightgbm,8
aux_adractcnt_chg_7,0.0,lightgbm,8
aux_txcnt_z63,0.0,lightgbm,8
aux_txcnt_chg_7,0.0,lightgbm,8
aux_splycur_z63,0.0,lightgbm,8
aux_splycur_chg_7,0.0,lightgbm,8
rng_close_position,328.0771517753601,lightgbm,8
cal_dow_cos,123.46558284759521,lightgbm,8
vol_qv_median_ratio_63,77.52966070175171,lightgbm,8
xa_market_ret_lag1,74.75057888031006,lightgbm,8
xa_ref_ret_lag2,73.94525051116943,lightgbm,8
aux_fng,71.12339973449707,lightgbm,8
cal_dom_sin,63.43606996536255,lightgbm,8
xa_market_dispersion,58.740540504455566,lightgbm,8
vol_taker_buy_ratio_mean_7,56.793320178985596,lightgbm,8
aux_splycur_chg_7,44.729429721832275,lightgbm,8
cal_dow_sin,43.92621994018555,lightgbm,8
tech_macd_line_norm,41.03606939315796,lightgbm,8
xa_ref_vol_21,38.725810050964355,lightgbm,8
aux_fng_z_63,33.47209930419922,lightgbm,8
tech_obv_zscore_21,32.49275016784668,lightgbm,8
px_dist_min_63,28.85859966278076,lightgbm,8
px_ret_1,23.094100952148438,lightgbm,8
xa_rel_strength_30,22.260059356689453,lightgbm,8
xa_market_ret_mean_5,18.622430324554443,lightgbm,8
px_dist_max_63,18.01740074157715,lightgbm,8
px_ret_skew_21,17.97441005706787,lightgbm,8
xa_corr_ref_90,17.927890300750732,lightgbm,8
vol_zscore_21,16.532499313354492,lightgbm,8
tech_macd_hist_norm,16.327009439468384,lightgbm,8
px_cumret_90,16.29010009765625,lightgbm,8
aux_adractcnt_chg_7,14.522700309753418,lightgbm,8
cal_dom_cos,11.424699783325195,lightgbm,8
px_ret_21,11.408300399780273,lightgbm,8
px_cumret_7,9.530739784240723,lightgbm,8
rng_parkinson_5,9.273810386657715,lightgbm,8
px_ret_std_10,9.227360248565674,lightgbm,8
aux_txcnt_z63,9.138400077819824,lightgbm,8
rng_atr_14_norm,8.530170440673828,lightgbm,8
px_ret_10,7.7153000831604,lightgbm,8
px_ret_mean_5,7.290900230407715,lightgbm,8
px_ret_std_21,7.206019878387451,lightgbm,8
vol_trades_zscore_21,6.404850006103516,lightgbm,8
xa_ref_ret_lag1,6.160160064697266,lightgbm,8
xa_rank_ret_lag1,4.670070171356201,lightgbm,8
tech_stoch_k_14,2.703579902648926,lightgbm,8
xa_ref_ret_mean_5,1.8948400020599365,lightgbm,8
px_ret_5,0.0,lightgbm,8
px_ret_mean_63,0.0,lightgbm,8
px_ret_mean_21,0.0,lightgbm,8
px_ret_mean_10,0.0,lightgbm,8
px_ret_3,0.0,lightgbm,8
px_ret_2,0.0,lightgbm,8
px_ret_std_5,0.0,lightgbm,8
px_ret_kurt_21,0.0,lightgbm,8
px_ret_std_63,0.0,lightgbm,8
rng_intraday,0.0,lightgbm,8
tech_macd_signal_norm,0.0,lightgbm,8
tech_bb_pos_20,0.0,lightgbm,8
rng_garman_klass_5,0.0,lightgbm,8
rng_garman_klass_21,0.0,lightgbm,8
rng_tr_norm,0.0,lightgbm,8
vol_taker_buy_ratio_dev,0.0,lightgbm,8
vol_ret_corr_21,0.0,lightgbm,8
rng_parkinson_21,0.0,lightgbm,8
px_cumret_30,0.0,lightgbm,8
px_ret_skew_63,0.0,lightgbm,8
vol_log1p_volume,0.0,lightgbm,8
vol_log1p_quote_volume,0.0,lightgbm,8
vol_taker_buy_ratio,0.0,lightgbm,8
px_dist_max_21,0.0,lightgbm,8
px_ret_kurt_63,0.0,lightgbm,8
px_dist_min_21,0.0,lightgbm,8
tech_rsi_14,0.0,lightgbm,8
rng_cc_parkinson_ratio_21,0.0,lightgbm,8
xa_rel_strength_7,0.0,lightgbm,8
tech_stoch_d_14,0.0,lightgbm,8
xa_corr_ref_30,0.0,lightgbm,8
xa_excess_ret_lag1,0.0,lightgbm,8
cal_is_weekend,0.0,lightgbm,8
cal_moy_sin,0.0,lightgbm,8
cal_moy_cos,0.0,lightgbm,8
aux_adractcnt_z63,0.0,lightgbm,8
aux_fng_chg_7,0.0,lightgbm,8
aux_txcnt_chg_7,0.0,lightgbm,8
aux_splycur_z63,0.0,lightgbm,8
rng_close_position,102.8739013671875,lightgbm,8
cal_dow_cos,50.53276014328003,lightgbm,8
xa_market_dispersion,42.18600082397461,lightgbm,8
cal_dom_cos,41.85241985321045,lightgbm,8
tech_macd_signal_norm,39.27209949493408,lightgbm,8
px_ret_1,36.45280075073242,lightgbm,8
xa_ref_ret_lag1,33.50895881652832,lightgbm,8
tech_macd_line_norm,29.755399703979492,lightgbm,8
xa_market_ret_mean_5,25.719599723815918,lightgbm,8
xa_market_ret_lag1,21.984800338745117,lightgbm,8
px_ret_std_5,20.250520944595337,lightgbm,8
xa_ref_ret_lag2,18.328699111938477,lightgbm,8
tech_obv_zscore_21,16.108449935913086,lightgbm,8
xa_ref_ret_mean_5,13.4199800491333,lightgbm,8
vol_zscore_21,11.972599983215332,lightgbm,8
xa_rel_strength_30,11.836099624633789,lightgbm,8
aux_fng_z_63,11.347100257873535,lightgbm,8
px_ret_21,10.576600074768066,lightgbm,8
px_cumret_7,9.21107006072998,lightgbm,8
aux_fng,9.078009605407715,lightgbm,8
cal_dom_sin,2.8391900062561035,lightgbm,8
rng_cc_parkinson_ratio_21,0.8291540145874023,lightgbm,8
px_ret_std_21,0.0,lightgbm,8
px_ret_mean_63,0.0,lightgbm,8
px_ret_mean_5,0.0,lightgbm,8
px_ret_10,0.0,lightgbm,8
px_ret_3,0.0,lightgbm,8
px_ret_5,0.0,lightgbm,8
px_ret_2,0.0,lightgbm,8
px_ret_mean_21,0.0,lightgbm,8
px_ret_std_10,0.0,lightgbm,8
px_ret_mean_10,0.0,lightgbm,8
px_ret_kurt_21,0.0,lightgbm,8
px_ret_skew_21,0.0,lightgbm,8
px_ret_std_63,0.0,lightgbm,8
vol_trades_zscore_21,0.0,lightgbm,8
vol_taker_buy_ratio_mean_7,0.0,lightgbm,8
vol_taker_buy_ratio,0.0,lightgbm,8
px_ret_kurt_63,0.0,lightgbm,8
px_ret_skew_63,0.0,lightgbm,8
px_dist_max_63,0.0,lightgbm,8
px_dist_min_63,0.0,lightgbm,8
vol_log1p_volume,0.0,lightgbm,8
vol_log1p_quote_volume,0.0,lightgbm,8
px_cumret_90,0.0,lightgbm,8
px_dist_max_21,0.0,lightgbm,8
px_dist_min_21,0.0,lightgbm,8
px_cumret_30,0.0,lightgbm,8
tech_bb_pos_20,0.0,lightgbm,8
tech_macd_hist_norm,0.0,lightgbm,8
rng_intraday,0.0,lightgbm,8
tech_rsi_14,0.0,lightgbm,8
rng_garman_klass_5,0.0,lightgbm,8
rng_garman_klass_21,0.0,lightgbm,8
rng_tr_norm,0.0,lightgbm,8
rng_atr_14_norm,0.0,lightgbm,8
rng_parkinson_21,0.0,lightgbm,8
rng_parkinson_5,0.0,lightgbm,8
vol_ret_corr_21,0.0,lightgbm,8
vol_taker_buy_ratio_dev,0.0,lightgbm,8
vol_qv_median_ratio_63,0.0,lightgbm,8
xa_corr_ref_30,0.0,lightgbm,8
tech_stoch_d_14,0.0,lightgbm,8
xa_ref_vol_21,0.0,lightgbm,8
xa_excess_ret_lag1,0.0,lightgbm,8
xa_corr_ref_90,0.0,lightgbm,8
xa_rel_strength_7,0.0,lightgbm,8
xa_rank_ret_lag1,0.0,lightgbm,8
tech_stoch_k_14,0.0,lightgbm,8
cal_dow_sin,0.0,lightgbm,8
cal_moy_cos,0.0,lightgbm,8
cal_moy_sin,0.0,lightgbm,8
cal_is_weekend,0.0,lightgbm,8
aux_fng_chg_7,0.0,lightgbm,8
aux_adractcnt_z63,0.0,lightgbm,8
aux_adractcnt_chg_7,0.0,lightgbm,8
aux_txcnt_z63,0.0,lightgbm,8
aux_txcnt_chg_7,0.0,lightgbm,8
aux_splycur_z63,0.0,lightgbm,8
aux_splycur_chg_7,0.0,lightgbm,8
rng_close_position,0.08106676170713117,ridge,9
px_ret_1,0.05825342071271258,ridge,9
cal_dow_cos,0.05364958155041117,ridge,9
aux_splycur_chg_7,0.04781198194295835,ridge,9
xa_market_dispersion,0.04340773579537582,ridge,9
cal_is_weekend,0.034106187072375824,ridge,9
xa_ref_ret_lag1,0.03390166508851347,ridge,9
xa_market_ret_lag1,0.033308679277051126,ridge,9
cal_dom_cos,0.032146265199633844,ridge,9
xa_ref_ret_lag2,0.029538322206932928,ridge,9
cal_dow_sin,0.027850905147082647,ridge,9
cal_moy_sin,0.026753181818157855,ridge,9
aux_fng,0.02645365625122434,ridge,9
vol_log1p_quote_volume,0.025059749943158342,ridge,9
px_ret_kurt_63,0.02435365292436684,ridge,9
vol_taker_buy_ratio_mean_7,0.024315733308800585,ridge,9
px_ret_skew_21,0.02341665966464431,ridge,9
xa_rel_strength_30,0.022222281877788262,ridge,9
aux_txcnt_z63,0.02173914699424596,ridge,9
rng_garman_klass_5,0.020726227220347844,ridge,9
rng_cc_parkinson_ratio_21,0.019828194494111107,ridge,9
px_ret_2,0.01774513640270876,ridge,9
xa_rel_strength_7,0.0171208272728751,ridge,9
rng_tr_norm,0.016791975192862876,ridge,9
xa_excess_ret_lag1,0.016112598964411154,ridge,9
tech_stoch_k_14,0.016085531632459044,ridge,9
xa_market_ret_mean_5,0.015556007794514094,ridge,9
aux_splycur_z63,0.015200596223853403,ridge,9
px_ret_std_5,0.014920952822690372,ridge,9
rng_atr_14_norm,0.014333510718333026,ridge,9
px_ret_3,0.013408344193241533,ridge,9
px_ret_skew_63,0.013103239093461424,ridge,9
rng_intraday,0.012788608232868431,ridge,9
rng_parkinson_5,0.01245805137304359,ridge,9
px_cumret_7,0.012258748419492548,ridge,9
aux_adractcnt_chg_7,0.011781800863833895,ridge,9
px_ret_21,0.011406516408712349,ridge,9
px_ret_mean_21,0.011406516408712349,ridge,9
tech_macd_hist_norm,0.011262811061616024,ridge,9
vol_log1p_volume,0.011083530436046431,ridge,9
tech_bb_pos_20,0.01095527100554036,ridge,9
px_dist_min_21,0.010865603728791907,ridge,9
px_ret_mean_63,0.010207793683302609,ridge,9
cal_moy_cos,0.009833392602794637,ridge,9
px_ret_10,0.009740964404976921,ridge,9
px_ret_mean_10,0.00974096440497692,ridge,9
px_ret_std_21,0.009280853530842589,ridge,9
px_ret_std_63,0.009250957889137006,ridge,9
px_cumret_90,0.00909819976373698,ridge,9
aux_txcnt_chg_7,0.008519977381879791,ridge,9
px_ret_kurt_21,0.008480620107817822,ridge,9
xa_ref_vol_21,0.00837521440294338,ridge,9
px_dist_max_63,0.007670247593631644,ridge,9
tech_rsi_14,0.0071740204411667955,ridge,9
px_dist_min_63,0.0069152623504850986,ridge,9
px_cumret_30,0.0060507586150528574,ridge,9
vol_ret_corr_21,0.005204830571719777,ridge,9
xa_rank_ret_lag1,0.004779706868534942,ridge,9
vol_qv_median_ratio_63,0.004416759078481369,ridge,9
cal_dom_sin,0.004062984694922353,ridge,9
aux_fng_chg_7,0.003635174492029977,ridge,9
xa_corr_ref_90,0.003611209610036378,ridge,9
px_dist_max_21,0.0035276313669330038,ridge,9
rng_garman_klass_21,0.0034684967022399938,ridge,9
xa_corr_ref_30,0.003378369605898084,ridge,9
aux_adractcnt_z63,0.003130111189794105,ridge,9
tech_macd_line_norm,0.003017054859982696,ridge,9
vol_taker_buy_ratio_dev,0.0027485821230921414,ridge,9
vol_taker_buy_ratio,0.002748582123092125,ridge,9
tech_obv_zscore_21,0.0024321383995919792,ridge,9
px_ret_mean_5,0.002011990087164296,ridge,9
px_ret_5,0.0020119900871642935,ridge,9
tech_macd_signal_norm,0.001871031862250311,ridge,9
vol_zscore_21,0.0017631692113959986,ridge,9
aux_fng_z_63,0.0017224653218017895,ridge,9
px_ret_std_10,0.0013594933260621359,ridge,9
tech_stoch_d_14,0.001289729250435407,ridge,9
rng_parkinson_21,0.000701730665628001,ridge,9
vol_trades_zscore_21,0.000626956479951192,ridge,9
xa_ref_ret_mean_5,0.0003051796290094761,ridge,9
rng_close_position,86.42200088500977,lightgbm,9
xa_market_ret_lag1,74.61042976379395,lightgbm,9
aux_fng,47.455899238586426,lightgbm,9
cal_dom_cos,30.098450183868408,lightgbm,9
xa_market_ret_mean_5,24.914499282836914,lightgbm,9
xa_ref_ret_lag2,23.4690899848938,lightgbm,9
px_ret_2,23.30349063873291,lightgbm,9
aux_txcnt_chg_7,23.288379669189453,lightgbm,9
aux_splycur_chg_7,23.27263069152832,lightgbm,9
cal_dow_sin,20.346830368041992,lightgbm,9
aux_fng_chg_7,19.937700271606445,lightgbm,9
vol_log1p_quote_volume,18.74810028076172,lightgbm,9
tech_macd_line_norm,18.463600158691406,lightgbm,9
px_ret_3,14.688210010528564,lightgbm,9
cal_dow_cos,13.826499938964844,lightgbm,9
px_dist_min_21,13.735699653625488,lightgbm,9
px_ret_skew_63,13.023900032043457,lightgbm,9
xa_corr_ref_30,12.542900085449219,lightgbm,9
xa_ref_ret_mean_5,12.228899955749512,lightgbm,9
xa_market_dispersion,11.824700355529785,lightgbm,9
px_dist_min_63,11.801199913024902,lightgbm,9
vol_log1p_volume,10.961400032043457,lightgbm,9
rng_cc_parkinson_ratio_21,10.903960227966309,lightgbm,9
cal_dom_sin,9.997650146484375,lightgbm,9
px_cumret_7,9.313770294189453,lightgbm,9
rng_atr_14_norm,8.13541030883789,lightgbm,9
tech_stoch_k_14,7.538670063018799,lightgbm,9
tech_obv_zscore_21,7.038119792938232,lightgbm,9
vol_qv_median_ratio_63,3.6551098823547363,lightgbm,9
px_ret_mean_63,3.4674899578094482,lightgbm,9
px_ret_1,0.0,lightgbm,9
px_ret_10,0.0,lightgbm,9
px_ret_kurt_21,0.0,lightgbm,9
px_ret_skew_21,0.0,lightgbm,9
px_ret_std_63,0.0,lightgbm,9
px_ret_std_21,0.0,lightgbm,9
px_ret_std_10,0.0,lightgbm,9
px_ret_mean_21,0.0,lightgbm,9
px_ret_mean_10,0.0,lightgbm,9
px_ret_std_5,0.0,lightgbm,9
px_ret_5,0.0,lightgbm,9
px_ret_mean_5,0.0,lightgbm,9
px_ret_21,0.0,lightgbm,9
px_cumret_30,0.0,lightgbm,9
px_dist_max_63,0.0,lightgbm,9
px_dist_max_21,0.0,lightgbm,9
px_cumret_90,0.0,lightgbm,9
px_ret_kurt_63,0.0,lightgbm,9
tech_bb_pos_20,0.0,lightgbm,9
tech_macd_hist_norm,0.0,lightgbm,9
tech_macd_signal_norm,0.0,lightgbm,9
tech_rsi_14,0.0,lightgbm,9
rng_intraday,0.0,lightgbm,9
rng_garman_klass_5,0.0,lightgbm,9
rng_garman_klass_21,0.0,lightgbm,9
rng_tr_norm,0.0,lightgbm,9
vol_ret_corr_21,0.0,lightgbm,9
rng_parkinson_5,0.0,lightgbm,9
vol_taker_buy_ratio_dev,0.0,lightgbm,9
rng_parkinson_21,0.0,lightgbm,9
vol_zscore_21,0.0,lightgbm,9
vol_trades_zscore_21,0.0,lightgbm,9
vol_taker_buy_ratio,0.0,lightgbm,9
vol_taker_buy_ratio_mean_7,0.0,lightgbm,9
xa_excess_ret_lag1,0.0,lightgbm,9
xa_rel_strength_7,0.0,lightgbm,9
xa_rel_strength_30,0.0,lightgbm,9
xa_rank_ret_lag1,0.0,lightgbm,9
xa_corr_ref_90,0.0,lightgbm,9
tech_stoch_d_14,0.0,lightgbm,9
xa_ref_ret_lag1,0.0,lightgbm,9
xa_ref_vol_21,0.0,lightgbm,9
cal_is_weekend,0.0,lightgbm,9
cal_moy_cos,0.0,lightgbm,9
cal_moy_sin,0.0,lightgbm,9
aux_fng_z_63,0.0,lightgbm,9
aux_adractcnt_chg_7,0.0,lightgbm,9
aux_adractcnt_z63,0.0,lightgbm,9
aux_txcnt_z63,0.0,lightgbm,9
aux_splycur_z63,0.0,lightgbm,9
rng_close_position,53.0890007019043,lightgbm,9
xa_market_dispersion,37.66399097442627,lightgbm,9
px_ret_1,36.81399917602539,lightgbm,9
tech_macd_signal_norm,30.276500701904297,lightgbm,9
vol_taker_buy_ratio_dev,26.391900062561035,lightgbm,9
xa_market_ret_lag1,18.45375967025757,lightgbm,9
px_ret_21,17.437000274658203,lightgbm,9
cal_dow_cos,14.50629997253418,lightgbm,9
px_cumret_30,13.646699905395508,lightgbm,9
xa_corr_ref_90,12.976799964904785,lightgbm,9
vol_taker_buy_ratio,12.965700149536133,lightgbm,9
aux_fng_chg_7,12.433600425720215,lightgbm,9
aux_fng,10.478500366210938,lightgbm,9
cal_dom_cos,9.021200180053711,lightgbm,9
rng_cc_parkinson_ratio_21,6.778530120849609,lightgbm,9
tech_stoch_k_14,4.539309978485107,lightgbm,9
tech_bb_pos_20,3.4728200435638428,lightgbm,9
px_ret_skew_21,0.0,lightgbm,9
px_ret_kurt_21,0.0,lightgbm,9
px_ret_mean_63,0.0,lightgbm,9
px_ret_std_21,0.0,lightgbm,9
px_ret_mean_21,0.0,lightgbm,9
px_ret_std_63,0.0,lightgbm,9
px_ret_mean_10,0.0,lightgbm,9
px_ret_std_5,0.0,lightgbm,9
px_ret_mean_5,0.0,lightgbm,9
px_ret_10,0.0,lightgbm,9
px_ret_5,0.0,lightgbm,9
px_ret_2,0.0,lightgbm,9
px_ret_3,0.0,lightgbm,9
px_ret_std_10,0.0,lightgbm,9
px_ret_kurt_63,0.0,lightgbm,9
vol_taker_buy_ratio_mean_7,0.0,lightgbm,9
vol_trades_zscore_21,0.0,lightgbm,9
vol_qv_median_ratio_63,0.0,lightgbm,9
vol_zscore_21,0.0,lightgbm,9
vol_log1p_volume,0.0,lightgbm,9
vol_ret_corr_21,0.0,lightgbm,9
rng_parkinson_5,0.0,lightgbm,9
rng_parkinson_21,0.0,lightgbm,9
px_dist_max_63,0.0,lightgbm,9
px_dist_min_63,0.0,lightgbm,9
vol_log1p_quote_volume,0.0,lightgbm,9
px_ret_skew_63,0.0,lightgbm,9
px_cumret_90,0.0,lightgbm,9
px_dist_max_21,0.0,lightgbm,9
px_dist_min_21,0.0,lightgbm,9
px_cumret_7,0.0,lightgbm,9
tech_macd_hist_norm,0.0,lightgbm,9
tech_macd_line_norm,0.0,lightgbm,9
rng_intraday,0.0,lightgbm,9
tech_rsi_14,0.0,lightgbm,9
rng_garman_klass_5,0.0,lightgbm,9
rng_garman_klass_21,0.0,lightgbm,9
rng_tr_norm,0.0,lightgbm,9
rng_atr_14_norm,0.0,lightgbm,9
xa_corr_ref_30,0.0,lightgbm,9
xa_ref_vol_21,0.0,lightgbm,9
xa_ref_ret_mean_5,0.0,lightgbm,9
xa_rel_strength_7,0.0,lightgbm,9
xa_ref_ret_lag2,0.0,lightgbm,9
tech_stoch_d_14,0.0,lightgbm,9
tech_obv_zscore_21,0.0,lightgbm,9
xa_ref_ret_lag1,0.0,lightgbm,9
xa_excess_ret_lag1,0.0,lightgbm,9
xa_market_ret_mean_5,0.0,lightgbm,9
xa_rel_strength_30,0.0,lightgbm,9
xa_rank_ret_lag1,0.0,lightgbm,9
cal_dom_sin,0.0,lightgbm,9
cal_moy_sin,0.0,lightgbm,9
cal_moy_cos,0.0,lightgbm,9
cal_dow_sin,0.0,lightgbm,9
cal_is_weekend,0.0,lightgbm,9
aux_fng_z_63,0.0,lightgbm,9
aux_adractcnt_z63,0.0,lightgbm,9
aux_adractcnt_chg_7,0.0,lightgbm,9
aux_txcnt_z63,0.0,lightgbm,9
aux_txcnt_chg_7,0.0,lightgbm,9
aux_splycur_z63,0.0,lightgbm,9
aux_splycur_chg_7,0.0,lightgbm,9
rng_close_position,142.83520126342773,lightgbm,9
tech_macd_signal_norm,103.85520267486572,lightgbm,9
xa_market_ret_lag1,86.15441131591797,lightgbm,9
xa_market_dispersion,77.35943937301636,lightgbm,9
cal_dow_cos,72.54183006286621,lightgbm,9
px_ret_1,57.360509395599365,lightgbm,9
xa_ref_ret_lag2,55.49890947341919,lightgbm,9
xa_ref_ret_mean_5,50.777710914611816,lightgbm,9
cal_dom_cos,36.67219924926758,lightgbm,9
aux_fng_chg_7,33.21486949920654,lightgbm,9
xa_market_ret_mean_5,29.62197971343994,lightgbm,9
px_ret_mean_63,25.21370029449463,lightgbm,9
rng_atr_14_norm,24.191999435424805,lightgbm,9
px_ret_std_5,23.09268045425415,lightgbm,9
aux_fng,20.760000228881836,lightgbm,9
rng_cc_parkinson_ratio_21,15.347350597381592,lightgbm,9
px_ret_skew_21,14.561800003051758,lightgbm,9
cal_dom_sin,13.94310998916626,lightgbm,9
aux_fng_z_63,13.860899925231934,lightgbm,9
aux_splycur_chg_7,12.991499900817871,lightgbm,9
px_dist_min_63,12.381999969482422,lightgbm,9
px_cumret_90,12.256631850730628,lightgbm,9
px_ret_mean_10,12.063300132751465,lightgbm,9
vol_taker_buy_ratio_dev,11.724100112915039,lightgbm,9
px_ret_10,11.559100151062012,lightgbm,9
cal_dow_sin,10.98169994354248,lightgbm,9
aux_splycur_z63,10.930500030517578,lightgbm,9
xa_corr_ref_30,9.978819847106934,lightgbm,9
px_ret_std_63,9.108169555664062,lightgbm,9
px_ret_skew_63,8.404459953308105,lightgbm,9
vol_ret_corr_21,7.14886999130249,lightgbm,9
vol_taker_buy_ratio,6.221529960632324,lightgbm,9
vol_taker_buy_ratio_mean_7,3.193190097808838,lightgbm,9
rng_tr_norm,1.7421400547027588,lightgbm,9
px_ret_kurt_21,0.0,lightgbm,9
px_ret_std_21,0.0,lightgbm,9
px_ret_5,0.0,lightgbm,9
px_ret_3,0.0,lightgbm,9
px_ret_21,0.0,lightgbm,9
px_ret_mean_5,0.0,lightgbm,9
px_ret_2,0.0,lightgbm,9
px_ret_std_10,0.0,lightgbm,9
px_ret_mean_21,0.0,lightgbm,9
vol_qv_median_ratio_63,0.0,lightgbm,9
px_dist_max_63,0.0,lightgbm,9
px_cumret_30,0.0,lightgbm,9
px_cumret_7,0.0,lightgbm,9
px_ret_kurt_63,0.0,lightgbm,9
tech_bb_pos_20,0.0,lightgbm,9
tech_macd_hist_norm,0.0,lightgbm,9
tech_macd_line_norm,0.0,lightgbm,9
tech_rsi_14,0.0,lightgbm,9
rng_intraday,0.0,lightgbm,9
rng_parkinson_5,0.0,lightgbm,9
rng_garman_klass_21,0.0,lightgbm,9
rng_garman_klass_5,0.0,lightgbm,9
rng_parkinson_21,0.0,lightgbm,9
px_dist_min_21,0.0,lightgbm,9
px_dist_max_21,0.0,lightgbm,9
vol_log1p_volume,0.0,lightgbm,9
vol_zscore_21,0.0,lightgbm,9
vol_log1p_quote_volume,0.0,lightgbm,9
vol_trades_zscore_21,0.0,lightgbm,9
xa_ref_ret_lag1,0.0,lightgbm,9
xa_excess_ret_lag1,0.0,lightgbm,9
xa_rel_strength_7,0.0,lightgbm,9
xa_rel_strength_30,0.0,lightgbm,9
xa_rank_ret_lag1,0.0,lightgbm,9
xa_corr_ref_90,0.0,lightgbm,9
tech_obv_zscore_21,0.0,lightgbm,9
tech_stoch_d_14,0.0,lightgbm,9
xa_ref_vol_21,0.0,lightgbm,9
tech_stoch_k_14,0.0,lightgbm,9
cal_is_weekend,0.0,lightgbm,9
cal_moy_sin,0.0,lightgbm,9
cal_moy_cos,0.0,lightgbm,9
aux_adractcnt_chg_7,0.0,lightgbm,9
aux_adractcnt_z63,0.0,lightgbm,9
aux_txcnt_chg_7,0.0,lightgbm,9
aux_txcnt_z63,0.0,lightgbm,9
rng_close_position,41.041500091552734,lightgbm,9
xa_market_ret_lag1,33.30850028991699,lightgbm,9
xa_market_dispersion,21.941349983215332,lightgbm,9
cal_dow_cos,20.433210372924805,lightgbm,9
tech_macd_line_norm,20.355600357055664,lightgbm,9
cal_dom_cos,13.634200096130371,lightgbm,9
tech_obv_zscore_21,10.788800239562988,lightgbm,9
xa_ref_vol_21,10.351699829101562,lightgbm,9
px_ret_std_63,1.756250023841858,lightgbm,9
px_ret_1,0.0,lightgbm,9
px_ret_3,0.0,lightgbm,9
px_ret_2,0.0,lightgbm,9
px_ret_10,0.0,lightgbm,9
px_ret_21,0.0,lightgbm,9
px_ret_mean_5,0.0,lightgbm,9
px_ret_5,0.0,lightgbm,9
px_ret_kurt_21,0.0,lightgbm,9
px_ret_skew_21,0.0,lightgbm,9
px_ret_mean_63,0.0,lightgbm,9
px_ret_std_21,0.0,lightgbm,9
px_ret_std_10,0.0,lightgbm,9
px_ret_mean_21,0.0,lightgbm,9
px_ret_mean_10,0.0,lightgbm,9
px_ret_std_5,0.0,lightgbm,9
px_dist_min_63,0.0,lightgbm,9
vol_log1p_volume,0.0,lightgbm,9
px_ret_skew_63,0.0,lightgbm,9
px_ret_kurt_63,0.0,lightgbm,9
px_cumret_90,0.0,lightgbm,9
px_dist_max_21,0.0,lightgbm,9
px_cumret_7,0.0,lightgbm,9
px_cumret_30,0.0,lightgbm,9
vol_taker_buy_ratio_mean_7,0.0,lightgbm,9
vol_taker_buy_ratio,0.0,lightgbm,9
vol_taker_buy_ratio_dev,0.0,lightgbm,9
vol_ret_corr_21,0.0,lightgbm,9
rng_garman_klass_5,0.0,lightgbm,9
rng_garman_klass_21,0.0,lightgbm,9
rng_parkinson_5,0.0,lightgbm,9
rng_parkinson_21,0.0,lightgbm,9
rng_atr_14_norm,0.0,lightgbm,9
rng_tr_norm,0.0,lightgbm,9
vol_log1p_quote_volume,0.0,lightgbm,9
vol_zscore_21,0.0,lightgbm,9
vol_qv_median_ratio_63,0.0,lightgbm,9
vol_trades_zscore_21,0.0,lightgbm,9
px_dist_min_21,0.0,lightgbm,9
px_dist_max_63,0.0,lightgbm,9
tech_bb_pos_20,0.0,lightgbm,9
tech_macd_hist_norm,0.0,lightgbm,9
tech_macd_signal_norm,0.0,lightgbm,9
tech_rsi_14,0.0,lightgbm,9
rng_cc_parkinson_ratio_21,0.0,lightgbm,9
rng_intraday,0.0,lightgbm,9
xa_ref_ret_lag1,0.0,lightgbm,9
xa_ref_ret_lag2,0.0,lightgbm,9
xa_corr_ref_30,0.0,lightgbm,9
xa_ref_ret_mean_5,0.0,lightgbm,9
xa_corr_ref_90,0.0,lightgbm,9
xa_rel_strength_7,0.0,lightgbm,9
xa_rank_ret_lag1,0.0,lightgbm,9
xa_rel_strength_30,0.0,lightgbm,9
tech_stoch_d_14,0.0,lightgbm,9
tech_stoch_k_14,0.0,lightgbm,9
xa_excess_ret_lag1,0.0,lightgbm,9
xa_market_ret_mean_5,0.0,lightgbm,9
cal_dow_sin,0.0,lightgbm,9
cal_dom_sin,0.0,lightgbm,9
cal_moy_sin,0.0,lightgbm,9
cal_moy_cos,0.0,lightgbm,9
cal_is_weekend,0.0,lightgbm,9
aux_fng,0.0,lightgbm,9
aux_fng_chg_7,0.0,lightgbm,9
aux_fng_z_63,0.0,lightgbm,9
aux_adractcnt_z63,0.0,lightgbm,9
aux_adractcnt_chg_7,0.0,lightgbm,9
aux_txcnt_z63,0.0,lightgbm,9
aux_txcnt_chg_7,0.0,lightgbm,9
aux_splycur_z63,0.0,lightgbm,9
aux_splycur_chg_7,0.0,lightgbm,9
rng_close_position,40.31869888305664,lightgbm,9
xa_market_dispersion,39.48029899597168,lightgbm,9
px_ret_1,37.98759841918945,lightgbm,9
cal_dow_cos,32.52970027923584,lightgbm,9
cal_dom_cos,28.60239052772522,lightgbm,9
tech_macd_signal_norm,26.501500129699707,lightgbm,9
xa_market_ret_lag1,24.204899787902832,lightgbm,9
px_ret_std_5,17.994199752807617,lightgbm,9
px_ret_mean_10,15.28030014038086,lightgbm,9
aux_txcnt_z63,14.047499656677246,lightgbm,9
vol_log1p_quote_volume,11.610199928283691,lightgbm,9
cal_dom_sin,10.889300346374512,lightgbm,9
px_dist_min_63,10.675000190734863,lightgbm,9
rng_parkinson_5,9.1673002243042,lightgbm,9
px_dist_max_21,7.007800102233887,lightgbm,9
px_ret_std_10,6.63955020904541,lightgbm,9
rng_cc_parkinson_ratio_21,3.4402599334716797,lightgbm,9
xa_ref_ret_lag1,3.2867300510406494,lightgbm,9
px_ret_std_63,0.0,lightgbm,9
px_ret_mean_63,0.0,lightgbm,9
px_ret_kurt_21,0.0,lightgbm,9
px_ret_skew_21,0.0,lightgbm,9
px_ret_21,0.0,lightgbm,9
px_ret_mean_5,0.0,lightgbm,9
px_ret_2,0.0,lightgbm,9
px_ret_3,0.0,lightgbm,9
px_ret_10,0.0,lightgbm,9
px_ret_5,0.0,lightgbm,9
px_ret_std_21,0.0,lightgbm,9
px_ret_mean_21,0.0,lightgbm,9
px_dist_max_63,0.0,lightgbm,9
px_ret_skew_63,0.0,lightgbm,9
vol_taker_buy_ratio_mean_7,0.0,lightgbm,9
vol_taker_buy_ratio,0.0,lightgbm,9
vol_trades_zscore_21,0.0,lightgbm,9
vol_qv_median_ratio_63,0.0,lightgbm,9
rng_garman_klass_5,0.0,lightgbm,9
vol_taker_buy_ratio_dev,0.0,lightgbm,9
vol_ret_corr_21,0.0,lightgbm,9
rng_parkinson_21,0.0,lightgbm,9
rng_atr_14_norm,0.0,lightgbm,9
px_dist_min_21,0.0,lightgbm,9
vol_log1p_volume,0.0,lightgbm,9
vol_zscore_21,0.0,lightgbm,9
px_cumret_30,0.0,lightgbm,9
px_cumret_90,0.0,lightgbm,9
px_cumret_7,0.0,lightgbm,9
px_ret_kurt_63,0.0,lightgbm,9
tech_bb_pos_20,0.0,lightgbm,9
tech_macd_hist_norm,0.0,lightgbm,9
tech_macd_line_norm,0.0,lightgbm,9
tech_rsi_14,0.0,lightgbm,9
rng_intraday,0.0,lightgbm,9
rng_garman_klass_21,0.0,lightgbm,9
rng_tr_norm,0.0,lightgbm,9
tech_stoch_k_14,0.0,lightgbm,9
xa_corr_ref_30,0.0,lightgbm,9
xa_ref_vol_21,0.0,lightgbm,9
xa_corr_ref_90,0.0,lightgbm,9
xa_rel_strength_7,0.0,lightgbm,9
xa_ref_ret_lag2,0.0,lightgbm,9
xa_ref_ret_mean_5,0.0,lightgbm,9
tech_stoch_d_14,0.0,lightgbm,9
tech_obv_zscore_21,0.0,lightgbm,9
xa_excess_ret_lag1,0.0,lightgbm,9
xa_market_ret_mean_5,0.0,lightgbm,9
xa_rel_strength_30,0.0,lightgbm,9
xa_rank_ret_lag1,0.0,lightgbm,9
cal_moy_sin,0.0,lightgbm,9
cal_moy_cos,0.0,lightgbm,9
cal_is_weekend,0.0,lightgbm,9
cal_dow_sin,0.0,lightgbm,9
aux_fng,0.0,lightgbm,9
aux_fng_chg_7,0.0,lightgbm,9
aux_adractcnt_z63,0.0,lightgbm,9
aux_fng_z_63,0.0,lightgbm,9
aux_adractcnt_chg_7,0.0,lightgbm,9
aux_txcnt_chg_7,0.0,lightgbm,9
aux_splycur_z63,0.0,lightgbm,9
aux_splycur_chg_7,0.0,lightgbm,9
rng_close_position,0.07121638899294819,ridge,10
px_ret_1,0.05987237384139594,ridge,10
cal_dow_cos,0.047761067202803514,ridge,10
cal_dom_cos,0.04535242137424277,ridge,10
aux_splycur_chg_7,0.0446649135184217,ridge,10
xa_market_dispersion,0.03872884247016975,ridge,10
aux_fng,0.03111505840569464,ridge,10
xa_ref_ret_lag1,0.02976821632945336,ridge,10
aux_txcnt_z63,0.02897511705664772,ridge,10
cal_dow_sin,0.02869712783420576,ridge,10
xa_market_ret_lag1,0.02845984968139092,ridge,10
vol_taker_buy_ratio_mean_7,0.0265057743058799,ridge,10
xa_ref_ret_lag2,0.026468671474520332,ridge,10
px_ret_skew_21,0.025941646402045253,ridge,10
rng_cc_parkinson_ratio_21,0.025791736566588744,ridge,10
cal_is_weekend,0.024712534256343104,ridge,10
rng_garman_klass_5,0.02250313333389859,ridge,10
cal_moy_sin,0.02146877043837394,ridge,10
px_ret_kurt_63,0.020389404452369093,ridge,10
px_ret_skew_63,0.019685685818639553,ridge,10
px_ret_2,0.019615304092589346,ridge,10
vol_log1p_quote_volume,0.01916421320458757,ridge,10
xa_rel_strength_30,0.019052722991750533,ridge,10
xa_rel_strength_7,0.018243701486985477,ridge,10
px_ret_3,0.01693011184963672,ridge,10
aux_splycur_z63,0.01583429841223426,ridge,10
cal_moy_cos,0.015435986755387182,ridge,10
rng_tr_norm,0.015065565737498515,ridge,10
px_ret_21,0.014969127337936728,ridge,10
px_ret_mean_21,0.014969127337936726,ridge,10
rng_atr_14_norm,0.014744336460282214,ridge,10
rng_parkinson_5,0.014629054857439075,ridge,10
px_cumret_30,0.014420460054526827,ridge,10
px_cumret_90,0.014042441940633347,ridge,10
tech_macd_hist_norm,0.013517210954252791,ridge,10
xa_market_ret_mean_5,0.012993134542275728,ridge,10
px_ret_kurt_21,0.01229360030460198,ridge,10
tech_stoch_k_14,0.012236570219791366,ridge,10
px_dist_min_21,0.012145951552139416,ridge,10
rng_intraday,0.01207420910028487,ridge,10
px_ret_mean_63,0.010275743138247922,ridge,10
xa_ref_vol_21,0.01020173685655081,ridge,10
vol_log1p_volume,0.010140383054188384,ridge,10
px_dist_max_21,0.009995574236662783,ridge,10
xa_excess_ret_lag1,0.009891134423022665,ridge,10
px_ret_std_5,0.009618399561149784,ridge,10
tech_macd_line_norm,0.009017124967900083,ridge,10
aux_txcnt_chg_7,0.00897260128541512,ridge,10
vol_ret_corr_21,0.008415634650565986,ridge,10
tech_macd_signal_norm,0.008355959450253607,ridge,10
rng_garman_klass_21,0.008301628337165724,ridge,10
vol_trades_zscore_21,0.007864348950983362,ridge,10
aux_adractcnt_chg_7,0.007154463651473155,ridge,10
px_cumret_7,0.006504650027577541,ridge,10
vol_zscore_21,0.0064528820022105695,ridge,10
tech_bb_pos_20,0.0062270127479762466,ridge,10
px_ret_mean_5,0.005888483043863881,ridge,10
px_ret_5,0.005888483043863876,ridge,10
px_ret_mean_10,0.005761819238378488,ridge,10
px_ret_10,0.005761819238378486,ridge,10
px_ret_std_63,0.005705660921775623,ridge,10
aux_fng_z_63,0.005483738532766448,ridge,10
px_dist_min_63,0.005456573055176793,ridge,10
cal_dom_sin,0.005300567107062218,ridge,10
xa_rank_ret_lag1,0.005201841250308209,ridge,10
rng_parkinson_21,0.005110019697148193,ridge,10
tech_rsi_14,0.004729110145740438,ridge,10
px_dist_max_63,0.004407152957738224,ridge,10
px_ret_std_21,0.0043896385425129004,ridge,10
aux_adractcnt_z63,0.0041576058964994285,ridge,10
xa_ref_ret_mean_5,0.0037098136750794907,ridge,10
vol_qv_median_ratio_63,0.0033966665438362625,ridge,10
px_ret_std_10,0.003309761327722413,ridge,10
aux_fng_chg_7,0.002711781609915691,ridge,10
xa_corr_ref_90,0.0008388244413305723,ridge,10
tech_obv_zscore_21,0.0007849265261326356,ridge,10
xa_corr_ref_30,0.0006596371733114384,ridge,10
tech_stoch_d_14,0.00045644817336591383,ridge,10
vol_taker_buy_ratio_dev,2.9218233915354687e-05,ridge,10
vol_taker_buy_ratio,2.9218233915351407e-05,ridge,10
rng_close_position,522.8542513847351,lightgbm,10
px_ret_1,350.5286259651184,lightgbm,10
xa_market_dispersion,345.5532727241516,lightgbm,10
cal_dow_cos,284.2725100517273,lightgbm,10
aux_fng,263.16402196884155,lightgbm,10
cal_dom_cos,244.61673021316528,lightgbm,10
xa_market_ret_lag1,232.5162215232849,lightgbm,10
xa_ref_vol_21,147.1813201904297,lightgbm,10
xa_ref_ret_lag2,137.15073001384735,lightgbm,10
rng_cc_parkinson_ratio_21,128.6234712600708,lightgbm,10
aux_fng_z_63,127.24442052841187,lightgbm,10
px_cumret_30,114.85905933380127,lightgbm,10
xa_market_ret_mean_5,106.13600969314575,lightgbm,10
vol_taker_buy_ratio,102.1900806427002,lightgbm,10
aux_fng_chg_7,100.2524299621582,lightgbm,10
tech_macd_signal_norm,100.19479942321777,lightgbm,10
aux_txcnt_z63,99.36618089675903,lightgbm,10
px_ret_skew_21,91.27850008010864,lightgbm,10
px_ret_2,88.41753005981445,lightgbm,10
px_ret_std_63,85.22263050079346,lightgbm,10
cal_dom_sin,83.01535928249359,lightgbm,10
vol_qv_median_ratio_63,76.37363004684448,lightgbm,10
vol_zscore_21,74.44978189468384,lightgbm,10
xa_ref_ret_mean_5,67.14926981925964,lightgbm,10
xa_ref_ret_lag1,61.977038860321045,lightgbm,10
px_ret_std_5,60.09062957763672,lightgbm,10
px_cumret_90,58.6262092590332,lightgbm,10
aux_splycur_chg_7,58.10085964202881,lightgbm,10
xa_corr_ref_90,55.345099449157715,lightgbm,10
px_ret_21,50.82559108734131,lightgbm,10
px_ret_mean_63,47.829869747161865,lightgbm,10
px_ret_skew_63,45.45668959617615,lightgbm,10
cal_dow_sin,44.885009765625,lightgbm,10
px_dist_max_63,44.19744062423706,lightgbm,10
tech_macd_hist_norm,41.9889395236969,lightgbm,10
xa_rel_strength_30,41.27008008956909,lightgbm,10
aux_adractcnt_z63,41.0780394077301,lightgbm,10
xa_corr_ref_30,39.143080711364746,lightgbm,10
vol_trades_zscore_21,38.97284936904907,lightgbm,10
vol_taker_buy_ratio_mean_7,37.26551008224487,lightgbm,10
tech_macd_line_norm,35.44878005981445,lightgbm,10
aux_adractcnt_chg_7,31.509080171585083,lightgbm,10
rng_parkinson_5,31.11872959136963,lightgbm,10
px_dist_min_63,29.85808038711548,lightgbm,10
vol_log1p_quote_volume,28.4624605178833,lightgbm,10
xa_excess_ret_lag1,27.83503007888794,lightgbm,10
rng_tr_norm,27.71914005279541,lightgbm,10
px_ret_kurt_63,22.2669095993042,lightgbm,10
tech_bb_pos_20,19.78358030319214,lightgbm,10
vol_ret_corr_21,15.143270015716553,lightgbm,10
rng_intraday,14.903369903564453,lightgbm,10
px_dist_max_21,14.183500289916992,lightgbm,10
aux_txcnt_chg_7,13.935530185699463,lightgbm,10
vol_taker_buy_ratio_dev,12.299500226974487,lightgbm,10
px_ret_mean_10,11.099900245666504,lightgbm,10
rng_garman_klass_21,11.035789728164673,lightgbm,10
rng_garman_klass_5,9.789070129394531,lightgbm,10
aux_splycur_z63,9.218879699707031,lightgbm,10
px_cumret_7,8.739150047302246,lightgbm,10
px_ret_3,8.132749915122986,lightgbm,10
px_ret_kurt_21,6.655679941177368,lightgbm,10
tech_obv_zscore_21,6.190589904785156,lightgbm,10
xa_rel_strength_7,5.77223014831543,lightgbm,10
tech_stoch_d_14,5.742249965667725,lightgbm,10
px_ret_std_10,5.397799968719482,lightgbm,10
cal_moy_cos,3.779550075531006,lightgbm,10
tech_stoch_k_14,3.7679600715637207,lightgbm,10
rng_parkinson_21,2.0482399463653564,lightgbm,10
px_ret_5,0.0,lightgbm,10
px_ret_std_21,0.0,lightgbm,10
px_ret_10,0.0,lightgbm,10
px_ret_mean_5,0.0,lightgbm,10
px_ret_mean_21,0.0,lightgbm,10
rng_atr_14_norm,0.0,lightgbm,10
px_dist_min_21,0.0,lightgbm,10
vol_log1p_volume,0.0,lightgbm,10
tech_rsi_14,0.0,lightgbm,10
xa_rank_ret_lag1,0.0,lightgbm,10
cal_is_weekend,0.0,lightgbm,10
cal_moy_sin,0.0,lightgbm,10
rng_close_position,326.70728302001953,lightgbm,10
px_ret_1,280.2755813598633,lightgbm,10
cal_dow_cos,269.3897123336792,lightgbm,10
cal_dom_cos,214.97738027572632,lightgbm,10
xa_market_dispersion,179.09562063217163,lightgbm,10
xa_ref_ret_lag2,173.82781171798706,lightgbm,10
xa_market_ret_lag1,129.44151878356934,lightgbm,10
aux_fng,113.84428024291992,lightgbm,10
px_cumret_30,111.7837586402893,lightgbm,10
px_ret_skew_63,86.44961881637573,lightgbm,10
px_cumret_90,84.26025009155273,lightgbm,10
xa_ref_ret_mean_5,80.77627849578857,lightgbm,10
xa_ref_vol_21,78.65302085876465,lightgbm,10
xa_market_ret_mean_5,76.89005041122437,lightgbm,10
rng_cc_parkinson_ratio_21,76.26169967651367,lightgbm,10
px_ret_mean_63,69.28606939315796,lightgbm,10
aux_fng_z_63,61.756829261779785,lightgbm,10
aux_splycur_chg_7,49.07238006591797,lightgbm,10
px_dist_min_63,48.76180076599121,lightgbm,10
px_dist_max_63,48.11646095663309,lightgbm,10
px_ret_std_63,47.67070007324219,lightgbm,10
tech_macd_signal_norm,45.27839994430542,lightgbm,10
aux_fng_chg_7,43.81401014328003,lightgbm,10
tech_obv_zscore_21,42.15002918243408,lightgbm,10
vol_qv_median_ratio_63,41.50349998474121,lightgbm,10
rng_garman_klass_5,36.381290435791016,lightgbm,10
vol_trades_zscore_21,34.30007982254028,lightgbm,10
rng_atr_14_norm,34.26336050033569,lightgbm,10
vol_log1p_quote_volume,34.19905972480774,lightgbm,10
vol_ret_corr_21,33.71987009048462,lightgbm,10
cal_dom_sin,30.449609994888306,lightgbm,10
px_ret_std_5,29.14699935913086,lightgbm,10
aux_adractcnt_chg_7,28.51703977584839,lightgbm,10
cal_dow_sin,27.298649787902832,lightgbm,10
px_dist_max_21,26.103370666503906,lightgbm,10
vol_zscore_21,25.23518991470337,lightgbm,10
vol_taker_buy_ratio_mean_7,24.573280334472656,lightgbm,10
tech_macd_hist_norm,23.366060733795166,lightgbm,10
px_ret_10,22.144100189208984,lightgbm,10
vol_taker_buy_ratio,21.8299503326416,lightgbm,10
xa_ref_ret_lag1,20.895259857177734,lightgbm,10
vol_taker_buy_ratio_dev,20.061540603637695,lightgbm,10
cal_moy_sin,19.865740299224854,lightgbm,10
px_ret_skew_21,19.12824010848999,lightgbm,10
xa_corr_ref_30,17.61303997039795,lightgbm,10
rng_parkinson_5,17.478739738464355,lightgbm,10
xa_corr_ref_90,15.856800079345703,lightgbm,10
px_ret_mean_21,14.01830005645752,lightgbm,10
px_ret_3,13.048600196838379,lightgbm,10
aux_txcnt_z63,12.694869756698608,lightgbm,10
vol_log1p_volume,12.48639965057373,lightgbm,10
px_ret_kurt_21,12.379930019378662,lightgbm,10
px_ret_std_21,12.194499969482422,lightgbm,10
px_ret_5,10.457910060882568,lightgbm,10
xa_rel_strength_30,9.123299598693848,lightgbm,10
tech_macd_line_norm,8.967739820480347,lightgbm,10
aux_txcnt_chg_7,8.093759536743164,lightgbm,10
px_ret_std_10,7.341219902038574,lightgbm,10
tech_stoch_d_14,7.339849948883057,lightgbm,10
px_dist_min_21,7.264319896697998,lightgbm,10
px_ret_kurt_63,7.131889820098877,lightgbm,10
px_ret_mean_5,5.125539779663086,lightgbm,10
px_ret_mean_10,2.2950000762939453,lightgbm,10
px_ret_21,0.0,lightgbm,10
px_ret_2,0.0,lightgbm,10
tech_bb_pos_20,0.0,lightgbm,10
rng_intraday,0.0,lightgbm,10
tech_rsi_14,0.0,lightgbm,10
rng_garman_klass_21,0.0,lightgbm,10
rng_parkinson_21,0.0,lightgbm,10
px_cumret_7,0.0,lightgbm,10
rng_tr_norm,0.0,lightgbm,10
xa_excess_ret_lag1,0.0,lightgbm,10
xa_rank_ret_lag1,0.0,lightgbm,10
xa_rel_strength_7,0.0,lightgbm,10
tech_stoch_k_14,0.0,lightgbm,10
cal_is_weekend,0.0,lightgbm,10
cal_moy_cos,0.0,lightgbm,10
aux_adractcnt_z63,0.0,lightgbm,10
aux_splycur_z63,0.0,lightgbm,10
px_ret_1,347.60509395599365,lightgbm,10
rng_close_position,302.6607279777527,lightgbm,10
xa_market_dispersion,238.47203874588013,lightgbm,10
xa_market_ret_lag1,220.84820985794067,lightgbm,10
cal_dow_cos,211.05699157714844,lightgbm,10
cal_dom_cos,204.811429977417,lightgbm,10
xa_ref_ret_lag2,143.0920296907425,lightgbm,10
px_cumret_30,139.54980278015137,lightgbm,10
aux_fng,101.07207107543945,lightgbm,10
xa_market_ret_mean_5,88.42515993118286,lightgbm,10
px_ret_std_5,82.27849960327148,lightgbm,10
aux_fng_z_63,77.01630902290344,lightgbm,10
px_cumret_90,73.75998878479004,lightgbm,10
xa_ref_ret_mean_5,71.48578929901123,lightgbm,10
rng_cc_parkinson_ratio_21,66.91430950164795,lightgbm,10
aux_splycur_chg_7,65.44674968719482,lightgbm,10
px_ret_std_63,63.41536998748779,lightgbm,10
xa_corr_ref_30,62.68867015838623,lightgbm,10
xa_ref_ret_lag1,59.0612006187439,lightgbm,10
vol_qv_median_ratio_63,56.0488805770874,lightgbm,10
px_ret_skew_63,50.352930545806885,lightgbm,10
tech_macd_signal_norm,44.45437955856323,lightgbm,10
vol_taker_buy_ratio,39.50030040740967,lightgbm,10
vol_taker_buy_ratio_mean_7,39.03214073181152,lightgbm,10
tech_bb_pos_20,37.507169246673584,lightgbm,10
px_dist_min_63,36.24959945678711,lightgbm,10
px_ret_mean_63,36.171199798583984,lightgbm,10
px_dist_max_63,33.339019775390625,lightgbm,10
xa_ref_vol_21,31.82337410748005,lightgbm,10
px_ret_2,31.612199783325195,lightgbm,10
aux_fng_chg_7,30.525390625,lightgbm,10
tech_macd_line_norm,30.274879932403564,lightgbm,10
px_ret_std_10,29.868820190429688,lightgbm,10
cal_dow_sin,28.69679021835327,lightgbm,10
xa_excess_ret_lag1,28.167930603027344,lightgbm,10
vol_trades_zscore_21,27.915579795837402,lightgbm,10
px_ret_kurt_21,25.218249797821045,lightgbm,10
cal_moy_cos,24.610129356384277,lightgbm,10
cal_moy_sin,24.17279052734375,lightgbm,10
rng_tr_norm,23.690800666809082,lightgbm,10
aux_txcnt_z63,22.71347999572754,lightgbm,10
rng_atr_14_norm,21.555999755859375,lightgbm,10
cal_dom_sin,20.879210233688354,lightgbm,10
px_ret_skew_21,18.289560317993164,lightgbm,10
px_ret_21,16.242559909820557,lightgbm,10
xa_rel_strength_30,13.932369947433472,lightgbm,10
px_dist_min_21,13.92710018157959,lightgbm,10
rng_garman_klass_21,13.70481014251709,lightgbm,10
vol_taker_buy_ratio_dev,12.577799797058105,lightgbm,10
rng_garman_klass_5,12.408460140228271,lightgbm,10
cal_is_weekend,11.903300285339355,lightgbm,10
tech_macd_hist_norm,11.84280014038086,lightgbm,10
tech_stoch_k_14,11.30720043182373,lightgbm,10
px_ret_mean_21,10.659600257873535,lightgbm,10
aux_adractcnt_z63,10.487899780273438,lightgbm,10
xa_corr_ref_90,9.982620239257812,lightgbm,10
aux_splycur_z63,9.925359725952148,lightgbm,10
vol_log1p_volume,8.967260360717773,lightgbm,10
aux_adractcnt_chg_7,8.03807020187378,lightgbm,10
vol_log1p_quote_volume,7.680190086364746,lightgbm,10
px_cumret_7,7.505899906158447,lightgbm,10
vol_ret_corr_21,7.240180015563965,lightgbm,10
vol_zscore_21,6.254350185394287,lightgbm,10
px_ret_5,6.033850193023682,lightgbm,10
aux_txcnt_chg_7,4.232029914855957,lightgbm,10
tech_stoch_d_14,2.3985400199890137,lightgbm,10
px_ret_mean_10,0.0,lightgbm,10
px_ret_mean_5,0.0,lightgbm,10
px_ret_3,0.0,lightgbm,10
px_ret_std_21,0.0,lightgbm,10
px_ret_10,0.0,lightgbm,10
px_ret_kurt_63,0.0,lightgbm,10
rng_intraday,0.0,lightgbm,10
tech_rsi_14,0.0,lightgbm,10
rng_parkinson_21,0.0,lightgbm,10
rng_parkinson_5,0.0,lightgbm,10
px_dist_max_21,0.0,lightgbm,10
xa_rel_strength_7,0.0,lightgbm,10
tech_obv_zscore_21,0.0,lightgbm,10
xa_rank_ret_lag1,0.0,lightgbm,10
rng_close_position,557.6010174751282,lightgbm,10
xa_market_ret_lag1,379.25553941726685,lightgbm,10
px_ret_1,351.61306047439575,lightgbm,10
cal_dow_cos,340.83104181289673,lightgbm,10
xa_market_dispersion,322.181738615036,lightgbm,10
cal_dom_cos,311.7326693534851,lightgbm,10
px_cumret_30,175.6688675880432,lightgbm,10
xa_ref_ret_lag2,172.43180012702942,lightgbm,10
aux_fng,147.95553922653198,lightgbm,10
aux_fng_z_63,133.86245012283325,lightgbm,10
xa_market_ret_mean_5,131.72262001037598,lightgbm,10
xa_ref_vol_21,128.93088960647583,lightgbm,10
px_ret_skew_63,126.22480744123459,lightgbm,10
xa_ref_ret_mean_5,119.97034096717834,lightgbm,10
px_ret_std_63,112.3393394947052,lightgbm,10
cal_dom_sin,98.64220833778381,lightgbm,10
px_ret_std_5,96.93714141845703,lightgbm,10
aux_fng_chg_7,81.69050073623657,lightgbm,10
px_cumret_90,80.82587146759033,lightgbm,10
rng_cc_parkinson_ratio_21,79.49983930587769,lightgbm,10
vol_trades_zscore_21,73.2786192893982,lightgbm,10
px_ret_mean_63,72.57358980178833,lightgbm,10
vol_taker_buy_ratio,70.68258094787598,lightgbm,10
xa_ref_ret_lag1,69.7734899520874,lightgbm,10
tech_macd_signal_norm,62.78528022766113,lightgbm,10
cal_dow_sin,59.57745027542114,lightgbm,10
aux_splycur_chg_7,58.635701179504395,lightgbm,10
px_ret_10,58.08356022834778,lightgbm,10
px_ret_21,53.973798751831055,lightgbm,10
xa_excess_ret_lag1,51.49386930465698,lightgbm,10
vol_taker_buy_ratio_mean_7,51.40465974807739,lightgbm,10
aux_txcnt_z63,51.16818952560425,lightgbm,10
xa_corr_ref_90,48.656190395355225,lightgbm,10
px_ret_skew_21,47.7938072681427,lightgbm,10
vol_qv_median_ratio_63,44.706780195236206,lightgbm,10
px_ret_2,44.349069595336914,lightgbm,10
xa_corr_ref_30,43.921080112457275,lightgbm,10
rng_garman_klass_5,43.835798263549805,lightgbm,10
aux_txcnt_chg_7,42.64409959316254,lightgbm,10
vol_zscore_21,36.169129371643066,lightgbm,10
tech_macd_line_norm,35.74368953704834,lightgbm,10
vol_ret_corr_21,34.9583797454834,lightgbm,10
tech_obv_zscore_21,32.215810775756836,lightgbm,10
px_dist_min_21,31.46501064300537,lightgbm,10
px_dist_max_63,30.652669310569763,lightgbm,10
px_ret_kurt_21,27.85448956489563,lightgbm,10
px_dist_max_21,24.908899307250977,lightgbm,10
px_cumret_7,23.356249809265137,lightgbm,10
px_ret_3,22.938780784606934,lightgbm,10
rng_parkinson_5,22.530759811401367,lightgbm,10
cal_moy_cos,21.47010040283203,lightgbm,10
vol_taker_buy_ratio_dev,19.61318063735962,lightgbm,10
rng_atr_14_norm,19.30762004852295,lightgbm,10
px_ret_mean_21,18.75826930999756,lightgbm,10
aux_adractcnt_z63,18.574180603027344,lightgbm,10
px_ret_std_21,18.143139839172363,lightgbm,10
xa_rel_strength_7,17.62078046798706,lightgbm,10
tech_rsi_14,17.284040093421936,lightgbm,10
vol_log1p_volume,16.66992998123169,lightgbm,10
rng_garman_klass_21,14.473440170288086,lightgbm,10
vol_log1p_quote_volume,14.25184965133667,lightgbm,10
rng_tr_norm,13.29299020767212,lightgbm,10
px_dist_min_63,11.708120346069336,lightgbm,10
aux_adractcnt_chg_7,11.155130386352539,lightgbm,10
aux_splycur_z63,11.148210048675537,lightgbm,10
px_ret_5,10.638200283050537,lightgbm,10
px_ret_std_10,8.938549995422363,lightgbm,10
rng_intraday,8.026470184326172,lightgbm,10
tech_bb_pos_20,7.801690101623535,lightgbm,10
rng_parkinson_21,7.233150005340576,lightgbm,10
px_ret_kurt_63,7.135469913482666,lightgbm,10
tech_stoch_k_14,6.579929828643799,lightgbm,10
tech_macd_hist_norm,5.663165956735611,lightgbm,10
cal_moy_sin,5.5287299156188965,lightgbm,10
xa_rel_strength_30,2.648669958114624,lightgbm,10
px_ret_mean_5,0.0,lightgbm,10
px_ret_mean_10,0.0,lightgbm,10
tech_stoch_d_14,0.0,lightgbm,10
xa_rank_ret_lag1,0.0,lightgbm,10
cal_is_weekend,0.0,lightgbm,10
rng_close_position,490.1468572616577,lightgbm,10
xa_market_dispersion,352.81092166900635,lightgbm,10
px_ret_1,274.970401763916,lightgbm,10
cal_dow_cos,242.65254878997803,lightgbm,10
xa_market_ret_lag1,220.07020950317383,lightgbm,10
cal_dom_cos,174.32923007011414,lightgbm,10
xa_ref_ret_lag2,154.85882139205933,lightgbm,10
px_ret_mean_63,149.74976003170013,lightgbm,10
aux_fng,128.0987205505371,lightgbm,10
xa_ref_ret_mean_5,123.61093091964722,lightgbm,10
px_ret_skew_63,108.42317962646484,lightgbm,10
px_cumret_30,105.4330701828003,lightgbm,10
xa_market_ret_mean_5,94.79836893081665,lightgbm,10
px_ret_std_63,91.14573812484741,lightgbm,10
px_ret_std_5,90.31626081466675,lightgbm,10
aux_fng_z_63,86.224600315094,lightgbm,10
vol_trades_zscore_21,85.10214948654175,lightgbm,10
px_ret_21,79.2608094215393,lightgbm,10
rng_cc_parkinson_ratio_21,74.55504989624023,lightgbm,10
xa_ref_ret_lag1,62.333240032196045,lightgbm,10
vol_qv_median_ratio_63,59.97011995315552,lightgbm,10
aux_splycur_chg_7,57.74939823150635,lightgbm,10
px_cumret_90,56.76809120178223,lightgbm,10
px_ret_skew_21,53.4155797958374,lightgbm,10
rng_atr_14_norm,50.02919006347656,lightgbm,10
xa_ref_vol_21,48.42901039123535,lightgbm,10
px_dist_min_21,46.810800552368164,lightgbm,10
cal_dow_sin,45.21603870391846,lightgbm,10
px_dist_min_63,44.15972971916199,lightgbm,10
vol_taker_buy_ratio_mean_7,42.75119972229004,lightgbm,10
aux_fng_chg_7,38.87126016616821,lightgbm,10
cal_dom_sin,37.55132031440735,lightgbm,10
tech_macd_line_norm,36.08831024169922,lightgbm,10
aux_txcnt_z63,35.52260971069336,lightgbm,10
tech_macd_signal_norm,34.733150005340576,lightgbm,10
xa_corr_ref_90,34.04240036010742,lightgbm,10
rng_parkinson_5,32.22855997085571,lightgbm,10
vol_taker_buy_ratio,31.48992943763733,lightgbm,10
xa_rel_strength_7,31.394780158996582,lightgbm,10
px_ret_mean_10,28.84640121459961,lightgbm,10
rng_garman_klass_5,27.281219482421875,lightgbm,10
px_ret_3,27.118289947509766,lightgbm,10
vol_zscore_21,26.521339416503906,lightgbm,10
aux_splycur_z63,25.953900575637817,lightgbm,10
aux_adractcnt_chg_7,24.0871000289917,lightgbm,10
cal_moy_cos,22.671620845794678,lightgbm,10
px_dist_max_21,22.17648983001709,lightgbm,10
xa_excess_ret_lag1,20.124019622802734,lightgbm,10
px_ret_10,17.79649043083191,lightgbm,10
cal_moy_sin,17.675700187683105,lightgbm,10
vol_taker_buy_ratio_dev,17.636879920959473,lightgbm,10
vol_ret_corr_21,16.621800422668457,lightgbm,10
aux_txcnt_chg_7,16.522250175476074,lightgbm,10
rng_tr_norm,14.039160251617432,lightgbm,10
rng_garman_klass_21,12.21049976348877,lightgbm,10
px_ret_5,12.207769870758057,lightgbm,10
px_ret_2,11.71090030670166,lightgbm,10
tech_macd_hist_norm,9.686279773712158,lightgbm,10
px_ret_std_10,9.23606014251709,lightgbm,10
tech_obv_zscore_21,8.490750312805176,lightgbm,10
xa_rel_strength_30,8.134900093078613,lightgbm,10
xa_corr_ref_30,8.051580429077148,lightgbm,10
px_dist_max_63,7.905819892883301,lightgbm,10
tech_stoch_d_14,7.290170192718506,lightgbm,10
vol_log1p_quote_volume,5.888110160827637,lightgbm,10
px_ret_kurt_21,5.06436014175415,lightgbm,10
tech_stoch_k_14,4.581079959869385,lightgbm,10
tech_bb_pos_20,1.6788300275802612,lightgbm,10
px_ret_mean_21,0.0,lightgbm,10
px_ret_std_21,0.0,lightgbm,10
px_ret_mean_5,0.0,lightgbm,10
px_cumret_7,0.0,lightgbm,10
rng_intraday,0.0,lightgbm,10
tech_rsi_14,0.0,lightgbm,10
rng_parkinson_21,0.0,lightgbm,10
vol_log1p_volume,0.0,lightgbm,10
px_ret_kurt_63,0.0,lightgbm,10
xa_rank_ret_lag1,0.0,lightgbm,10
cal_is_weekend,0.0,lightgbm,10
aux_adractcnt_z63,0.0,lightgbm,10
rng_close_position,0.07400837391010606,ridge,11
cal_dom_cos,0.057761303895945394,ridge,11
px_ret_1,0.05372608790064172,ridge,11
cal_dow_cos,0.048528853943112536,ridge,11
aux_splycur_chg_7,0.046482556306486955,ridge,11
aux_txcnt_z63,0.03362440992368957,ridge,11
px_ret_skew_21,0.03260866670725858,ridge,11
aux_fng,0.03221323075774956,ridge,11
xa_market_dispersion,0.03051824151170917,ridge,11
vol_taker_buy_ratio_mean_7,0.02809096815378404,ridge,11
xa_ref_ret_lag1,0.027109354881254967,ridge,11
rng_cc_parkinson_ratio_21,0.026958981634947362,ridge,11
vol_log1p_quote_volume,0.02515090734355649,ridge,11
xa_market_ret_lag1,0.02477980669664426,ridge,11
cal_is_weekend,0.02457480189468017,ridge,11
xa_ref_ret_lag2,0.022297237266808843,ridge,11
rng_tr_norm,0.0209130016333106,ridge,11
rng_garman_klass_5,0.020868745222851297,ridge,11
cal_moy_sin,0.01929204100598043,ridge,11
xa_rel_strength_7,0.018604879031493812,ridge,11
px_ret_kurt_63,0.018254530726722066,ridge,11
rng_intraday,0.018129156045495604,ridge,11
aux_splycur_z63,0.018007775293093047,ridge,11
px_ret_3,0.01760019341963557,ridge,11
vol_log1p_volume,0.01641930545170022,ridge,11
px_ret_mean_21,0.01605127094615364,ridge,11
px_ret_21,0.01605127094615363,ridge,11
px_ret_skew_63,0.015266591636214022,ridge,11
px_ret_2,0.014851381481766325,ridge,11
xa_rel_strength_30,0.014342637231534762,ridge,11
rng_parkinson_5,0.01389924519625814,ridge,11
px_cumret_30,0.01329267835781232,ridge,11
tech_stoch_k_14,0.012806166975824353,ridge,11
rng_atr_14_norm,0.012415298173483889,ridge,11
cal_dow_sin,0.012361091502377259,ridge,11
tech_macd_hist_norm,0.012160485788449528,ridge,11
cal_moy_cos,0.01130488361163895,ridge,11
rng_garman_klass_21,0.011213839405971265,ridge,11
xa_ref_vol_21,0.010646553890964553,ridge,11
aux_fng_z_63,0.00973463753994094,ridge,11
aux_adractcnt_chg_7,0.009195149907792308,ridge,11
px_ret_kurt_21,0.00901391221982751,ridge,11
px_dist_min_21,0.008686827559796087,ridge,11
xa_market_ret_mean_5,0.008614052938234975,ridge,11
tech_macd_line_norm,0.008536483389228557,ridge,11
px_cumret_90,0.008457702770449738,ridge,11
vol_trades_zscore_21,0.007960018670371893,ridge,11
xa_excess_ret_lag1,0.007939919953109938,ridge,11
rng_parkinson_21,0.007407736167992906,ridge,11
vol_ret_corr_21,0.00737793688610823,ridge,11
px_ret_std_5,0.007281406368796192,ridge,11
px_dist_max_21,0.006946444991493842,ridge,11
tech_macd_signal_norm,0.0066560474774694164,ridge,11
vol_zscore_21,0.006602546507180347,ridge,11
px_ret_mean_5,0.006488617193688773,ridge,11
px_ret_5,0.006488617193688772,ridge,11
aux_txcnt_chg_7,0.006399096182922126,ridge,11
px_ret_mean_10,0.0047614266519935,ridge,11
px_ret_10,0.004761426651993499,ridge,11
cal_dom_sin,0.004191103754348011,ridge,11
px_ret_std_21,0.004102457853849361,ridge,11
tech_bb_pos_20,0.003997521543995771,ridge,11
xa_rank_ret_lag1,0.0038362155423313777,ridge,11
px_ret_mean_63,0.00326330727525455,ridge,11
aux_fng_chg_7,0.003092513847435191,ridge,11
px_cumret_7,0.0027766433852516414,ridge,11
px_dist_min_63,0.002714481458942737,ridge,11
xa_corr_ref_30,0.0024195026033535724,ridge,11
px_ret_std_63,0.0023622808150838737,ridge,11
tech_rsi_14,0.002357954072602686,ridge,11
px_dist_max_63,0.0020931653843120498,ridge,11
vol_qv_median_ratio_63,0.001951048351270067,ridge,11
vol_taker_buy_ratio_dev,0.0010696270091668154,ridge,11
vol_taker_buy_ratio,0.0010696270091667993,ridge,11
xa_ref_ret_mean_5,0.00047780241093945303,ridge,11
tech_stoch_d_14,0.0003861729458494195,ridge,11
xa_corr_ref_90,0.0002622663543474137,ridge,11
aux_adractcnt_z63,0.00023770812682468118,ridge,11
tech_obv_zscore_21,4.9861006920158134e-05,ridge,11
px_ret_std_10,1.2986597179526248e-05,ridge,11
rng_close_position,419.2486524581909,lightgbm,11
xa_market_dispersion,227.96822142601013,lightgbm,11
px_ret_1,203.38796949386597,lightgbm,11
cal_dom_cos,200.6346299648285,lightgbm,11
cal_dow_cos,175.84221982955933,lightgbm,11
xa_market_ret_lag1,171.87525022029877,lightgbm,11
aux_fng_z_63,116.17349910736084,lightgbm,11
px_ret_std_63,108.99106979370117,lightgbm,11
aux_fng,92.23899984359741,lightgbm,11
xa_ref_ret_lag2,80.09775972366333,lightgbm,11
rng_cc_parkinson_ratio_21,73.43292999267578,lightgbm,11
xa_corr_ref_90,67.97628116607666,lightgbm,11
tech_macd_line_norm,66.77334022521973,lightgbm,11
aux_txcnt_z63,66.43747043609619,lightgbm,11
vol_zscore_21,58.35499978065491,lightgbm,11
px_dist_min_63,57.987619400024414,lightgbm,11
px_ret_std_5,57.57837104797363,lightgbm,11
px_ret_21,55.28053045272827,lightgbm,11
aux_fng_chg_7,55.076499938964844,lightgbm,11
px_ret_2,54.07274103164673,lightgbm,11
xa_ref_ret_mean_5,53.71604943275452,lightgbm,11
px_cumret_30,48.6603889465332,lightgbm,11
aux_splycur_chg_7,48.15278911590576,lightgbm,11
px_ret_skew_63,44.19530010223389,lightgbm,11
xa_ref_ret_lag1,41.39738941192627,lightgbm,11
xa_ref_vol_21,40.85573983192444,lightgbm,11
vol_taker_buy_ratio,38.879960775375366,lightgbm,11
tech_macd_signal_norm,38.17945051193237,lightgbm,11
cal_dow_sin,35.628769874572754,lightgbm,11
vol_qv_median_ratio_63,35.0,lightgbm,11
tech_stoch_k_14,34.62364983558655,lightgbm,11
xa_corr_ref_30,28.613500595092773,lightgbm,11
rng_parkinson_5,28.029670238494873,lightgbm,11
px_cumret_90,26.010440826416016,lightgbm,11
rng_atr_14_norm,23.877599716186523,lightgbm,11
px_ret_skew_21,23.416629791259766,lightgbm,11
vol_log1p_quote_volume,23.40857982635498,lightgbm,11
px_dist_max_63,23.28279972076416,lightgbm,11
aux_adractcnt_chg_7,20.918089866638184,lightgbm,11
tech_stoch_d_14,15.33896017074585,lightgbm,11
vol_log1p_volume,15.130200386047363,lightgbm,11
cal_is_weekend,14.629419803619385,lightgbm,11
tech_bb_pos_20,14.175700187683105,lightgbm,11
cal_dom_sin,13.569039821624756,lightgbm,11
tech_macd_hist_norm,11.712810039520264,lightgbm,11
cal_moy_cos,10.88479995727539,lightgbm,11
tech_obv_zscore_21,9.566889762878418,lightgbm,11
px_ret_std_21,9.372329711914062,lightgbm,11
xa_market_ret_mean_5,8.318229675292969,lightgbm,11
vol_ret_corr_21,8.31391817331314,lightgbm,11
rng_parkinson_21,8.090970039367676,lightgbm,11
px_ret_kurt_63,7.731080055236816,lightgbm,11
vol_taker_buy_ratio_mean_7,7.71150016784668,lightgbm,11
px_ret_10,7.6963300704956055,lightgbm,11
vol_trades_zscore_21,7.352069854736328,lightgbm,11
px_ret_kurt_21,5.875349998474121,lightgbm,11
vol_taker_buy_ratio_dev,5.748340129852295,lightgbm,11
px_ret_3,5.594910144805908,lightgbm,11
cal_moy_sin,4.863969802856445,lightgbm,11
px_cumret_7,4.516900062561035,lightgbm,11
px_ret_mean_63,1.191890001296997,lightgbm,11
px_ret_5,0.0,lightgbm,11
px_ret_mean_21,0.0,lightgbm,11
px_ret_mean_5,0.0,lightgbm,11
px_ret_std_10,0.0,lightgbm,11
px_ret_mean_10,0.0,lightgbm,11
rng_garman_klass_21,0.0,lightgbm,11
tech_rsi_14,0.0,lightgbm,11
rng_garman_klass_5,0.0,lightgbm,11
px_dist_max_21,0.0,lightgbm,11
px_dist_min_21,0.0,lightgbm,11
rng_tr_norm,0.0,lightgbm,11
rng_intraday,0.0,lightgbm,11
xa_rel_strength_7,0.0,lightgbm,11
xa_rel_strength_30,0.0,lightgbm,11
xa_rank_ret_lag1,0.0,lightgbm,11
xa_excess_ret_lag1,0.0,lightgbm,11
aux_adractcnt_z63,0.0,lightgbm,11
aux_txcnt_chg_7,0.0,lightgbm,11
aux_splycur_z63,0.0,lightgbm,11
rng_close_position,584.596107006073,lightgbm,11
xa_market_dispersion,574.438551902771,lightgbm,11
px_ret_1,476.4085512161255,lightgbm,11
xa_market_ret_lag1,453.24365234375,lightgbm,11
cal_dom_cos,421.72231101989746,lightgbm,11
xa_ref_ret_lag2,272.85887932777405,lightgbm,11
rng_cc_parkinson_ratio_21,220.25854015350342,lightgbm,11
cal_dow_cos,210.65354132652283,lightgbm,11
aux_fng,163.51337051391602,lightgbm,11
aux_splycur_chg_7,157.46528244018555,lightgbm,11
xa_ref_ret_lag1,143.78128439188004,lightgbm,11
px_ret_std_5,142.43756008148193,lightgbm,11
xa_ref_ret_mean_5,134.27049899101257,lightgbm,11
cal_dom_sin,131.08033967018127,lightgbm,11
aux_fng_z_63,130.9517502784729,lightgbm,11
aux_txcnt_z63,125.18386101722717,lightgbm,11
px_cumret_90,117.07073831558228,lightgbm,11
px_ret_std_63,112.9586009979248,lightgbm,11
px_cumret_30,109.4910614490509,lightgbm,11
cal_dow_sin,109.32153034210205,lightgbm,11
xa_corr_ref_90,106.24229049682617,lightgbm,11
px_ret_skew_63,105.75134825706482,lightgbm,11
vol_taker_buy_ratio_mean_7,92.20033884048462,lightgbm,11
aux_fng_chg_7,89.38618159294128,lightgbm,11
px_dist_max_63,82.21736001968384,lightgbm,11
xa_ref_vol_21,78.99021005630493,lightgbm,11
px_ret_mean_63,76.6221399307251,lightgbm,11
px_dist_min_63,74.69204998016357,lightgbm,11
px_ret_21,69.93838024139404,lightgbm,11
vol_taker_buy_ratio,69.43435001373291,lightgbm,11
vol_zscore_21,64.88812923431396,lightgbm,11
vol_qv_median_ratio_63,64.40496921539307,lightgbm,11
px_ret_2,57.012569427490234,lightgbm,11
vol_taker_buy_ratio_dev,49.53078079223633,lightgbm,11
xa_corr_ref_30,48.2353196144104,lightgbm,11
cal_moy_sin,47.42499923706055,lightgbm,11
tech_macd_line_norm,42.18052959442139,lightgbm,11
xa_excess_ret_lag1,40.40161085128784,lightgbm,11
px_ret_3,39.41622066497803,lightgbm,11
rng_parkinson_5,37.67927026748657,lightgbm,11
px_ret_5,33.22370004653931,lightgbm,11
rng_garman_klass_21,32.038310050964355,lightgbm,11
px_ret_10,30.82103967666626,lightgbm,11
vol_trades_zscore_21,30.714869499206543,lightgbm,11
xa_rel_strength_7,30.15379047393799,lightgbm,11
rng_atr_14_norm,29.87016010284424,lightgbm,11
tech_stoch_k_14,29.85929036140442,lightgbm,11
xa_rel_strength_30,28.73464012145996,lightgbm,11
aux_adractcnt_z63,28.629390239715576,lightgbm,11
tech_obv_zscore_21,27.92284059524536,lightgbm,11
px_cumret_7,26.592400550842285,lightgbm,11
px_ret_skew_21,23.26069951057434,lightgbm,11
aux_txcnt_chg_7,22.171449899673462,lightgbm,11
rng_parkinson_21,21.466829776763916,lightgbm,11
cal_moy_cos,21.105860710144043,lightgbm,11
vol_log1p_quote_volume,20.37080955505371,lightgbm,11
px_ret_std_10,19.965940475463867,lightgbm,11
aux_adractcnt_chg_7,17.615379810333252,lightgbm,11
px_dist_max_21,17.41035032272339,lightgbm,11
tech_bb_pos_20,16.30720031261444,lightgbm,11
tech_rsi_14,16.296339511871338,lightgbm,11
rng_garman_klass_5,13.650379657745361,lightgbm,11
vol_log1p_volume,11.442399978637695,lightgbm,11
px_dist_min_21,10.3302001953125,lightgbm,11
tech_macd_signal_norm,10.309599876403809,lightgbm,11
px_ret_mean_21,8.549269676208496,lightgbm,11
rng_intraday,8.171110153198242,lightgbm,11
vol_ret_corr_21,6.93897008895874,lightgbm,11
aux_splycur_z63,6.42887020111084,lightgbm,11
px_ret_kurt_21,5.270359992980957,lightgbm,11
xa_market_ret_mean_5,3.3914899826049805,lightgbm,11
px_ret_kurt_63,2.183199882507324,lightgbm,11
px_ret_mean_10,0.0,lightgbm,11
px_ret_std_21,0.0,lightgbm,11
px_ret_mean_5,0.0,lightgbm,11
rng_tr_norm,0.0,lightgbm,11
tech_macd_hist_norm,0.0,lightgbm,11
tech_stoch_d_14,0.0,lightgbm,11
xa_rank_ret_lag1,0.0,lightgbm,11
cal_is_weekend,0.0,lightgbm,11
px_ret_1,367.69085001945496,lightgbm,11
xa_market_dispersion,339.91141080856323,lightgbm,11
rng_close_position,323.2289984226227,lightgbm,11
xa_market_ret_lag1,282.3337182998657,lightgbm,11
cal_dom_cos,263.8603301048279,lightgbm,11
cal_dow_cos,192.67985010147095,lightgbm,11
rng_cc_parkinson_ratio_21,123.17579936981201,lightgbm,11
xa_ref_ret_mean_5,98.9913101196289,lightgbm,11
xa_ref_ret_lag2,93.97617077827454,lightgbm,11
px_ret_std_5,93.038658618927,lightgbm,11
px_ret_skew_63,87.67007064819336,lightgbm,11
px_ret_std_63,86.04525923728943,lightgbm,11
px_cumret_90,84.1593189239502,lightgbm,11
px_cumret_30,80.44099998474121,lightgbm,11
aux_fng,76.69869995117188,lightgbm,11
vol_taker_buy_ratio,73.98524045944214,lightgbm,11
aux_splycur_chg_7,62.066648960113525,lightgbm,11
aux_fng_chg_7,59.947189807891846,lightgbm,11
cal_dom_sin,59.20737957954407,lightgbm,11
px_dist_min_63,59.16365957260132,lightgbm,11
xa_ref_vol_21,58.10583019256592,lightgbm,11
vol_taker_buy_ratio_mean_7,56.85911989212036,lightgbm,11
xa_corr_ref_30,53.01126003265381,lightgbm,11
aux_txcnt_z63,46.430298805236816,lightgbm,11
vol_trades_zscore_21,43.089449405670166,lightgbm,11
rng_atr_14_norm,41.78868103027344,lightgbm,11
vol_qv_median_ratio_63,40.99199962615967,lightgbm,11
xa_ref_ret_lag1,36.42630052566528,lightgbm,11
tech_macd_line_norm,34.617329835891724,lightgbm,11
vol_zscore_21,31.378159523010254,lightgbm,11
tech_macd_signal_norm,27.741909980773926,lightgbm,11
xa_rel_strength_7,27.027550220489502,lightgbm,11
px_cumret_7,26.72420072555542,lightgbm,11
px_ret_2,26.10806280374527,lightgbm,11
aux_fng_z_63,25.086780548095703,lightgbm,11
xa_market_ret_mean_5,24.946240186691284,lightgbm,11
vol_ret_corr_21,24.73979949951172,lightgbm,11
px_ret_skew_21,22.769800186157227,lightgbm,11
px_ret_kurt_63,21.50506019592285,lightgbm,11
px_ret_21,19.254149436950684,lightgbm,11
tech_rsi_14,18.855560302734375,lightgbm,11
aux_adractcnt_z63,18.187040090560913,lightgbm,11
px_dist_min_21,17.755059719085693,lightgbm,11
aux_txcnt_chg_7,17.21529984474182,lightgbm,11
px_ret_mean_63,16.72121024131775,lightgbm,11
vol_taker_buy_ratio_dev,16.604180097579956,lightgbm,11
cal_moy_sin,16.288849592208862,lightgbm,11
xa_corr_ref_90,11.8681001663208,lightgbm,11
cal_is_weekend,10.182700157165527,lightgbm,11
cal_dow_sin,9.821680068969727,lightgbm,11
aux_adractcnt_chg_7,9.78087043762207,lightgbm,11
tech_stoch_k_14,9.731490135192871,lightgbm,11
px_ret_5,9.544549942016602,lightgbm,11
xa_rel_strength_30,9.330610275268555,lightgbm,11
px_ret_10,9.189220428466797,lightgbm,11
px_dist_max_63,9.079480171203613,lightgbm,11
vol_log1p_quote_volume,8.74862003326416,lightgbm,11
tech_obv_zscore_21,8.596779823303223,lightgbm,11
rng_parkinson_21,7.709410190582275,lightgbm,11
px_ret_mean_21,7.6290998458862305,lightgbm,11
tech_stoch_d_14,6.243770122528076,lightgbm,11
rng_parkinson_5,5.8607097864151,lightgbm,11
px_ret_3,4.344989776611328,lightgbm,11
rng_garman_klass_21,3.6633400917053223,lightgbm,11
aux_splycur_z63,3.6209705024957657,lightgbm,11
px_ret_std_10,3.6066200733184814,lightgbm,11
cal_moy_cos,3.303420066833496,lightgbm,11
px_ret_mean_5,0.0,lightgbm,11
px_ret_kurt_21,0.0,lightgbm,11
px_ret_std_21,0.0,lightgbm,11
px_ret_mean_10,0.0,lightgbm,11
px_dist_max_21,0.0,lightgbm,11
tech_bb_pos_20,0.0,lightgbm,11
tech_macd_hist_norm,0.0,lightgbm,11
rng_intraday,0.0,lightgbm,11
rng_tr_norm,0.0,lightgbm,11
rng_garman_klass_5,0.0,lightgbm,11
vol_log1p_volume,0.0,lightgbm,11
xa_excess_ret_lag1,0.0,lightgbm,11
xa_rank_ret_lag1,0.0,lightgbm,11
rng_close_position,484.663902759552,lightgbm,11
px_ret_1,324.46583554148674,lightgbm,11
cal_dom_cos,288.0732991695404,lightgbm,11
xa_market_dispersion,270.5024492740631,lightgbm,11
xa_market_ret_lag1,231.8236312866211,lightgbm,11
aux_fng,156.35194873809814,lightgbm,11
cal_dow_cos,140.94482040405273,lightgbm,11
rng_cc_parkinson_ratio_21,140.66186952590942,lightgbm,11
xa_ref_ret_lag2,122.60589981079102,lightgbm,11
px_cumret_90,113.18446016311646,lightgbm,11
cal_dow_sin,92.84050130844116,lightgbm,11
px_cumret_30,92.39411973953247,lightgbm,11
px_ret_std_5,85.04409980773926,lightgbm,11
aux_fng_z_63,83.60189056396484,lightgbm,11
xa_market_ret_mean_5,80.74287128448486,lightgbm,11
vol_taker_buy_ratio_mean_7,74.42213010787964,lightgbm,11
aux_fng_chg_7,65.98311007022858,lightgbm,11
xa_corr_ref_30,60.58616018295288,lightgbm,11
px_ret_skew_63,56.964670181274414,lightgbm,11
aux_splycur_chg_7,52.96494960784912,lightgbm,11
aux_txcnt_z63,52.604329347610474,lightgbm,11
px_dist_min_63,51.96474075317383,lightgbm,11
vol_taker_buy_ratio,48.05906009674072,lightgbm,11
aux_txcnt_chg_7,46.7052903175354,lightgbm,11
rng_parkinson_5,45.02714991569519,lightgbm,11
vol_qv_median_ratio_63,44.98730993270874,lightgbm,11
vol_log1p_volume,44.91531944274902,lightgbm,11
vol_trades_zscore_21,42.49982929229736,lightgbm,11
xa_ref_ret_mean_5,42.202099561691284,lightgbm,11
px_ret_mean_63,41.06722927093506,lightgbm,11
xa_ref_ret_lag1,40.496519565582275,lightgbm,11
cal_dom_sin,40.44334614276886,lightgbm,11
px_ret_skew_21,39.86561965942383,lightgbm,11
px_ret_2,39.65469932556152,lightgbm,11
cal_moy_cos,37.8242506980896,lightgbm,11
xa_ref_vol_21,37.13074970245361,lightgbm,11
px_ret_10,34.35001039505005,lightgbm,11
tech_macd_signal_norm,31.515040397644043,lightgbm,11
tech_stoch_k_14,31.326499938964844,lightgbm,11
rng_atr_14_norm,30.938579559326172,lightgbm,11
px_ret_std_21,30.832600593566895,lightgbm,11
tech_macd_line_norm,28.010290145874023,lightgbm,11
px_ret_std_63,26.04582977294922,lightgbm,11
aux_adractcnt_chg_7,24.055620431900024,lightgbm,11
vol_log1p_quote_volume,23.80448055267334,lightgbm,11
tech_stoch_d_14,23.71109962463379,lightgbm,11
aux_adractcnt_z63,23.048290252685547,lightgbm,11
xa_rel_strength_7,22.8373703956604,lightgbm,11
tech_obv_zscore_21,22.288289546966553,lightgbm,11
px_ret_mean_5,19.98328971862793,lightgbm,11
aux_splycur_z63,19.02913999557495,lightgbm,11
rng_tr_norm,17.45662021636963,lightgbm,11
px_ret_21,15.037699699401855,lightgbm,11
px_ret_5,12.009699821472168,lightgbm,11
px_dist_max_21,11.794600009918213,lightgbm,11
xa_corr_ref_90,11.509690523147583,lightgbm,11
px_ret_mean_10,11.240799903869629,lightgbm,11
vol_zscore_21,11.081629753112793,lightgbm,11
px_dist_min_21,10.94966983795166,lightgbm,11
rng_garman_klass_5,10.773799896240234,lightgbm,11
vol_ret_corr_21,10.41419005393982,lightgbm,11
px_cumret_7,9.231289863586426,lightgbm,11
tech_bb_pos_20,7.777210235595703,lightgbm,11
tech_rsi_14,7.752820014953613,lightgbm,11
cal_is_weekend,7.539340019226074,lightgbm,11
xa_rel_strength_30,5.845769882202148,lightgbm,11
px_ret_kurt_63,4.812429904937744,lightgbm,11
tech_macd_hist_norm,2.8107800483703613,lightgbm,11
xa_excess_ret_lag1,2.1388399600982666,lightgbm,11
px_ret_mean_21,0.0,lightgbm,11
px_ret_std_10,0.0,lightgbm,11
px_ret_3,0.0,lightgbm,11
px_ret_kurt_21,0.0,lightgbm,11
rng_intraday,0.0,lightgbm,11
rng_parkinson_21,0.0,lightgbm,11
rng_garman_klass_21,0.0,lightgbm,11
px_dist_max_63,0.0,lightgbm,11
vol_taker_buy_ratio_dev,0.0,lightgbm,11
xa_rank_ret_lag1,0.0,lightgbm,11
cal_moy_sin,0.0,lightgbm,11
rng_close_position,411.1048655509949,lightgbm,11
xa_market_dispersion,306.7768483161926,lightgbm,11
cal_dom_cos,270.5724573135376,lightgbm,11
px_ret_1,233.35677099227905,lightgbm,11
cal_dow_cos,124.17703866958618,lightgbm,11
xa_ref_ret_lag2,120.59606003761292,lightgbm,11
px_cumret_90,111.058762550354,lightgbm,11
xa_ref_ret_lag1,95.66216039657593,lightgbm,11
xa_market_ret_lag1,90.93332028388977,lightgbm,11
px_ret_std_5,89.43436908721924,lightgbm,11
aux_fng,88.76944923400879,lightgbm,11
rng_cc_parkinson_ratio_21,84.06867003440857,lightgbm,11
aux_fng_z_63,76.84370994567871,lightgbm,11
vol_zscore_21,72.26224994659424,lightgbm,11
aux_txcnt_z63,66.45375108718872,lightgbm,11
xa_market_ret_mean_5,57.18176984786987,lightgbm,11
xa_ref_ret_mean_5,54.04823112487793,lightgbm,11
aux_splycur_chg_7,53.66689968109131,lightgbm,11
aux_fng_chg_7,53.40880012512207,lightgbm,11
px_ret_2,51.75679969787598,lightgbm,11
px_ret_mean_63,47.80850028991699,lightgbm,11
px_ret_skew_63,46.67329978942871,lightgbm,11
tech_macd_line_norm,40.14940071105957,lightgbm,11
px_cumret_30,39.37630081176758,lightgbm,11
tech_macd_hist_norm,38.93438005447388,lightgbm,11
xa_excess_ret_lag1,38.1314001083374,lightgbm,11
vol_qv_median_ratio_63,35.164368867874146,lightgbm,11
px_ret_std_63,34.77369976043701,lightgbm,11
px_ret_skew_21,32.663949966430664,lightgbm,11
cal_dom_sin,32.545270919799805,lightgbm,11
vol_trades_zscore_21,30.726759910583496,lightgbm,11
rng_garman_klass_5,30.210000038146973,lightgbm,11
cal_dow_sin,26.31491994857788,lightgbm,11
px_dist_min_63,25.64869976043701,lightgbm,11
xa_corr_ref_90,25.173490285873413,lightgbm,11
xa_corr_ref_30,23.717430114746094,lightgbm,11
px_ret_10,23.39490032196045,lightgbm,11
vol_taker_buy_ratio_mean_7,23.308239936828613,lightgbm,11
vol_taker_buy_ratio_dev,23.162449836730957,lightgbm,11
rng_garman_klass_21,23.063779830932617,lightgbm,11
tech_macd_signal_norm,22.542659759521484,lightgbm,11
xa_rel_strength_30,21.93197011947632,lightgbm,11
vol_log1p_volume,20.695690155029297,lightgbm,11
rng_atr_14_norm,19.64973020553589,lightgbm,11
vol_log1p_quote_volume,19.23088026046753,lightgbm,11
vol_taker_buy_ratio,17.13828992843628,lightgbm,11
tech_bb_pos_20,15.908070087432861,lightgbm,11
cal_is_weekend,15.07852029800415,lightgbm,11
px_ret_kurt_21,13.537570476531982,lightgbm,11
tech_stoch_d_14,12.830679893493652,lightgbm,11
px_ret_21,11.94849967956543,lightgbm,11
rng_parkinson_5,11.627599716186523,lightgbm,11
vol_ret_corr_21,10.678430080413818,lightgbm,11
cal_moy_cos,9.630090236663818,lightgbm,11
aux_adractcnt_chg_7,9.284299850463867,lightgbm,11
xa_rel_strength_7,8.169360160827637,lightgbm,11
px_dist_max_21,8.044520378112793,lightgbm,11
aux_txcnt_chg_7,7.422719955444336,lightgbm,11
rng_parkinson_21,7.188590049743652,lightgbm,11
aux_adractcnt_z63,6.125959873199463,lightgbm,11
px_ret_3,4.8639397621154785,lightgbm,11
tech_stoch_k_14,3.6978800296783447,lightgbm,11
px_ret_mean_21,1.2699999809265137,lightgbm,11
px_ret_5,0.0,lightgbm,11
px_ret_std_10,0.0,lightgbm,11
px_ret_mean_10,0.0,lightgbm,11
px_ret_std_21,0.0,lightgbm,11
px_ret_mean_5,0.0,lightgbm,11
px_dist_max_63,0.0,lightgbm,11
px_dist_min_21,0.0,lightgbm,11
px_ret_kurt_63,0.0,lightgbm,11
px_cumret_7,0.0,lightgbm,11
rng_intraday,0.0,lightgbm,11
tech_rsi_14,0.0,lightgbm,11
rng_tr_norm,0.0,lightgbm,11
tech_obv_zscore_21,0.0,lightgbm,11
xa_rank_ret_lag1,0.0,lightgbm,11
xa_ref_vol_21,0.0,lightgbm,11
cal_moy_sin,0.0,lightgbm,11
aux_splycur_z63,0.0,lightgbm,11
rng_close_position,0.06891334039875313,ridge,12
cal_dom_cos,0.05785758038852909,ridge,12
px_ret_1,0.050241068269233684,ridge,12
aux_splycur_chg_7,0.0463783478229362,ridge,12
cal_dow_cos,0.04061556411203711,ridge,12
px_ret_skew_21,0.034074974684701775,ridge,12
aux_fng,0.032635452678543495,ridge,12
xa_market_dispersion,0.029517281562242474,ridge,12
vol_taker_buy_ratio_mean_7,0.02767179643026935,ridge,12
aux_txcnt_z63,0.026541575210595414,ridge,12
cal_is_weekend,0.02413882721166519,ridge,12
vol_log1p_quote_volume,0.02239318042401178,ridge,12
aux_splycur_z63,0.02205308109090232,ridge,12
xa_ref_ret_lag1,0.021641795022522732,ridge,12
rng_garman_klass_5,0.021382106154480256,ridge,12
px_ret_3,0.02121573766236497,ridge,12
rng_tr_norm,0.020721475690578025,ridge,12
xa_ref_ret_lag2,0.02051258803489852,ridge,12
cal_moy_sin,0.019883420547886662,ridge,12
cal_dow_sin,0.019554249631841606,ridge,12
px_ret_kurt_63,0.019402167846110378,ridge,12
vol_log1p_volume,0.018601291463606447,ridge,12
rng_cc_parkinson_ratio_21,0.018441324975130083,ridge,12
rng_intraday,0.01782069587443414,ridge,12
xa_rel_strength_7,0.0170354410045531,ridge,12
px_ret_2,0.016575541618445468,ridge,12
px_ret_mean_21,0.015201987475848737,ridge,12
px_ret_21,0.015201987475848736,ridge,12
px_ret_skew_63,0.015185687412933656,ridge,12
tech_stoch_k_14,0.014853321138703838,ridge,12
xa_market_ret_lag1,0.014253976842823144,ridge,12
px_ret_std_5,0.014194005485269449,ridge,12
rng_atr_14_norm,0.012684545707769532,ridge,12
px_cumret_30,0.012525646845019844,ridge,12
rng_parkinson_5,0.012510876403147159,ridge,12
xa_ref_vol_21,0.011787801621899246,ridge,12
px_cumret_90,0.011723601652435352,ridge,12
rng_garman_klass_21,0.011458432906002264,ridge,12
px_ret_kurt_21,0.011457767993709664,ridge,12
tech_macd_hist_norm,0.011226151025765319,ridge,12
aux_fng_z_63,0.010836274728643016,ridge,12
px_ret_5,0.01055553125196178,ridge,12
px_ret_mean_5,0.010555531251961773,ridge,12
cal_dom_sin,0.010013699470318575,ridge,12
xa_rel_strength_30,0.00958593005857534,ridge,12
tech_macd_line_norm,0.008514309239373958,ridge,12
vol_zscore_21,0.008413865885517239,ridge,12
cal_moy_cos,0.008297953609702683,ridge,12
aux_fng_chg_7,0.008088969641636039,ridge,12
rng_parkinson_21,0.007989225274709707,ridge,12
tech_macd_signal_norm,0.007281315274484156,ridge,12
vol_ret_corr_21,0.0068639156486596615,ridge,12
aux_txcnt_chg_7,0.006749998811746892,ridge,12
px_dist_min_21,0.006561133102706442,ridge,12
px_dist_max_21,0.005491056055443677,ridge,12
xa_ref_ret_mean_5,0.005481592859461864,ridge,12
aux_adractcnt_chg_7,0.005472702822352405,ridge,12
vol_trades_zscore_21,0.0053430880378358995,ridge,12
xa_market_ret_mean_5,0.005251412133688309,ridge,12
px_dist_min_63,0.00490445232025224,ridge,12
px_ret_mean_63,0.004016680974859919,ridge,12
xa_rank_ret_lag1,0.003768548912732024,ridge,12
px_ret_mean_10,0.003504273091003377,ridge,12
px_ret_10,0.003504273091003373,ridge,12
px_cumret_7,0.0033024529111983308,ridge,12
aux_adractcnt_z63,0.003027114371781287,ridge,12
xa_excess_ret_lag1,0.002935929570305584,ridge,12
vol_qv_median_ratio_63,0.0027833679911363728,ridge,12
tech_stoch_d_14,0.002753266759458887,ridge,12
vol_taker_buy_ratio,0.002622965843539441,ridge,12
vol_taker_buy_ratio_dev,0.002622965843539429,ridge,12
px_dist_max_63,0.0024448692212692084,ridge,12
px_ret_std_63,0.0021665556088164115,ridge,12
xa_corr_ref_30,0.0019262258027693763,ridge,12
px_ret_std_21,0.0013141070440212542,ridge,12
xa_corr_ref_90,0.0009538694016362038,ridge,12
tech_rsi_14,0.0007049669182338939,ridge,12
px_ret_std_10,0.0004896504674698025,ridge,12
tech_obv_zscore_21,0.00048727187481331625,ridge,12
tech_bb_pos_20,0.00022855509440546833,ridge,12
rng_close_position,721.3326797485352,lightgbm,12
cal_dom_cos,475.5826208591461,lightgbm,12
xa_market_dispersion,408.9879012107849,lightgbm,12
px_ret_1,385.7076618671417,lightgbm,12
xa_market_ret_lag1,332.0878698825836,lightgbm,12
aux_fng,321.3203401565552,lightgbm,12
cal_dow_cos,271.71179008483887,lightgbm,12
aux_fng_z_63,261.6070485115051,lightgbm,12
cal_dom_sin,162.46747016906738,lightgbm,12
px_ret_2,156.19496941566467,lightgbm,12
xa_ref_ret_mean_5,149.5940203666687,lightgbm,12
aux_splycur_chg_7,140.26370906829834,lightgbm,12
px_ret_std_5,139.00519037246704,lightgbm,12
px_cumret_90,121.0613112449646,lightgbm,12
xa_ref_ret_lag1,116.40383100509644,lightgbm,12
xa_ref_ret_lag2,111.79400730133057,lightgbm,12
aux_fng_chg_7,105.64838933944702,lightgbm,12
px_ret_std_63,102.16107046604156,lightgbm,12
rng_cc_parkinson_ratio_21,99.56274080276489,lightgbm,12
xa_market_ret_mean_5,98.08322179317474,lightgbm,12
px_cumret_30,94.82221031188965,lightgbm,12
vol_taker_buy_ratio_mean_7,94.44963121414185,lightgbm,12
xa_corr_ref_90,89.24600028991699,lightgbm,12
px_ret_21,86.982750415802,lightgbm,12
vol_zscore_21,79.97362804412842,lightgbm,12
xa_ref_vol_21,79.61564898490906,lightgbm,12
cal_dow_sin,75.05285978317261,lightgbm,12
px_dist_min_63,71.33626937866211,lightgbm,12
aux_txcnt_z63,69.30201005935669,lightgbm,12
tech_macd_signal_norm,65.253378033638,lightgbm,12
px_ret_skew_21,61.65758943557739,lightgbm,12
rng_garman_klass_5,56.10522985458374,lightgbm,12
px_ret_10,55.411630153656006,lightgbm,12
vol_taker_buy_ratio,53.604289531707764,lightgbm,12
xa_corr_ref_30,52.79415035247803,lightgbm,12
px_ret_skew_63,52.75402069091797,lightgbm,12
px_ret_mean_63,50.14449095726013,lightgbm,12
vol_qv_median_ratio_63,49.79434871673584,lightgbm,12
vol_trades_zscore_21,49.22215938568115,lightgbm,12
px_ret_kurt_21,40.27748918533325,lightgbm,12
px_cumret_7,39.180710315704346,lightgbm,12
tech_macd_hist_norm,38.99676178023219,lightgbm,12
xa_excess_ret_lag1,38.62560987472534,lightgbm,12
tech_obv_zscore_21,38.0732102394104,lightgbm,12
tech_macd_line_norm,37.62427997589111,lightgbm,12
rng_parkinson_21,37.05530071258545,lightgbm,12
px_dist_max_63,34.61030101776123,lightgbm,12
px_ret_std_10,33.25936031341553,lightgbm,12
px_dist_max_21,32.09250020980835,lightgbm,12
aux_adractcnt_chg_7,31.593349933624268,lightgbm,12
cal_moy_cos,30.030349254608154,lightgbm,12
tech_stoch_k_14,27.7253999710083,lightgbm,12
vol_log1p_quote_volume,26.94854974746704,lightgbm,12
px_dist_min_21,26.2160005569458,lightgbm,12
vol_ret_corr_21,26.042600631713867,lightgbm,12
tech_rsi_14,24.49246048927307,lightgbm,12
px_ret_mean_21,19.802470207214355,lightgbm,12
aux_txcnt_chg_7,19.61905026435852,lightgbm,12
rng_parkinson_5,19.559500217437744,lightgbm,12
rng_garman_klass_21,19.546669483184814,lightgbm,12
cal_moy_sin,19.49916934967041,lightgbm,12
aux_splycur_z63,18.313029766082764,lightgbm,12
px_ret_mean_10,18.02890968322754,lightgbm,12
px_ret_3,17.474459648132324,lightgbm,12
vol_log1p_volume,17.374500274658203,lightgbm,12
rng_atr_14_norm,14.994799613952637,lightgbm,12
cal_is_weekend,14.823800086975098,lightgbm,12
tech_stoch_d_14,9.65466022491455,lightgbm,12
xa_rel_strength_30,9.197990417480469,lightgbm,12
rng_intraday,9.077839851379395,lightgbm,12
aux_adractcnt_z63,8.074270248413086,lightgbm,12
px_ret_std_21,7.895810127258301,lightgbm,12
px_ret_kurt_63,6.928520202636719,lightgbm,12
vol_taker_buy_ratio_dev,6.874030113220215,lightgbm,12
px_ret_mean_5,3.196460008621216,lightgbm,12
px_ret_5,0.0,lightgbm,12
tech_bb_pos_20,0.0,lightgbm,12
rng_tr_norm,0.0,lightgbm,12
xa_rel_strength_7,0.0,lightgbm,12
xa_rank_ret_lag1,0.0,lightgbm,12
px_ret_1,541.609361410141,lightgbm,12
xa_market_dispersion,462.9184899330139,lightgbm,12
rng_close_position,400.53709173202515,lightgbm,12
cal_dom_cos,368.7004520893097,lightgbm,12
xa_market_ret_lag1,306.9988193511963,lightgbm,12
aux_fng,199.96909999847412,lightgbm,12
xa_ref_ret_lag2,148.5181601047516,lightgbm,12
cal_dow_cos,145.4674415588379,lightgbm,12
px_cumret_30,137.46779012680054,lightgbm,12
cal_dom_sin,137.25965976715088,lightgbm,12
aux_fng_chg_7,135.40000987052917,lightgbm,12
px_ret_std_5,130.0090618133545,lightgbm,12
xa_ref_ret_lag1,125.03036975860596,lightgbm,12
rng_cc_parkinson_ratio_21,121.77632141113281,lightgbm,12
xa_ref_vol_21,120.73303961753845,lightgbm,12
px_ret_skew_63,118.47603940963745,lightgbm,12
aux_splycur_chg_7,112.26164102554321,lightgbm,12
aux_fng_z_63,100.22438049316406,lightgbm,12
xa_market_ret_mean_5,87.1143901348114,lightgbm,12
px_dist_min_63,82.3571195602417,lightgbm,12
px_ret_21,82.24900960922241,lightgbm,12
px_cumret_90,79.97857141494751,lightgbm,12
vol_trades_zscore_21,79.81796979904175,lightgbm,12
vol_taker_buy_ratio,76.11141967773438,lightgbm,12
px_ret_2,76.0528392791748,lightgbm,12
xa_ref_ret_mean_5,75.56242990493774,lightgbm,12
vol_zscore_21,73.4717812538147,lightgbm,12
px_ret_mean_63,70.7264199256897,lightgbm,12
xa_corr_ref_90,55.86259078979492,lightgbm,12
px_ret_std_63,55.21058940887451,lightgbm,12
xa_corr_ref_30,54.93664073944092,lightgbm,12
vol_log1p_volume,46.32633018493652,lightgbm,12
xa_excess_ret_lag1,41.915650367736816,lightgbm,12
tech_macd_signal_norm,39.29745069146156,lightgbm,12
px_dist_max_63,37.9764199256897,lightgbm,12
rng_garman_klass_5,36.409700870513916,lightgbm,12
rng_garman_klass_21,35.05669021606445,lightgbm,12
px_ret_skew_21,33.442519664764404,lightgbm,12
vol_taker_buy_ratio_mean_7,33.044260025024414,lightgbm,12
aux_txcnt_chg_7,32.39084053039551,lightgbm,12
px_ret_std_10,32.30147123336792,lightgbm,12
rng_atr_14_norm,30.980536371469498,lightgbm,12
vol_taker_buy_ratio_dev,30.748289585113525,lightgbm,12
xa_rel_strength_30,30.50448989868164,lightgbm,12
px_cumret_7,29.7886905670166,lightgbm,12
aux_txcnt_z63,29.769381046295166,lightgbm,12
aux_splycur_z63,29.322337448596954,lightgbm,12
aux_adractcnt_chg_7,28.973150730133057,lightgbm,12
tech_stoch_k_14,28.387920379638672,lightgbm,12
rng_intraday,27.772089958190918,lightgbm,12
tech_stoch_d_14,26.62870979309082,lightgbm,12
tech_bb_pos_20,25.01903009414673,lightgbm,12
vol_ret_corr_21,24.390580654144287,lightgbm,12
vol_qv_median_ratio_63,23.84927010536194,lightgbm,12
tech_macd_hist_norm,23.486500024795532,lightgbm,12
cal_moy_sin,22.185929775238037,lightgbm,12
vol_log1p_quote_volume,21.988750457763672,lightgbm,12
cal_dow_sin,18.997700214385986,lightgbm,12
px_ret_mean_10,18.970500946044922,lightgbm,12
tech_obv_zscore_21,18.269439697265625,lightgbm,12
px_dist_min_21,17.54342007637024,lightgbm,12
rng_parkinson_21,14.912769794464111,lightgbm,12
rng_parkinson_5,14.17609977722168,lightgbm,12
aux_adractcnt_z63,13.86359977722168,lightgbm,12
px_ret_kurt_21,13.616390228271484,lightgbm,12
cal_is_weekend,13.375100135803223,lightgbm,12
px_ret_kurt_63,12.01239025592804,lightgbm,12
px_ret_5,11.411600112915039,lightgbm,12
cal_moy_cos,10.657099723815918,lightgbm,12
px_ret_10,9.423060417175293,lightgbm,12
px_ret_3,7.91156005859375,lightgbm,12
px_ret_mean_5,3.2499001026153564,lightgbm,12
tech_rsi_14,3.1679999828338623,lightgbm,12
px_ret_std_21,0.0,lightgbm,12
px_ret_mean_21,0.0,lightgbm,12
px_dist_max_21,0.0,lightgbm,12
tech_macd_line_norm,0.0,lightgbm,12
rng_tr_norm,0.0,lightgbm,12
xa_rel_strength_7,0.0,lightgbm,12
xa_rank_ret_lag1,0.0,lightgbm,12
rng_close_position,441.29564130306244,lightgbm,12
px_ret_1,417.1273617744446,lightgbm,12
xa_market_dispersion,383.6824703216553,lightgbm,12
xa_market_ret_lag1,301.8037009239197,lightgbm,12
cal_dom_cos,292.48208796977997,lightgbm,12
cal_dom_sin,203.17043018341064,lightgbm,12
cal_dow_cos,147.15034818649292,lightgbm,12
aux_splycur_chg_7,146.76762008666992,lightgbm,12
xa_ref_ret_lag1,124.94970035552979,lightgbm,12
aux_fng_chg_7,116.18301105499268,lightgbm,12
xa_ref_ret_mean_5,116.12528991699219,lightgbm,12
xa_ref_ret_lag2,112.29691982269287,lightgbm,12
px_ret_2,111.8922986984253,lightgbm,12
px_ret_std_5,106.27673053741455,lightgbm,12
px_ret_std_63,102.71708011627197,lightgbm,12
px_ret_skew_63,98.60783958435059,lightgbm,12
aux_fng,95.20384049415588,lightgbm,12
aux_fng_z_63,87.14614868164062,lightgbm,12
rng_cc_parkinson_ratio_21,82.11408996582031,lightgbm,12
px_cumret_30,69.28325843811035,lightgbm,12
vol_trades_zscore_21,69.08229112625122,lightgbm,12
xa_corr_ref_30,67.46146869659424,lightgbm,12
tech_macd_line_norm,66.84424018859863,lightgbm,12
xa_ref_vol_21,59.97327899932861,lightgbm,12
tech_macd_signal_norm,55.912200689315796,lightgbm,12
px_dist_min_63,55.86619997024536,lightgbm,12
vol_taker_buy_ratio,49.19992971420288,lightgbm,12
aux_txcnt_z63,46.141080379486084,lightgbm,12
cal_dow_sin,44.765910148620605,lightgbm,12
rng_garman_klass_5,42.686150550842285,lightgbm,12
vol_taker_buy_ratio_mean_7,40.18439030647278,lightgbm,12
xa_market_ret_mean_5,39.10123744606972,lightgbm,12
px_ret_skew_21,36.22779941558838,lightgbm,12
px_ret_mean_21,35.61634969711304,lightgbm,12
px_ret_mean_63,35.30296969413757,lightgbm,12
aux_adractcnt_chg_7,33.48459005355835,lightgbm,12
cal_moy_sin,30.880560398101807,lightgbm,12
px_ret_kurt_21,29.419100284576416,lightgbm,12
vol_ret_corr_21,29.298269748687744,lightgbm,12
vol_zscore_21,28.077149868011475,lightgbm,12
px_dist_max_63,27.775399208068848,lightgbm,12
px_ret_21,24.104820251464844,lightgbm,12
cal_moy_cos,23.729300498962402,lightgbm,12
aux_adractcnt_z63,23.53026008605957,lightgbm,12
tech_obv_zscore_21,23.12980031967163,lightgbm,12
px_cumret_90,22.37680995464325,lightgbm,12
rng_garman_klass_21,22.15559959411621,lightgbm,12
px_ret_std_10,22.133152544498444,lightgbm,12
rng_parkinson_5,21.759430408477783,lightgbm,12
vol_qv_median_ratio_63,21.439159870147705,lightgbm,12
xa_corr_ref_90,20.202380180358887,lightgbm,12
rng_tr_norm,18.83372974395752,lightgbm,12
px_dist_min_21,18.415859699249268,lightgbm,12
aux_splycur_z63,16.962520122528076,lightgbm,12
vol_log1p_quote_volume,16.750679969787598,lightgbm,12
vol_taker_buy_ratio_dev,14.821890354156494,lightgbm,12
px_ret_std_21,12.145099639892578,lightgbm,12
tech_macd_hist_norm,11.540900230407715,lightgbm,12
px_dist_max_21,11.474200248718262,lightgbm,12
rng_parkinson_21,10.87969970703125,lightgbm,12
px_ret_10,10.307299613952637,lightgbm,12
rng_atr_14_norm,9.767210006713867,lightgbm,12
tech_stoch_k_14,9.477279901504517,lightgbm,12
aux_txcnt_chg_7,9.293100357055664,lightgbm,12
rng_intraday,8.252260208129883,lightgbm,12
xa_rel_strength_7,7.538249969482422,lightgbm,12
xa_excess_ret_lag1,7.448090076446533,lightgbm,12
vol_log1p_volume,6.327509880065918,lightgbm,12
px_ret_3,2.0772600173950195,lightgbm,12
tech_bb_pos_20,1.5957200527191162,lightgbm,12
px_ret_mean_10,0.9386399984359741,lightgbm,12
px_ret_mean_5,0.0,lightgbm,12
px_ret_5,0.0,lightgbm,12
tech_rsi_14,0.0,lightgbm,12
px_ret_kurt_63,0.0,lightgbm,12
px_cumret_7,0.0,lightgbm,12
xa_rel_strength_30,0.0,lightgbm,12
xa_rank_ret_lag1,0.0,lightgbm,12
tech_stoch_d_14,0.0,lightgbm,12
cal_is_weekend,0.0,lightgbm,12
rng_close_position,460.76528882980347,lightgbm,12
px_ret_1,355.88522934913635,lightgbm,12
xa_market_ret_lag1,323.3221573829651,lightgbm,12
cal_dom_cos,307.153461933136,lightgbm,12
xa_market_dispersion,299.6060299873352,lightgbm,12
cal_dow_cos,155.42858982086182,lightgbm,12
px_ret_std_5,147.0116810798645,lightgbm,12
aux_fng,140.22491931915283,lightgbm,12
xa_ref_ret_lag2,110.44225096702576,lightgbm,12
cal_dom_sin,109.3361303806305,lightgbm,12
px_ret_std_63,105.81564903259277,lightgbm,12
tech_macd_line_norm,97.07778120040894,lightgbm,12
aux_fng_z_63,94.13046026229858,lightgbm,12
xa_ref_vol_21,91.78927171230316,lightgbm,12
px_ret_2,90.91779899597168,lightgbm,12
aux_fng_chg_7,73.29965949058533,lightgbm,12
xa_ref_ret_lag1,73.28752994537354,lightgbm,12
rng_cc_parkinson_ratio_21,64.52817112207413,lightgbm,12
cal_dow_sin,64.49303960800171,lightgbm,12
xa_ref_ret_mean_5,59.40743160247803,lightgbm,12
vol_taker_buy_ratio_mean_7,58.990389823913574,lightgbm,12
px_ret_skew_63,58.72650933265686,lightgbm,12
px_cumret_30,50.89646053314209,lightgbm,12
vol_log1p_volume,50.64962959289551,lightgbm,12
aux_txcnt_z63,49.51271057128906,lightgbm,12
xa_corr_ref_90,48.58503866195679,lightgbm,12
aux_splycur_chg_7,43.12639904022217,lightgbm,12
px_cumret_7,38.48179054260254,lightgbm,12
px_cumret_90,36.80632996559143,lightgbm,12
px_dist_max_63,32.66302013397217,lightgbm,12
px_ret_21,32.01573944091797,lightgbm,12
px_dist_min_63,31.630029678344727,lightgbm,12
tech_stoch_k_14,31.23093032836914,lightgbm,12
vol_zscore_21,30.649789810180664,lightgbm,12
tech_obv_zscore_21,28.736949920654297,lightgbm,12
tech_macd_signal_norm,28.025689601898193,lightgbm,12
xa_market_ret_mean_5,26.981900215148926,lightgbm,12
xa_corr_ref_30,26.072839736938477,lightgbm,12
vol_taker_buy_ratio_dev,25.211439609527588,lightgbm,12
px_ret_3,24.955690383911133,lightgbm,12
vol_log1p_quote_volume,24.78570032119751,lightgbm,12
tech_stoch_d_14,24.43666982650757,lightgbm,12
px_dist_min_21,22.774659633636475,lightgbm,12
aux_txcnt_chg_7,22.293280959129333,lightgbm,12
vol_qv_median_ratio_63,21.67943000793457,lightgbm,12
xa_excess_ret_lag1,21.436420440673828,lightgbm,12
aux_splycur_z63,20.504889965057373,lightgbm,12
vol_taker_buy_ratio,19.32390022277832,lightgbm,12
vol_trades_zscore_21,18.867630004882812,lightgbm,12
px_ret_kurt_63,18.748849868774414,lightgbm,12
rng_tr_norm,18.551209926605225,lightgbm,12
rng_garman_klass_21,17.491600036621094,lightgbm,12
xa_rel_strength_30,17.212730407714844,lightgbm,12
rng_parkinson_5,16.8298397064209,lightgbm,12
cal_moy_sin,14.889569759368896,lightgbm,12
rng_garman_klass_5,11.810099601745605,lightgbm,12
tech_rsi_14,10.872900009155273,lightgbm,12
tech_bb_pos_20,10.774999618530273,lightgbm,12
px_ret_mean_5,9.251640319824219,lightgbm,12
rng_atr_14_norm,9.238320112228394,lightgbm,12
aux_adractcnt_chg_7,7.380229949951172,lightgbm,12
px_ret_std_21,6.878620147705078,lightgbm,12
px_ret_mean_10,6.610479831695557,lightgbm,12
rng_parkinson_21,6.380109786987305,lightgbm,12
px_ret_mean_63,6.0029802322387695,lightgbm,12
px_ret_mean_21,5.844449996948242,lightgbm,12
px_ret_std_10,2.7750399112701416,lightgbm,12
px_ret_10,0.0,lightgbm,12
px_ret_kurt_21,0.0,lightgbm,12
px_ret_skew_21,0.0,lightgbm,12
px_ret_5,0.0,lightgbm,12
px_dist_max_21,0.0,lightgbm,12
tech_macd_hist_norm,0.0,lightgbm,12
rng_intraday,0.0,lightgbm,12
vol_ret_corr_21,0.0,lightgbm,12
xa_rank_ret_lag1,0.0,lightgbm,12
xa_rel_strength_7,0.0,lightgbm,12
cal_moy_cos,0.0,lightgbm,12
cal_is_weekend,0.0,lightgbm,12
aux_adractcnt_z63,0.0,lightgbm,12
rng_close_position,481.52210569381714,lightgbm,12
xa_market_dispersion,454.78631353378296,lightgbm,12
px_ret_1,386.63076066970825,lightgbm,12
cal_dom_cos,346.11343812942505,lightgbm,12
xa_market_ret_lag1,276.4671001434326,lightgbm,12
cal_dow_cos,153.4650809764862,lightgbm,12
aux_fng,134.34487009048462,lightgbm,12
cal_dom_sin,112.55014133453369,lightgbm,12
xa_ref_ret_mean_5,99.83441019058228,lightgbm,12
xa_ref_vol_21,98.62314915657043,lightgbm,12
px_cumret_30,98.34968948364258,lightgbm,12
aux_fng_z_63,98.01490139961243,lightgbm,12
px_ret_std_63,93.981041431427,lightgbm,12
vol_zscore_21,93.31901001930237,lightgbm,12
px_ret_skew_63,89.06295108795166,lightgbm,12
rng_cc_parkinson_ratio_21,85.53660011291504,lightgbm,12
aux_splycur_chg_7,83.59211874008179,lightgbm,12
aux_txcnt_z63,80.24902963638306,lightgbm,12
px_ret_std_5,75.27156019210815,lightgbm,12
px_ret_21,73.67994832992554,lightgbm,12
xa_ref_ret_lag2,72.81103849411011,lightgbm,12
px_ret_mean_63,70.18617939949036,lightgbm,12
xa_ref_ret_lag1,63.36195921897888,lightgbm,12
vol_trades_zscore_21,56.95794105529785,lightgbm,12
px_ret_2,56.8154993057251,lightgbm,12
px_dist_min_63,52.072429180145264,lightgbm,12
aux_fng_chg_7,51.15845036506653,lightgbm,12
vol_qv_median_ratio_63,50.470459938049316,lightgbm,12
aux_txcnt_chg_7,46.935479402542114,lightgbm,12
px_ret_skew_21,46.77154994010925,lightgbm,12
xa_corr_ref_30,44.65262031555176,lightgbm,12
rng_parkinson_5,40.2516393661499,lightgbm,12
tech_bb_pos_20,38.47550964355469,lightgbm,12
rng_atr_14_norm,38.340330600738525,lightgbm,12
px_cumret_7,37.5468692779541,lightgbm,12
cal_moy_cos,37.2591609954834,lightgbm,12
vol_taker_buy_ratio_mean_7,36.80260992050171,lightgbm,12
cal_dow_sin,36.666419982910156,lightgbm,12
vol_log1p_volume,35.52880024909973,lightgbm,12
px_dist_max_63,34.21458911895752,lightgbm,12
aux_adractcnt_z63,33.27444076538086,lightgbm,12
xa_market_ret_mean_5,33.03316020965576,lightgbm,12
px_ret_mean_21,27.62177038192749,lightgbm,12
aux_adractcnt_chg_7,26.47738027572632,lightgbm,12
px_cumret_90,26.390700340270996,lightgbm,12
px_ret_10,25.21560001373291,lightgbm,12
xa_corr_ref_90,25.07490062713623,lightgbm,12
px_ret_kurt_21,22.678970098495483,lightgbm,12
vol_taker_buy_ratio,22.00977998971939,lightgbm,12
xa_rel_strength_30,21.086470127105713,lightgbm,12
tech_macd_line_norm,19.113929748535156,lightgbm,12
tech_macd_signal_norm,18.700010299682617,lightgbm,12
tech_stoch_d_14,18.640349864959717,lightgbm,12
tech_obv_zscore_21,16.7114200592041,lightgbm,12
xa_excess_ret_lag1,15.980559825897217,lightgbm,12
px_ret_std_21,13.467900276184082,lightgbm,12
tech_stoch_k_14,12.869339942932129,lightgbm,12
tech_macd_hist_norm,11.934170007705688,lightgbm,12
cal_moy_sin,11.391200065612793,lightgbm,12
px_ret_3,10.559100151062012,lightgbm,12
rng_garman_klass_21,10.443400382995605,lightgbm,12
rng_garman_klass_5,9.34508991241455,lightgbm,12
px_ret_kurt_63,9.13109016418457,lightgbm,12
vol_ret_corr_21,8.608010292053223,lightgbm,12
cal_is_weekend,7.533870220184326,lightgbm,12
aux_splycur_z63,7.302189826965332,lightgbm,12
px_ret_std_10,7.233829975128174,lightgbm,12
xa_rel_strength_7,6.250840187072754,lightgbm,12
vol_log1p_quote_volume,6.07358980178833,lightgbm,12
rng_tr_norm,5.143380165100098,lightgbm,12
px_ret_5,4.113470077514648,lightgbm,12
px_ret_mean_5,0.0,lightgbm,12
px_ret_mean_10,0.0,lightgbm,12
tech_rsi_14,0.0,lightgbm,12
rng_intraday,0.0,lightgbm,12
vol_taker_buy_ratio_dev,0.0,lightgbm,12
px_dist_min_21,0.0,lightgbm,12
px_dist_max_21,0.0,lightgbm,12
rng_parkinson_21,0.0,lightgbm,12
xa_rank_ret_lag1,0.0,lightgbm,12
cal_dom_cos,0.06252664186173078,ridge,13
rng_close_position,0.06134754841699786,ridge,13
px_ret_1,0.05077501738535537,ridge,13
aux_splycur_chg_7,0.0406350211436552,ridge,13
cal_dow_cos,0.04045042744728124,ridge,13
aux_fng,0.03867440357203824,ridge,13
px_ret_skew_21,0.03226252056771176,ridge,13
cal_dow_sin,0.029707353837243516,ridge,13
xa_ref_ret_lag2,0.027601448230590988,ridge,13
cal_is_weekend,0.027246223685512216,ridge,13
vol_taker_buy_ratio_mean_7,0.02516937848180676,ridge,13
px_ret_kurt_63,0.0245570608904732,ridge,13
aux_txcnt_z63,0.02415064682046239,ridge,13
xa_market_dispersion,0.02320946316126473,ridge,13
px_ret_kurt_21,0.01972858399702999,ridge,13
rng_tr_norm,0.018978063315686505,ridge,13
px_ret_21,0.018581907950450692,ridge,13
px_ret_mean_21,0.018581907950450692,ridge,13
xa_ref_ret_lag1,0.018504988508237275,ridge,13
rng_garman_klass_5,0.017739050838164933,ridge,13
xa_rel_strength_7,0.01754663212345085,ridge,13
vol_log1p_quote_volume,0.01718245846819364,ridge,13
rng_intraday,0.01695238491623509,ridge,13
tech_macd_hist_norm,0.01662837360281088,ridge,13
rng_atr_14_norm,0.016624773542617988,ridge,13
px_ret_2,0.01640044502895118,ridge,13
xa_market_ret_lag1,0.015714273598528616,ridge,13
px_ret_skew_63,0.01527974713660159,ridge,13
px_dist_max_21,0.014998451647104498,ridge,13
cal_moy_sin,0.014951717720075718,ridge,13
px_cumret_30,0.014849200672437614,ridge,13
px_ret_std_5,0.014015676319631349,ridge,13
px_ret_3,0.013831704197392403,ridge,13
px_cumret_90,0.013694801095228724,ridge,13
vol_log1p_volume,0.01368577345620066,ridge,13
xa_ref_vol_21,0.01257898514248343,ridge,13
tech_stoch_k_14,0.011769816135867101,ridge,13
rng_cc_parkinson_ratio_21,0.010301795426544302,ridge,13
rng_garman_klass_21,0.010291175070390455,ridge,13
rng_parkinson_5,0.009761894450139934,ridge,13
xa_rel_strength_30,0.009696479971546218,ridge,13
tech_macd_line_norm,0.009289648380358666,ridge,13
vol_zscore_21,0.008908809664100877,ridge,13
vol_ret_corr_21,0.008535224687616779,ridge,13
px_ret_mean_5,0.00849695942034569,ridge,13
px_ret_5,0.008496959420345689,ridge,13
vol_trades_zscore_21,0.00849591150318566,ridge,13
aux_fng_chg_7,0.008487867754240465,ridge,13
rng_parkinson_21,0.0072929104229583295,ridge,13
aux_fng_z_63,0.006934406274633812,ridge,13
px_ret_mean_63,0.0066840466460544356,ridge,13
aux_adractcnt_z63,0.006631191269934586,ridge,13
tech_macd_signal_norm,0.006609657366367911,ridge,13
vol_qv_median_ratio_63,0.006456798540343355,ridge,13
aux_txcnt_chg_7,0.0061001290911610615,ridge,13
xa_corr_ref_90,0.0057164236736587425,ridge,13
aux_splycur_z63,0.005612800592499965,ridge,13
cal_dom_sin,0.005585268878424026,ridge,13
px_dist_min_21,0.005557718599475708,ridge,13
xa_rank_ret_lag1,0.005059355161096814,ridge,13
xa_ref_ret_mean_5,0.004830674271015031,ridge,13
xa_excess_ret_lag1,0.004145498597170916,ridge,13
aux_adractcnt_chg_7,0.0039737752403405085,ridge,13
cal_moy_cos,0.003833032968094005,ridge,13
px_cumret_7,0.0033965665651186482,ridge,13
tech_obv_zscore_21,0.0033939665758756566,ridge,13
px_ret_10,0.0025972152113903995,ridge,13
px_ret_mean_10,0.0025972152113903986,ridge,13
vol_taker_buy_ratio,0.002377586245221425,ridge,13
vol_taker_buy_ratio_dev,0.002377586245221408,ridge,13
px_ret_std_10,0.002066140058253585,ridge,13
px_dist_min_63,0.001213264478421844,ridge,13
tech_stoch_d_14,0.0012016136607907353,ridge,13
tech_bb_pos_20,0.0008927114221237448,ridge,13
xa_market_ret_mean_5,0.0008803673319747623,ridge,13
xa_corr_ref_30,0.0007193973378347165,ridge,13
px_ret_std_63,0.0005643324148765809,ridge,13
px_dist_max_63,0.000330074198531157,ridge,13
px_ret_std_21,0.00011784084851400894,ridge,13
tech_rsi_14,7.3452349788363544e-06,ridge,13
xa_market_dispersion,774.37625259161,lightgbm,13
rng_close_position,692.4820594787598,lightgbm,13
cal_dom_cos,562.9820301532745,lightgbm,13
xa_market_ret_lag1,545.9736995697021,lightgbm,13
px_ret_1,542.4268651008606,lightgbm,13
xa_ref_ret_lag2,523.1502296924591,lightgbm,13
cal_dow_cos,398.94120264053345,lightgbm,13
cal_dom_sin,383.53060007095337,lightgbm,13
xa_market_ret_mean_5,381.07356882095337,lightgbm,13
aux_fng,332.603399515152,lightgbm,13
xa_ref_ret_mean_5,259.34553813934326,lightgbm,13
xa_ref_vol_21,249.50292424112558,lightgbm,13
aux_fng_z_63,240.27059149742126,lightgbm,13
px_ret_skew_63,228.13633918762207,lightgbm,13
aux_fng_chg_7,221.2038688659668,lightgbm,13
rng_cc_parkinson_ratio_21,177.1965695619583,lightgbm,13
aux_splycur_chg_7,159.16678094863892,lightgbm,13
px_dist_min_63,152.15164995193481,lightgbm,13
xa_ref_ret_lag1,136.88911060569808,lightgbm,13
px_ret_skew_21,134.02668046951294,lightgbm,13
tech_macd_signal_norm,133.2247189283371,lightgbm,13
px_ret_std_63,125.33908891677856,lightgbm,13
px_ret_2,122.8860592842102,lightgbm,13
xa_corr_ref_90,115.72656917572021,lightgbm,13
vol_qv_median_ratio_63,111.02689123153687,lightgbm,13
px_ret_std_5,102.44678923487663,lightgbm,13
aux_txcnt_z63,101.24462020397186,lightgbm,13
px_cumret_90,99.75045919418335,lightgbm,13
cal_dow_sin,96.84012985229492,lightgbm,13
vol_log1p_quote_volume,88.79579877853394,lightgbm,13
px_cumret_30,88.78500032424927,lightgbm,13
vol_trades_zscore_21,85.99200010299683,lightgbm,13
vol_zscore_21,85.01917123794556,lightgbm,13
rng_tr_norm,82.59502124786377,lightgbm,13
vol_log1p_volume,81.42153024673462,lightgbm,13
rng_atr_14_norm,80.76146030426025,lightgbm,13
vol_taker_buy_ratio,76.05682897567749,lightgbm,13
cal_moy_sin,75.48825931549072,lightgbm,13
px_ret_kurt_21,70.42365169525146,lightgbm,13
px_ret_mean_63,68.42978048324585,lightgbm,13
px_ret_21,66.12941074371338,lightgbm,13
rng_garman_klass_5,65.35746026039124,lightgbm,13
tech_macd_hist_norm,59.68557119369507,lightgbm,13
px_dist_min_21,59.316720485687256,lightgbm,13
rng_parkinson_5,57.362549781799316,lightgbm,13
px_cumret_7,57.275490283966064,lightgbm,13
xa_corr_ref_30,50.4135103225708,lightgbm,13
vol_taker_buy_ratio_mean_7,43.196110010147095,lightgbm,13
px_ret_kurt_63,42.98133039474487,lightgbm,13
rng_intraday,42.725979804992676,lightgbm,13
tech_stoch_d_14,38.52208995819092,lightgbm,13
xa_rel_strength_30,37.70207071304321,lightgbm,13
px_dist_max_63,36.99610996246338,lightgbm,13
xa_excess_ret_lag1,35.027109146118164,lightgbm,13
tech_rsi_14,34.360680103302,lightgbm,13
xa_rel_strength_7,34.267659187316895,lightgbm,13
px_ret_5,31.552410125732422,lightgbm,13
tech_obv_zscore_21,30.559900283813477,lightgbm,13
vol_ret_corr_21,30.342690229415894,lightgbm,13
cal_moy_cos,27.476812303066254,lightgbm,13
tech_bb_pos_20,26.7814998626709,lightgbm,13
tech_stoch_k_14,25.5693998336792,lightgbm,13
aux_txcnt_chg_7,25.190589904785156,lightgbm,13
rng_garman_klass_21,25.089649200439453,lightgbm,13
aux_splycur_z63,24.81369972229004,lightgbm,13
aux_adractcnt_chg_7,24.75291919708252,lightgbm,13
px_ret_10,24.75200080871582,lightgbm,13
px_ret_std_21,23.705500602722168,lightgbm,13
cal_is_weekend,21.92240047454834,lightgbm,13
px_dist_max_21,21.858179569244385,lightgbm,13
px_ret_std_10,20.507699966430664,lightgbm,13
vol_taker_buy_ratio_dev,17.440359592437744,lightgbm,13
aux_adractcnt_z63,14.979949951171875,lightgbm,13
tech_macd_line_norm,13.671500205993652,lightgbm,13
px_ret_mean_21,9.408049583435059,lightgbm,13
px_ret_mean_5,8.76453971862793,lightgbm,13
xa_rank_ret_lag1,6.634399890899658,lightgbm,13
rng_parkinson_21,2.7121899127960205,lightgbm,13
px_ret_mean_10,0.6789019703865051,lightgbm,13
px_ret_3,0.0,lightgbm,13
px_ret_1,551.9652333259583,lightgbm,13
xa_market_dispersion,465.88618063926697,lightgbm,13
rng_close_position,419.2443308830261,lightgbm,13
cal_dom_cos,381.6671034395695,lightgbm,13
xa_ref_ret_lag2,307.9827299118042,lightgbm,13
cal_dom_sin,254.181161403656,lightgbm,13
xa_market_ret_lag1,249.66756868362427,lightgbm,13
cal_dow_cos,249.47559940814972,lightgbm,13
aux_fng,209.53652811050415,lightgbm,13
px_ret_std_5,165.43428897857666,lightgbm,13
xa_market_ret_mean_5,147.41186952590942,lightgbm,13
xa_ref_ret_mean_5,143.68650007247925,lightgbm,13
px_ret_skew_63,142.78351831436157,lightgbm,13
aux_splycur_chg_7,141.13481950759888,lightgbm,13
aux_fng_z_63,137.6569995880127,lightgbm,13
xa_ref_vol_21,132.34855103492737,lightgbm,13
xa_ref_ret_lag1,124.54584091901779,lightgbm,13
rng_atr_14_norm,123.44146871566772,lightgbm,13
aux_fng_chg_7,116.25384855270386,lightgbm,13
px_ret_21,107.19506931304932,lightgbm,13
rng_cc_parkinson_ratio_21,99.60776901245117,lightgbm,13
cal_dow_sin,92.44554018974304,lightgbm,13
vol_taker_buy_ratio_mean_7,88.18019986152649,lightgbm,13
px_cumret_90,78.85521078109741,lightgbm,13
px_ret_std_21,69.50330948829651,lightgbm,13
rng_intraday,68.85342073440552,lightgbm,13
px_ret_skew_21,66.50562000274658,lightgbm,13
px_cumret_30,66.02184104919434,lightgbm,13
aux_txcnt_z63,64.67337989807129,lightgbm,13
vol_taker_buy_ratio,62.47174024581909,lightgbm,13
px_ret_mean_63,62.41525936126709,lightgbm,13
tech_stoch_k_14,61.718260765075684,lightgbm,13
vol_log1p_quote_volume,61.52862071990967,lightgbm,13
rng_garman_klass_21,59.99603009223938,lightgbm,13
px_ret_2,58.469300270080566,lightgbm,13
vol_qv_median_ratio_63,57.47811985015869,lightgbm,13
px_dist_min_63,56.64135980606079,lightgbm,13
cal_moy_sin,56.53693962097168,lightgbm,13
tech_macd_line_norm,53.72868013381958,lightgbm,13
xa_corr_ref_30,49.75886869430542,lightgbm,13
rng_tr_norm,47.216320514678955,lightgbm,13
vol_trades_zscore_21,43.45198059082031,lightgbm,13
px_ret_3,41.17003083229065,lightgbm,13
vol_zscore_21,36.25797986984253,lightgbm,13
xa_excess_ret_lag1,31.052879810333252,lightgbm,13
tech_bb_pos_20,28.52425380051136,lightgbm,13
vol_taker_buy_ratio_dev,27.501259803771973,lightgbm,13
px_ret_kurt_63,27.389979362487793,lightgbm,13
px_dist_max_63,25.219799995422363,lightgbm,13
vol_ret_corr_21,24.354820013046265,lightgbm,13
tech_stoch_d_14,24.287360429763794,lightgbm,13
px_dist_max_21,23.19012975692749,lightgbm,13
px_ret_std_63,22.23847007751465,lightgbm,13
vol_log1p_volume,21.836379289627075,lightgbm,13
tech_macd_signal_norm,21.020020246505737,lightgbm,13
tech_obv_zscore_21,19.73730993270874,lightgbm,13
px_ret_std_10,19.49919033050537,lightgbm,13
aux_txcnt_chg_7,17.188379764556885,lightgbm,13
rng_parkinson_21,16.2288498878479,lightgbm,13
aux_splycur_z63,16.114610195159912,lightgbm,13
cal_moy_cos,14.829160213470459,lightgbm,13
aux_adractcnt_z63,10.965299606323242,lightgbm,13
tech_rsi_14,10.936590194702148,lightgbm,13
rng_garman_klass_5,10.641500473022461,lightgbm,13
px_ret_5,9.953680038452148,lightgbm,13
xa_corr_ref_90,9.552931368350983,lightgbm,13
xa_rel_strength_30,7.886539936065674,lightgbm,13
px_ret_kurt_21,7.631659984588623,lightgbm,13
tech_macd_hist_norm,7.253479957580566,lightgbm,13
rng_parkinson_5,6.7153000831604,lightgbm,13
px_dist_min_21,5.502649903297424,lightgbm,13
px_ret_mean_5,0.0,lightgbm,13
px_ret_mean_10,0.0,lightgbm,13
px_ret_mean_21,0.0,lightgbm,13
px_ret_10,0.0,lightgbm,13
px_cumret_7,0.0,lightgbm,13
xa_rel_strength_7,0.0,lightgbm,13
xa_rank_ret_lag1,0.0,lightgbm,13
cal_is_weekend,0.0,lightgbm,13
aux_adractcnt_chg_7,0.0,lightgbm,13
xa_market_dispersion,1080.3359904289246,lightgbm,13
rng_close_position,695.4441645145416,lightgbm,13
xa_market_ret_lag1,667.1606442928314,lightgbm,13
xa_ref_ret_lag2,663.1561300754547,lightgbm,13
cal_dom_cos,662.5030825138092,lightgbm,13
px_ret_1,645.6222791671753,lightgbm,13
xa_market_ret_mean_5,513.5726804733276,lightgbm,13
cal_dom_sin,489.46086716651917,lightgbm,13
aux_fng,475.61460065841675,lightgbm,13
cal_dow_cos,425.68405055999756,lightgbm,13
xa_ref_ret_mean_5,350.55073273181915,lightgbm,13
xa_ref_ret_lag1,325.57538962364197,lightgbm,13
px_ret_skew_63,325.416081905365,lightgbm,13
xa_ref_vol_21,245.64034068584442,lightgbm,13
aux_fng_chg_7,239.41800141334534,lightgbm,13
aux_fng_z_63,228.35903012752533,lightgbm,13
rng_atr_14_norm,221.38005018234253,lightgbm,13
aux_splycur_chg_7,216.30186700820923,lightgbm,13
px_cumret_30,187.85469126701355,lightgbm,13
px_ret_std_63,173.76645630598068,lightgbm,13
aux_txcnt_z63,168.09624862670898,lightgbm,13
vol_trades_zscore_21,165.39416122436523,lightgbm,13
rng_cc_parkinson_ratio_21,165.38420152664185,lightgbm,13
px_ret_std_5,165.2091507911682,lightgbm,13
cal_dow_sin,144.33684015274048,lightgbm,13
px_ret_skew_21,143.49878120422363,lightgbm,13
px_dist_min_63,137.61921203136444,lightgbm,13
vol_log1p_quote_volume,131.13303899765015,lightgbm,13
tech_macd_line_norm,128.843581199646,lightgbm,13
px_ret_mean_63,125.32533025741577,lightgbm,13
px_ret_2,123.86143523454666,lightgbm,13
vol_zscore_21,114.41253238916397,lightgbm,13
aux_txcnt_chg_7,107.17809104919434,lightgbm,13
vol_qv_median_ratio_63,104.61959373950958,lightgbm,13
px_ret_21,95.11412906646729,lightgbm,13
xa_corr_ref_90,93.86427021026611,lightgbm,13
vol_taker_buy_ratio,93.50728011131287,lightgbm,13
px_dist_max_63,92.85546922683716,lightgbm,13
xa_corr_ref_30,88.6332516670227,lightgbm,13
px_cumret_90,84.2501916885376,lightgbm,13
cal_moy_sin,83.57411885261536,lightgbm,13
rng_intraday,83.44841980934143,lightgbm,13
px_ret_10,78.73100233078003,lightgbm,13
vol_taker_buy_ratio_mean_7,72.70082974433899,lightgbm,13
tech_macd_signal_norm,72.68163013458252,lightgbm,13
px_dist_min_21,68.39532923698425,lightgbm,13
tech_stoch_k_14,66.73662042617798,lightgbm,13
px_ret_std_10,66.34365892410278,lightgbm,13
px_ret_3,61.6174693107605,lightgbm,13
px_ret_mean_10,60.675700187683105,lightgbm,13
vol_log1p_volume,60.222190380096436,lightgbm,13
rng_parkinson_21,59.111820697784424,lightgbm,13
xa_excess_ret_lag1,58.7588095664978,lightgbm,13
px_ret_kurt_21,56.91360068321228,lightgbm,13
px_ret_5,56.618539810180664,lightgbm,13
aux_splycur_z63,50.25515937805176,lightgbm,13
xa_rel_strength_30,49.86012077331543,lightgbm,13
tech_bb_pos_20,47.29974937438965,lightgbm,13
vol_taker_buy_ratio_dev,45.11360025405884,lightgbm,13
cal_moy_cos,44.654109716415405,lightgbm,13
rng_garman_klass_21,41.6012601852417,lightgbm,13
tech_obv_zscore_21,40.31146049499512,lightgbm,13
tech_rsi_14,39.69296073913574,lightgbm,13
tech_stoch_d_14,39.14203083515167,lightgbm,13
aux_adractcnt_chg_7,34.08746027946472,lightgbm,13
px_cumret_7,33.58805525302887,lightgbm,13
vol_ret_corr_21,33.502259731292725,lightgbm,13
px_ret_kurt_63,31.982709884643555,lightgbm,13
tech_macd_hist_norm,31.646949768066406,lightgbm,13
cal_is_weekend,31.309110641479492,lightgbm,13
rng_tr_norm,29.006229400634766,lightgbm,13
xa_rel_strength_7,28.55573034286499,lightgbm,13
aux_adractcnt_z63,26.58411979675293,lightgbm,13
rng_parkinson_5,24.894720196723938,lightgbm,13
px_dist_max_21,22.442090034484863,lightgbm,13
px_ret_std_21,20.856499433517456,lightgbm,13
px_ret_mean_5,18.0180606842041,lightgbm,13
px_ret_mean_21,9.924519777297974,lightgbm,13
xa_rank_ret_lag1,2.7881200313568115,lightgbm,13
rng_garman_klass_5,0.0,lightgbm,13
xa_market_dispersion,884.7441787719727,lightgbm,13
px_ret_1,669.6187047958374,lightgbm,13
cal_dom_cos,665.497251033783,lightgbm,13
rng_close_position,663.2969887256622,lightgbm,13
xa_market_ret_lag1,554.0992693901062,lightgbm,13
cal_dom_sin,505.4030086994171,lightgbm,13
aux_fng,472.9638011455536,lightgbm,13
xa_ref_ret_lag2,438.26986104249954,lightgbm,13
cal_dow_cos,430.84143924713135,lightgbm,13
xa_market_ret_mean_5,414.6315906047821,lightgbm,13
xa_ref_ret_mean_5,382.7857303619385,lightgbm,13
xa_ref_vol_21,242.42060071229935,lightgbm,13
aux_fng_z_63,236.947096824646,lightgbm,13
xa_ref_ret_lag1,213.38455045223236,lightgbm,13
aux_splycur_chg_7,209.489981174469,lightgbm,13
aux_fng_chg_7,208.64039945602417,lightgbm,13
rng_cc_parkinson_ratio_21,181.61300086975098,lightgbm,13
px_ret_skew_63,180.21225094795227,lightgbm,13
cal_dow_sin,172.23023164272308,lightgbm,13
cal_moy_sin,160.11094856262207,lightgbm,13
vol_trades_zscore_21,153.69820046424866,lightgbm,13
px_ret_21,136.4919080734253,lightgbm,13
px_ret_std_5,135.41091132164001,lightgbm,13
aux_txcnt_z63,126.38336992263794,lightgbm,13
vol_taker_buy_ratio_mean_7,118.84128034114838,lightgbm,13
rng_atr_14_norm,117.3046293258667,lightgbm,13
px_ret_skew_21,108.39165607094765,lightgbm,13
vol_log1p_quote_volume,106.18482065200806,lightgbm,13
px_ret_std_63,103.99269998073578,lightgbm,13
px_cumret_30,103.33023929595947,lightgbm,13
tech_obv_zscore_21,102.17266964912415,lightgbm,13
px_ret_2,94.05006980895996,lightgbm,13
vol_qv_median_ratio_63,91.82769060134888,lightgbm,13
xa_corr_ref_30,88.17910981178284,lightgbm,13
px_ret_kurt_21,85.04881882667542,lightgbm,13
px_dist_min_63,84.48171925544739,lightgbm,13
vol_taker_buy_ratio,80.6607894897461,lightgbm,13
aux_adractcnt_chg_7,76.31175899505615,lightgbm,13
xa_rel_strength_7,75.0831995010376,lightgbm,13
px_ret_3,74.67117977142334,lightgbm,13
px_cumret_90,74.29883098602295,lightgbm,13
tech_macd_signal_norm,72.4076099395752,lightgbm,13
tech_macd_line_norm,69.80463933944702,lightgbm,13
px_dist_max_21,69.16802167892456,lightgbm,13
px_ret_mean_63,64.10177946090698,lightgbm,13
rng_tr_norm,60.91729149222374,lightgbm,13
px_dist_max_63,59.8293719291687,lightgbm,13
tech_macd_hist_norm,57.756778955459595,lightgbm,13
vol_taker_buy_ratio_dev,52.243730545043945,lightgbm,13
cal_moy_cos,49.536590337753296,lightgbm,13
px_cumret_7,48.6483678817749,lightgbm,13
aux_splycur_z63,48.4841411113739,lightgbm,13
vol_log1p_volume,46.5931191444397,lightgbm,13
tech_bb_pos_20,46.507490158081055,lightgbm,13
xa_excess_ret_lag1,44.654719829559326,lightgbm,13
tech_rsi_14,44.04191017150879,lightgbm,13
px_ret_mean_5,43.40300893783569,lightgbm,13
xa_rel_strength_30,40.78287982940674,lightgbm,13
aux_txcnt_chg_7,39.7711501121521,lightgbm,13
px_dist_min_21,36.499459743499756,lightgbm,13
px_ret_10,35.49088001251221,lightgbm,13
px_ret_kurt_63,34.99595928192139,lightgbm,13
rng_intraday,33.411319732666016,lightgbm,13
px_ret_mean_21,29.877570152282715,lightgbm,13
px_ret_std_10,28.510900497436523,lightgbm,13
rng_parkinson_21,28.079710006713867,lightgbm,13
tech_stoch_k_14,24.656850576400757,lightgbm,13
px_ret_mean_10,23.566299438476562,lightgbm,13
px_ret_std_21,22.520750045776367,lightgbm,13
rng_parkinson_5,22.320900559425354,lightgbm,13
vol_zscore_21,21.94350004196167,lightgbm,13
tech_stoch_d_14,20.510120391845703,lightgbm,13
px_ret_5,18.637019634246826,lightgbm,13
rng_garman_klass_21,17.855499744415283,lightgbm,13
rng_garman_klass_5,15.016030192375183,lightgbm,13
cal_is_weekend,13.53689956665039,lightgbm,13
xa_corr_ref_90,9.89053988456726,lightgbm,13
aux_adractcnt_z63,9.866220474243164,lightgbm,13
vol_ret_corr_21,4.392353132367134,lightgbm,13
xa_rank_ret_lag1,0.0,lightgbm,13
xa_market_dispersion,592.6200277805328,lightgbm,13
rng_close_position,562.6491746902466,lightgbm,13
px_ret_1,511.97944355010986,lightgbm,13
cal_dom_cos,466.80467903614044,lightgbm,13
xa_market_ret_lag1,364.8724613189697,lightgbm,13
xa_ref_ret_mean_5,307.39023876190186,lightgbm,13
cal_dom_sin,296.78890919685364,lightgbm,13
xa_ref_ret_lag2,278.90147066116333,lightgbm,13
aux_fng,277.45415782928467,lightgbm,13
xa_market_ret_mean_5,248.36248016357422,lightgbm,13
cal_dow_cos,212.3105001449585,lightgbm,13
xa_ref_ret_lag1,203.28325867652893,lightgbm,13
aux_splycur_chg_7,164.4160599708557,lightgbm,13
aux_fng_chg_7,154.0351402759552,lightgbm,13
aux_fng_z_63,151.36936950683594,lightgbm,13
px_ret_std_5,144.67589950561523,lightgbm,13
xa_ref_vol_21,144.62421011924744,lightgbm,13
rng_cc_parkinson_ratio_21,143.04768133163452,lightgbm,13
px_ret_skew_63,132.71572184562683,lightgbm,13
cal_dow_sin,123.53770971298218,lightgbm,13
px_cumret_90,112.08959186077118,lightgbm,13
tech_macd_line_norm,97.6513786315918,lightgbm,13
vol_trades_zscore_21,93.35152053833008,lightgbm,13
px_cumret_30,92.35593032836914,lightgbm,13
aux_txcnt_z63,90.71571016311646,lightgbm,13
px_ret_mean_63,82.33379030227661,lightgbm,13
vol_zscore_21,79.57114934921265,lightgbm,13
xa_corr_ref_30,66.595290184021,lightgbm,13
vol_taker_buy_ratio,65.22479009628296,lightgbm,13
px_ret_10,63.806899070739746,lightgbm,13
px_ret_2,63.33993911743164,lightgbm,13
rng_atr_14_norm,59.71669960021973,lightgbm,13
px_dist_max_21,56.866779088974,lightgbm,13
vol_taker_buy_ratio_mean_7,54.94816875457764,lightgbm,13
px_ret_std_63,54.444090843200684,lightgbm,13
rng_tr_norm,52.64475965499878,lightgbm,13
aux_splycur_z63,52.259690284729004,lightgbm,13
tech_macd_signal_norm,50.27729034423828,lightgbm,13
cal_moy_sin,47.7265100479126,lightgbm,13
px_ret_skew_21,45.13412952423096,lightgbm,13
px_ret_kurt_21,44.81493055820465,lightgbm,13
px_dist_max_63,43.92507076263428,lightgbm,13
tech_obv_zscore_21,43.40744924545288,lightgbm,13
cal_moy_cos,41.25695991516113,lightgbm,13
px_ret_3,40.4319806098938,lightgbm,13
px_ret_mean_21,39.77126979827881,lightgbm,13
xa_rel_strength_30,39.292460441589355,lightgbm,13
px_ret_5,38.74029064178467,lightgbm,13
vol_qv_median_ratio_63,35.71789050102234,lightgbm,13
vol_log1p_volume,34.88631987571716,lightgbm,13
vol_taker_buy_ratio_dev,34.30412006378174,lightgbm,13
tech_stoch_k_14,34.22668957710266,lightgbm,13
vol_ret_corr_21,32.272409439086914,lightgbm,13
rng_parkinson_5,31.06633996963501,lightgbm,13
tech_rsi_14,30.875699996948242,lightgbm,13
xa_corr_ref_90,28.821969985961914,lightgbm,13
xa_excess_ret_lag1,25.949710369110107,lightgbm,13
px_dist_min_21,24.983539581298828,lightgbm,13
px_ret_21,22.55677032470703,lightgbm,13
rng_intraday,22.413910388946533,lightgbm,13
aux_adractcnt_z63,21.43462038040161,lightgbm,13
rng_garman_klass_21,20.835269927978516,lightgbm,13
tech_macd_hist_norm,17.59234046936035,lightgbm,13
px_cumret_7,16.379130363464355,lightgbm,13
xa_rel_strength_7,15.06011962890625,lightgbm,13
tech_bb_pos_20,14.561100006103516,lightgbm,13
rng_parkinson_21,14.123010158538818,lightgbm,13
vol_log1p_quote_volume,13.137800216674805,lightgbm,13
px_ret_kurt_63,11.062818869948387,lightgbm,13
px_dist_min_63,10.293299674987793,lightgbm,13
px_ret_std_10,7.302239894866943,lightgbm,13
tech_stoch_d_14,6.703289985656738,lightgbm,13
rng_garman_klass_5,6.513949871063232,lightgbm,13
px_ret_std_21,5.1328301429748535,lightgbm,13
aux_txcnt_chg_7,3.343869924545288,lightgbm,13
px_ret_mean_5,0.0,lightgbm,13
px_ret_mean_10,0.0,lightgbm,13
xa_rank_ret_lag1,0.0,lightgbm,13
cal_is_weekend,0.0,lightgbm,13
aux_adractcnt_chg_7,0.0,lightgbm,13
rng_close_position,0.06858159046376303,ridge,14
px_ret_1,0.051816141051471344,ridge,14
cal_dom_cos,0.05109618832323509,ridge,14
xa_ref_ret_lag2,0.03913206728929654,ridge,14
aux_fng,0.03890671958375042,ridge,14
cal_is_weekend,0.035861944965402286,ridge,14
aux_splycur_chg_7,0.03567683489043039,ridge,14
px_ret_skew_21,0.03338418702912633,ridge,14
cal_dow_sin,0.03294707736042971,ridge,14
cal_dow_cos,0.03162631616598878,ridge,14
xa_market_dispersion,0.029909033100790315,ridge,14
vol_taker_buy_ratio_mean_7,0.02743159205004963,ridge,14
px_ret_kurt_63,0.026038183028612633,ridge,14
rng_tr_norm,0.020317392503027706,ridge,14
xa_ref_vol_21,0.020262919352122558,ridge,14
xa_ref_ret_lag1,0.01968923113564213,ridge,14
aux_txcnt_z63,0.019447443464784855,ridge,14
px_ret_kurt_21,0.019401256355715296,ridge,14
xa_rel_strength_7,0.0189645908957193,ridge,14
rng_intraday,0.018071344514474685,ridge,14
px_ret_mean_21,0.017797457252718144,ridge,14
px_ret_21,0.017797457252718137,ridge,14
tech_macd_hist_norm,0.017759008917684685,ridge,14
px_ret_skew_63,0.017753754864893185,ridge,14
rng_garman_klass_5,0.01754859224544872,ridge,14
px_ret_2,0.016893825841097436,ridge,14
vol_log1p_quote_volume,0.016755071323767624,ridge,14
rng_atr_14_norm,0.016673854135376878,ridge,14
px_cumret_30,0.016420918754991222,ridge,14
cal_dom_sin,0.015505217852758943,ridge,14
px_dist_max_21,0.014960702177772777,ridge,14
aux_fng_chg_7,0.014645640395851483,ridge,14
vol_log1p_volume,0.01318803622336667,ridge,14
xa_market_ret_lag1,0.011610751165978062,ridge,14
aux_splycur_z63,0.010963858816926722,ridge,14
px_ret_5,0.010819873942218864,ridge,14
px_ret_mean_5,0.010819873942218857,ridge,14
rng_parkinson_5,0.01052745670965547,ridge,14
vol_ret_corr_21,0.010350444309824599,ridge,14
px_ret_3,0.010161878927890307,ridge,14
rng_cc_parkinson_ratio_21,0.009830647901553009,ridge,14
tech_stoch_k_14,0.009814606750642482,ridge,14
vol_zscore_21,0.009670508322208752,ridge,14
xa_rel_strength_30,0.009520623124349604,ridge,14
tech_macd_line_norm,0.009150488727415034,ridge,14
px_cumret_90,0.008850673258048392,ridge,14
rng_garman_klass_21,0.008502287327559942,ridge,14
cal_moy_sin,0.008364219227107119,ridge,14
aux_fng_z_63,0.007076461603272471,ridge,14
vol_trades_zscore_21,0.0068429180037835186,ridge,14
px_ret_std_5,0.006620332704836791,ridge,14
tech_macd_signal_norm,0.006544202244786327,ridge,14
px_dist_min_21,0.006506928442492077,ridge,14
xa_corr_ref_90,0.005922282559066277,ridge,14
rng_parkinson_21,0.005749972353509083,ridge,14
vol_qv_median_ratio_63,0.0057449134678274755,ridge,14
px_ret_mean_63,0.0054751122746915706,ridge,14
px_ret_std_10,0.005409083469692802,ridge,14
px_ret_10,0.005267008135153908,ridge,14
px_ret_mean_10,0.005267008135153894,ridge,14
aux_adractcnt_z63,0.004960691609199228,ridge,14
tech_bb_pos_20,0.004940439210885217,ridge,14
px_cumret_7,0.004813145036123981,ridge,14
aux_txcnt_chg_7,0.004233715648535896,ridge,14
px_ret_std_63,0.002929128729421783,ridge,14
vol_taker_buy_ratio,0.002575534377684114,ridge,14
vol_taker_buy_ratio_dev,0.002575534377684086,ridge,14
aux_adractcnt_chg_7,0.0025599876148889047,ridge,14
tech_stoch_d_14,0.0021176012675879546,ridge,14
xa_rank_ret_lag1,0.002064622892216777,ridge,14
cal_moy_cos,0.002063786452189915,ridge,14
xa_excess_ret_lag1,0.001865203123102251,ridge,14
xa_ref_ret_mean_5,0.0018141076568344591,ridge,14
px_dist_min_63,0.001728669423049799,ridge,14
px_ret_std_21,0.0010813663679811267,ridge,14
xa_market_ret_mean_5,0.0007266935326617607,ridge,14
tech_rsi_14,0.0006716963201338203,ridge,14
tech_obv_zscore_21,0.0005931169040938708,ridge,14
xa_corr_ref_30,0.0005386430177869306,ridge,14
px_dist_max_63,0.00037336200136122306,ridge,14
rng_close_position,601.2055222392082,lightgbm,14
xa_market_dispersion,586.6138861179352,lightgbm,14
px_ret_1,448.13721108436584,lightgbm,14
xa_market_ret_lag1,369.27889108657837,lightgbm,14
xa_ref_ret_lag2,328.0860688686371,lightgbm,14
cal_dom_cos,327.5224018096924,lightgbm,14
cal_dom_sin,296.8573508262634,lightgbm,14
cal_dow_cos,242.32523775100708,lightgbm,14
xa_ref_ret_lag1,240.77526903152466,lightgbm,14
aux_fng,201.91437149047852,lightgbm,14
px_ret_skew_63,153.34632921218872,lightgbm,14
aux_fng_z_63,139.63174104690552,lightgbm,14
xa_ref_vol_21,139.39414030313492,lightgbm,14
rng_cc_parkinson_ratio_21,134.62304677814245,lightgbm,14
px_ret_skew_21,122.56357979774475,lightgbm,14
xa_ref_ret_mean_5,121.45652055740356,lightgbm,14
px_ret_2,119.22188997268677,lightgbm,14
xa_market_ret_mean_5,117.88497018814087,lightgbm,14
aux_fng_chg_7,105.92023921012878,lightgbm,14
aux_splycur_chg_7,105.8615198135376,lightgbm,14
vol_qv_median_ratio_63,105.76439368724823,lightgbm,14
cal_dow_sin,104.0908899307251,lightgbm,14
tech_macd_signal_norm,89.95743942260742,lightgbm,14
vol_trades_zscore_21,87.75289011001587,lightgbm,14
aux_txcnt_chg_7,84.07123970985413,lightgbm,14
px_ret_21,80.54556918144226,lightgbm,14
px_dist_max_21,79.96773970127106,lightgbm,14
vol_taker_buy_ratio,69.32668924331665,lightgbm,14
px_ret_std_63,68.96451997756958,lightgbm,14
px_ret_std_5,64.51251006126404,lightgbm,14
tech_stoch_d_14,61.77182054519653,lightgbm,14
xa_corr_ref_90,61.236899852752686,lightgbm,14
px_ret_mean_63,59.802489280700684,lightgbm,14
rng_atr_14_norm,58.81746006011963,lightgbm,14
tech_macd_line_norm,58.65580940246582,lightgbm,14
xa_corr_ref_30,57.86649036407471,lightgbm,14
vol_ret_corr_21,54.322909116744995,lightgbm,14
tech_stoch_k_14,52.7065392434597,lightgbm,14
vol_taker_buy_ratio_mean_7,51.87124967575073,lightgbm,14
px_cumret_30,51.14975023269653,lightgbm,14
px_ret_std_10,50.650898933410645,lightgbm,14
px_ret_5,50.61298131942749,lightgbm,14
aux_txcnt_z63,48.4237003326416,lightgbm,14
xa_rel_strength_30,45.83410930633545,lightgbm,14
px_ret_kurt_21,44.73522996902466,lightgbm,14
vol_log1p_quote_volume,43.346500396728516,lightgbm,14
vol_taker_buy_ratio_dev,42.12629985809326,lightgbm,14
tech_macd_hist_norm,40.91499066352844,lightgbm,14
rng_parkinson_21,38.7708101272583,lightgbm,14
px_dist_max_63,35.39439058303833,lightgbm,14
tech_bb_pos_20,33.86910963058472,lightgbm,14
vol_zscore_21,28.774269819259644,lightgbm,14
px_ret_mean_5,24.495409965515137,lightgbm,14
tech_obv_zscore_21,23.519949555397034,lightgbm,14
vol_log1p_volume,22.708800315856934,lightgbm,14
px_ret_10,20.446739196777344,lightgbm,14
aux_adractcnt_z63,18.91019034385681,lightgbm,14
px_dist_min_63,18.24748992919922,lightgbm,14
px_cumret_7,17.721099853515625,lightgbm,14
cal_moy_cos,17.664429664611816,lightgbm,14
px_dist_min_21,16.940809726715088,lightgbm,14
tech_rsi_14,15.825580358505249,lightgbm,14
rng_parkinson_5,15.295390129089355,lightgbm,14
rng_intraday,15.223099708557129,lightgbm,14
px_cumret_90,15.204130172729492,lightgbm,14
cal_moy_sin,11.645400047302246,lightgbm,14
aux_splycur_z63,11.447529792785645,lightgbm,14
px_ret_mean_21,11.119999885559082,lightgbm,14
aux_adractcnt_chg_7,10.700499534606934,lightgbm,14
px_ret_3,10.663200378417969,lightgbm,14
rng_tr_norm,9.71218353509903,lightgbm,14
rng_garman_klass_21,7.534669876098633,lightgbm,14
xa_rel_strength_7,6.409599781036377,lightgbm,14
xa_excess_ret_lag1,4.431680202484131,lightgbm,14
px_ret_mean_10,0.0,lightgbm,14
px_ret_std_21,0.0,lightgbm,14
rng_garman_klass_5,0.0,lightgbm,14
px_ret_kurt_63,0.0,lightgbm,14
xa_rank_ret_lag1,0.0,lightgbm,14
cal_is_weekend,0.0,lightgbm,14
rng_close_position,614.5820460319519,lightgbm,14
xa_market_dispersion,568.6160488128662,lightgbm,14
px_ret_1,549.1855764389038,lightgbm,14
xa_market_ret_lag1,511.2680277824402,lightgbm,14
cal_dom_sin,375.6586720943451,lightgbm,14
xa_ref_ret_lag2,324.4264705181122,lightgbm,14
cal_dom_cos,278.50548934936523,lightgbm,14
aux_fng,272.3941798210144,lightgbm,14
xa_ref_ret_lag1,202.3698695898056,lightgbm,14
cal_dow_cos,188.00562953948975,lightgbm,14
px_ret_skew_63,170.7975697517395,lightgbm,14
xa_market_ret_mean_5,163.6500096321106,lightgbm,14
xa_ref_vol_21,150.1154602766037,lightgbm,14
aux_fng_chg_7,137.8327293395996,lightgbm,14
px_ret_2,131.22529911994934,lightgbm,14
rng_cc_parkinson_ratio_21,113.23061084747314,lightgbm,14
aux_splycur_chg_7,112.95053100585938,lightgbm,14
aux_fng_z_63,109.79958963394165,lightgbm,14
vol_qv_median_ratio_63,106.79008102416992,lightgbm,14
vol_taker_buy_ratio_mean_7,106.39054083824158,lightgbm,14
px_ret_std_63,99.67381048202515,lightgbm,14
cal_dow_sin,98.48749947547913,lightgbm,14
vol_trades_zscore_21,97.36613082885742,lightgbm,14
xa_ref_ret_mean_5,93.97070074081421,lightgbm,14
px_dist_max_63,83.50919961929321,lightgbm,14
px_ret_std_5,82.21752035617828,lightgbm,14
px_cumret_30,82.09016036987305,lightgbm,14
px_ret_mean_63,77.70141077041626,lightgbm,14
tech_macd_line_norm,75.42349910736084,lightgbm,14
px_ret_21,74.62207984924316,lightgbm,14
px_cumret_90,64.24816083908081,lightgbm,14
aux_txcnt_z63,61.607890129089355,lightgbm,14
rng_tr_norm,55.22900104522705,lightgbm,14
px_ret_skew_21,54.79098033905029,lightgbm,14
tech_stoch_k_14,54.03915023803711,lightgbm,14
px_dist_min_63,50.44986009597778,lightgbm,14
tech_bb_pos_20,49.2734899520874,lightgbm,14
xa_corr_ref_90,48.974560499191284,lightgbm,14
vol_taker_buy_ratio,47.68110132217407,lightgbm,14
tech_macd_signal_norm,44.55708980560303,lightgbm,14
vol_ret_corr_21,43.90672016143799,lightgbm,14
px_ret_mean_10,39.452449798583984,lightgbm,14
cal_moy_sin,35.55227041244507,lightgbm,14
px_dist_max_21,33.353010177612305,lightgbm,14
aux_txcnt_chg_7,31.529350757598877,lightgbm,14
px_ret_kurt_63,31.347849369049072,lightgbm,14
tech_macd_hist_norm,30.612523078918457,lightgbm,14
aux_adractcnt_z63,29.70998966693878,lightgbm,14
rng_atr_14_norm,29.371800422668457,lightgbm,14
rng_intraday,28.637510299682617,lightgbm,14
vol_taker_buy_ratio_dev,27.246010184288025,lightgbm,14
aux_splycur_z63,27.082629919052124,lightgbm,14
px_ret_std_10,26.977709770202637,lightgbm,14
px_ret_3,25.717480182647705,lightgbm,14
xa_excess_ret_lag1,25.42438054084778,lightgbm,14
px_ret_kurt_21,24.990259885787964,lightgbm,14
rng_garman_klass_21,20.463160634040833,lightgbm,14
px_ret_std_21,19.196430683135986,lightgbm,14
px_ret_10,18.79859075229615,lightgbm,14
xa_corr_ref_30,16.02963948249817,lightgbm,14
px_dist_min_21,15.272389888763428,lightgbm,14
vol_log1p_quote_volume,14.777710437774658,lightgbm,14
xa_rel_strength_7,13.31428986787796,lightgbm,14
aux_adractcnt_chg_7,11.882888436317444,lightgbm,14
rng_garman_klass_5,11.140609741210938,lightgbm,14
vol_zscore_21,10.808409690856934,lightgbm,14
rng_parkinson_21,9.949319839477539,lightgbm,14
xa_rel_strength_30,9.780550003051758,lightgbm,14
cal_moy_cos,8.17803955078125,lightgbm,14
rng_parkinson_5,7.007130146026611,lightgbm,14
px_ret_mean_5,6.6910600662231445,lightgbm,14
vol_log1p_volume,4.322159767150879,lightgbm,14
px_ret_5,1.5718400478363037,lightgbm,14
px_ret_mean_21,0.0,lightgbm,14
tech_rsi_14,0.0,lightgbm,14
px_cumret_7,0.0,lightgbm,14
xa_rank_ret_lag1,0.0,lightgbm,14
tech_stoch_d_14,0.0,lightgbm,14
tech_obv_zscore_21,0.0,lightgbm,14
cal_is_weekend,0.0,lightgbm,14
xa_market_dispersion,622.1274937391281,lightgbm,14
rng_close_position,602.0177493095398,lightgbm,14
xa_market_ret_lag1,532.1281599998474,lightgbm,14
px_ret_1,486.2617712020874,lightgbm,14
cal_dom_sin,375.56511926651,lightgbm,14
cal_dom_cos,274.9363808631897,lightgbm,14
xa_ref_ret_lag2,267.69060134887695,lightgbm,14
cal_dow_cos,229.93759882450104,lightgbm,14
aux_fng,222.9989309310913,lightgbm,14
xa_market_ret_mean_5,203.34420919418335,lightgbm,14
xa_ref_ret_lag1,202.30425786972046,lightgbm,14
aux_splycur_chg_7,148.05474042892456,lightgbm,14
xa_ref_vol_21,142.53659927845,lightgbm,14
px_ret_skew_63,142.11991119384766,lightgbm,14
rng_cc_parkinson_ratio_21,129.9881296157837,lightgbm,14
aux_fng_chg_7,114.79881024360657,lightgbm,14
px_cumret_90,111.63501220941544,lightgbm,14
px_ret_std_5,106.88406991958618,lightgbm,14
vol_qv_median_ratio_63,102.20790100097656,lightgbm,14
px_cumret_30,93.03903102874756,lightgbm,14
xa_ref_ret_mean_5,91.08172988891602,lightgbm,14
rng_atr_14_norm,86.20999836921692,lightgbm,14
tech_macd_line_norm,83.20074081420898,lightgbm,14
px_ret_std_63,75.56297063827515,lightgbm,14
vol_taker_buy_ratio_mean_7,73.52748107910156,lightgbm,14
vol_trades_zscore_21,70.55206060409546,lightgbm,14
aux_fng_z_63,66.16131925582886,lightgbm,14
cal_dow_sin,59.70528030395508,lightgbm,14
px_ret_2,58.92269992828369,lightgbm,14
aux_txcnt_z63,54.682969093322754,lightgbm,14
px_ret_std_10,53.041651248931885,lightgbm,14
px_dist_min_63,52.87721061706543,lightgbm,14
px_ret_mean_21,51.39154052734375,lightgbm,14
tech_macd_signal_norm,49.75596046447754,lightgbm,14
cal_moy_sin,47.9985294342041,lightgbm,14
px_ret_3,47.49434041976929,lightgbm,14
tech_stoch_k_14,45.17629909515381,lightgbm,14
vol_ret_corr_21,38.611307203769684,lightgbm,14
aux_txcnt_chg_7,35.07851004600525,lightgbm,14
vol_zscore_21,34.22107982635498,lightgbm,14
px_ret_kurt_63,33.98648929595947,lightgbm,14
px_ret_skew_21,33.84742021560669,lightgbm,14
px_ret_10,33.15913963317871,lightgbm,14
px_ret_21,33.030850410461426,lightgbm,14
vol_taker_buy_ratio_dev,33.018500328063965,lightgbm,14
xa_corr_ref_90,32.92209053039551,lightgbm,14
rng_garman_klass_21,30.452799797058105,lightgbm,14
xa_rel_strength_7,30.00817084312439,lightgbm,14
rng_tr_norm,28.911959648132324,lightgbm,14
xa_corr_ref_30,28.83329963684082,lightgbm,14
aux_splycur_z63,28.646060347557068,lightgbm,14
aux_adractcnt_z63,26.206270217895508,lightgbm,14
tech_macd_hist_norm,24.259379386901855,lightgbm,14
vol_taker_buy_ratio,24.11910057067871,lightgbm,14
tech_bb_pos_20,23.964409828186035,lightgbm,14
px_ret_mean_10,23.61400032043457,lightgbm,14
px_ret_kurt_21,23.403599739074707,lightgbm,14
rng_parkinson_21,21.73445987701416,lightgbm,14
vol_log1p_volume,21.07716989517212,lightgbm,14
rng_intraday,17.841660022735596,lightgbm,14
tech_obv_zscore_21,17.686350345611572,lightgbm,14
px_ret_5,17.23942995071411,lightgbm,14
xa_excess_ret_lag1,16.79176950454712,lightgbm,14
rng_garman_klass_5,15.005749702453613,lightgbm,14
aux_adractcnt_chg_7,14.3448126912117,lightgbm,14
rng_parkinson_5,14.26259994506836,lightgbm,14
px_dist_max_63,13.024399518966675,lightgbm,14
px_ret_mean_63,11.78950023651123,lightgbm,14
tech_rsi_14,11.182299613952637,lightgbm,14
px_cumret_7,10.993800163269043,lightgbm,14
vol_log1p_quote_volume,8.845499992370605,lightgbm,14
xa_rel_strength_30,7.901810169219971,lightgbm,14
px_dist_min_21,7.490630149841309,lightgbm,14
tech_stoch_d_14,7.48960018157959,lightgbm,14
px_ret_std_21,6.81466007232666,lightgbm,14
px_dist_max_21,3.850399971008301,lightgbm,14
px_ret_mean_5,0.0,lightgbm,14
xa_rank_ret_lag1,0.0,lightgbm,14
cal_is_weekend,0.0,lightgbm,14
cal_moy_cos,0.0,lightgbm,14
xa_market_dispersion,629.8701372146606,lightgbm,14
rng_close_position,618.5776615142822,lightgbm,14
xa_market_ret_lag1,451.3460593223572,lightgbm,14
px_ret_1,447.5209815502167,lightgbm,14
xa_ref_ret_lag2,333.76395058631897,lightgbm,14
cal_dom_sin,294.5590224266052,lightgbm,14
cal_dom_cos,278.18817007541656,lightgbm,14
cal_dow_cos,200.27446031570435,lightgbm,14
aux_fng,181.61160135269165,lightgbm,14
xa_market_ret_mean_5,177.90668082237244,lightgbm,14
xa_ref_vol_21,174.4177549779415,lightgbm,14
xa_ref_ret_mean_5,172.02989292144775,lightgbm,14
aux_fng_chg_7,153.80655920505524,lightgbm,14
cal_dow_sin,131.60399103164673,lightgbm,14
rng_cc_parkinson_ratio_21,121.43751001358032,lightgbm,14
aux_splycur_chg_7,114.41772127151489,lightgbm,14
xa_ref_ret_lag1,109.55114936828613,lightgbm,14
px_ret_2,105.57131910324097,lightgbm,14
vol_trades_zscore_21,103.51547956466675,lightgbm,14
aux_fng_z_63,97.48940896987915,lightgbm,14
vol_qv_median_ratio_63,95.96979999542236,lightgbm,14
px_ret_skew_63,93.45096015930176,lightgbm,14
px_cumret_30,84.99006938934326,lightgbm,14
px_ret_21,77.20984077453613,lightgbm,14
vol_taker_buy_ratio,74.96369981765747,lightgbm,14
px_ret_skew_21,74.87449771165848,lightgbm,14
aux_txcnt_chg_7,69.68862009048462,lightgbm,14
px_ret_std_63,67.71086025238037,lightgbm,14
vol_zscore_21,66.65870141983032,lightgbm,14
px_dist_min_63,64.78428053855896,lightgbm,14
px_ret_mean_63,64.60506868362427,lightgbm,14
tech_macd_line_norm,57.903971672058105,lightgbm,14
tech_macd_signal_norm,46.34653043746948,lightgbm,14
vol_taker_buy_ratio_mean_7,46.10776960849762,lightgbm,14
px_ret_5,45.14649963378906,lightgbm,14
px_cumret_7,42.8069109916687,lightgbm,14
px_ret_10,41.80359125137329,lightgbm,14
rng_atr_14_norm,40.863489389419556,lightgbm,14
tech_macd_hist_norm,38.71818971633911,lightgbm,14
px_dist_min_21,37.053680419921875,lightgbm,14
px_ret_kurt_21,33.943130016326904,lightgbm,14
px_cumret_90,32.7850399017334,lightgbm,14
aux_splycur_z63,28.252220153808594,lightgbm,14
vol_log1p_quote_volume,27.266689777374268,lightgbm,14
xa_excess_ret_lag1,26.659550189971924,lightgbm,14
px_ret_std_10,25.39498996734619,lightgbm,14
vol_ret_corr_21,24.403577506542206,lightgbm,14
px_dist_max_63,24.08336067199707,lightgbm,14
tech_stoch_d_14,23.64514923095703,lightgbm,14
rng_parkinson_21,22.41215991973877,lightgbm,14
px_ret_3,22.169989585876465,lightgbm,14
cal_moy_cos,22.08493995666504,lightgbm,14
px_ret_mean_5,21.489200115203857,lightgbm,14
tech_obv_zscore_21,20.71983003616333,lightgbm,14
aux_txcnt_z63,20.524959564208984,lightgbm,14
xa_corr_ref_30,20.410069942474365,lightgbm,14
aux_adractcnt_z63,19.362740516662598,lightgbm,14
px_dist_max_21,18.606139540672302,lightgbm,14
px_ret_std_5,18.05372953414917,lightgbm,14
rng_tr_norm,17.46830987930298,lightgbm,14
px_ret_mean_10,17.46584987640381,lightgbm,14
cal_moy_sin,15.602459907531738,lightgbm,14
tech_stoch_k_14,14.82699966430664,lightgbm,14
px_ret_kurt_63,14.118070602416992,lightgbm,14
vol_log1p_volume,13.601799964904785,lightgbm,14
tech_bb_pos_20,13.16189956665039,lightgbm,14
rng_parkinson_5,11.982079982757568,lightgbm,14
rng_garman_klass_5,11.598099708557129,lightgbm,14
tech_rsi_14,9.799449920654297,lightgbm,14
rng_intraday,9.503350257873535,lightgbm,14
cal_is_weekend,9.365180015563965,lightgbm,14
xa_corr_ref_90,9.144980430603027,lightgbm,14
xa_rel_strength_30,8.248220443725586,lightgbm,14
rng_garman_klass_21,5.123690128326416,lightgbm,14
px_ret_std_21,2.2177000045776367,lightgbm,14
px_ret_mean_21,0.0,lightgbm,14
vol_taker_buy_ratio_dev,0.0,lightgbm,14
xa_rank_ret_lag1,0.0,lightgbm,14
xa_rel_strength_7,0.0,lightgbm,14
aux_adractcnt_chg_7,0.0,lightgbm,14
xa_market_dispersion,662.88753297925,lightgbm,14
rng_close_position,606.8401905298233,lightgbm,14
xa_market_ret_lag1,438.0667996406555,lightgbm,14
px_ret_1,409.06887578964233,lightgbm,14
xa_ref_ret_lag2,350.43958044052124,lightgbm,14
cal_dom_cos,335.14150404930115,lightgbm,14
cal_dom_sin,283.7467141151428,lightgbm,14
xa_ref_ret_mean_5,224.81095123291016,lightgbm,14
aux_fng,212.60040950775146,lightgbm,14
xa_ref_vol_21,207.12432956695557,lightgbm,14
xa_market_ret_mean_5,173.93468856811523,lightgbm,14
xa_ref_ret_lag1,165.76147079467773,lightgbm,14
cal_dow_cos,156.40654051303864,lightgbm,14
rng_cc_parkinson_ratio_21,134.38196802139282,lightgbm,14
aux_fng_chg_7,128.3927321434021,lightgbm,14
tech_macd_line_norm,126.45782113075256,lightgbm,14
px_cumret_30,124.07308053970337,lightgbm,14
px_ret_skew_63,109.93030166625977,lightgbm,14
vol_taker_buy_ratio_mean_7,104.85953903198242,lightgbm,14
aux_splycur_chg_7,96.2085292339325,lightgbm,14
cal_dow_sin,93.39750981330872,lightgbm,14
px_ret_std_63,91.54060935974121,lightgbm,14
px_dist_min_63,89.99895000457764,lightgbm,14
aux_fng_z_63,85.37952995300293,lightgbm,14
px_ret_21,76.93181943893433,lightgbm,14
vol_trades_zscore_21,72.4336998462677,lightgbm,14
px_ret_std_5,68.21466970443726,lightgbm,14
px_ret_2,66.0929307937622,lightgbm,14
px_ret_skew_21,61.84995925426483,lightgbm,14
xa_corr_ref_90,60.19347047805786,lightgbm,14
px_ret_mean_63,56.279019832611084,lightgbm,14
vol_qv_median_ratio_63,55.767839670181274,lightgbm,14
tech_macd_signal_norm,55.01787042617798,lightgbm,14
aux_txcnt_z63,50.73008966445923,lightgbm,14
px_cumret_90,45.46076059341431,lightgbm,14
tech_stoch_d_14,45.02240991592407,lightgbm,14
aux_splycur_z63,40.07273006439209,lightgbm,14
px_ret_5,39.97698974609375,lightgbm,14
px_ret_kurt_63,39.26863980293274,lightgbm,14
xa_corr_ref_30,38.640499114990234,lightgbm,14
px_ret_10,38.453739643096924,lightgbm,14
px_dist_max_63,36.9098801612854,lightgbm,14
vol_zscore_21,35.076650619506836,lightgbm,14
tech_rsi_14,34.06224012374878,lightgbm,14
aux_adractcnt_chg_7,29.94891929626465,lightgbm,14
aux_txcnt_chg_7,29.45044994354248,lightgbm,14
px_cumret_7,28.3151992559433,lightgbm,14
vol_taker_buy_ratio_dev,25.487000465393066,lightgbm,14
rng_parkinson_21,24.222200393676758,lightgbm,14
vol_taker_buy_ratio,23.24457025527954,lightgbm,14
tech_bb_pos_20,22.247569799423218,lightgbm,14
tech_macd_hist_norm,22.136099576950073,lightgbm,14
px_dist_min_21,21.797889947891235,lightgbm,14
rng_atr_14_norm,20.269529819488525,lightgbm,14
px_dist_max_21,19.37143063545227,lightgbm,14
xa_rel_strength_30,18.32923984527588,lightgbm,14
cal_moy_cos,15.734569549560547,lightgbm,14
xa_excess_ret_lag1,15.578239917755127,lightgbm,14
px_ret_std_21,14.954150199890137,lightgbm,14
px_ret_mean_10,14.86205005645752,lightgbm,14
rng_garman_klass_21,14.446900367736816,lightgbm,14
rng_garman_klass_5,13.40477991104126,lightgbm,14
tech_stoch_k_14,12.762389659881592,lightgbm,14
vol_log1p_volume,12.692140102386475,lightgbm,14
px_ret_kurt_21,9.957369804382324,lightgbm,14
xa_rel_strength_7,8.812859535217285,lightgbm,14
px_ret_3,8.376409530639648,lightgbm,14
rng_tr_norm,8.164370059967041,lightgbm,14
rng_parkinson_5,7.688799858093262,lightgbm,14
cal_moy_sin,3.6541500091552734,lightgbm,14
aux_adractcnt_z63,2.856369972229004,lightgbm,14
px_ret_std_10,1.1405400037765503,lightgbm,14
vol_log1p_quote_volume,0.47128599882125854,lightgbm,14
px_ret_mean_5,0.0,lightgbm,14
px_ret_mean_21,0.0,lightgbm,14
vol_ret_corr_21,0.0,lightgbm,14
rng_intraday,0.0,lightgbm,14
tech_obv_zscore_21,0.0,lightgbm,14
xa_rank_ret_lag1,0.0,lightgbm,14
cal_is_weekend,0.0,lightgbm,14
rng_close_position,0.06109706764719612,ridge,15
px_ret_1,0.05529774149076172,ridge,15
cal_dom_cos,0.047867814026597934,ridge,15
aux_fng,0.044835995259099586,ridge,15
cal_dow_cos,0.03643669745414671,ridge,15
cal_dow_sin,0.03616528059227141,ridge,15
cal_is_weekend,0.03491887019475334,ridge,15
xa_ref_ret_lag2,0.03448472839793382,ridge,15
aux_splycur_chg_7,0.03315888155649685,ridge,15
xa_market_dispersion,0.03209716386965112,ridge,15
px_ret_skew_21,0.03123266755960054,ridge,15
px_ret_kurt_63,0.02872867974780094,ridge,15
xa_rel_strength_7,0.028371838323458246,ridge,15
aux_txcnt_z63,0.025498473117404594,ridge,15
vol_taker_buy_ratio_mean_7,0.02497757890183969,ridge,15
xa_ref_ret_lag1,0.024739642172099677,ridge,15
tech_macd_hist_norm,0.022644994540768668,ridge,15
xa_market_ret_lag1,0.022038885795723485,ridge,15
xa_ref_vol_21,0.02099465654195923,ridge,15
px_ret_skew_63,0.020504997664326383,ridge,15
aux_fng_chg_7,0.020125185421147607,ridge,15
px_ret_21,0.018517851007690746,ridge,15
px_ret_mean_21,0.018517851007690735,ridge,15
rng_atr_14_norm,0.0182337579545858,ridge,15
cal_dom_sin,0.017547226541312713,ridge,15
rng_tr_norm,0.017533533846576688,ridge,15
px_ret_kurt_21,0.017117767509873313,ridge,15
vol_ret_corr_21,0.01648696653061217,ridge,15
tech_stoch_k_14,0.01509265066411405,ridge,15
rng_intraday,0.014905625414436694,ridge,15
px_cumret_30,0.014301769278237446,ridge,15
rng_garman_klass_5,0.014102364965602274,ridge,15
px_ret_2,0.013607436768640768,ridge,15
xa_rel_strength_30,0.013450502673975014,ridge,15
px_dist_max_21,0.012423801950871692,ridge,15
vol_log1p_quote_volume,0.011766580486979678,ridge,15
px_ret_5,0.011756316401611152,ridge,15
px_ret_mean_5,0.011756316401611141,ridge,15
px_ret_3,0.011347899447611672,ridge,15
px_ret_mean_63,0.01021839516397042,ridge,15
aux_fng_z_63,0.010136310362155933,ridge,15
px_ret_std_5,0.009966758569233505,ridge,15
vol_zscore_21,0.009852207362807766,ridge,15
vol_log1p_volume,0.009813194038105285,ridge,15
rng_cc_parkinson_ratio_21,0.009442393200003663,ridge,15
tech_macd_line_norm,0.00923018702851457,ridge,15
aux_splycur_z63,0.008844204915678876,ridge,15
px_cumret_7,0.00847773618138393,ridge,15
rng_garman_klass_21,0.008468909292641566,ridge,15
px_dist_min_21,0.008468214969257882,ridge,15
px_ret_10,0.008106200228817854,ridge,15
px_ret_mean_10,0.008106200228817854,ridge,15
px_cumret_90,0.00751578214826138,ridge,15
rng_parkinson_5,0.006889135273801169,ridge,15
cal_moy_cos,0.006323473743172939,ridge,15
xa_market_ret_mean_5,0.006318048900439454,ridge,15
xa_corr_ref_90,0.005990861916997424,ridge,15
rng_parkinson_21,0.005574157956302345,ridge,15
vol_trades_zscore_21,0.0055168271513143016,ridge,15
tech_macd_signal_norm,0.005432305337903889,ridge,15
px_ret_std_10,0.004956126131017636,ridge,15
tech_bb_pos_20,0.004732839435303988,ridge,15
cal_moy_sin,0.004222469963436338,ridge,15
aux_txcnt_chg_7,0.0036317036268983492,ridge,15
xa_ref_ret_mean_5,0.0035658172569338004,ridge,15
px_ret_std_63,0.0035040672723977086,ridge,15
px_dist_max_63,0.0027776867161806397,ridge,15
tech_obv_zscore_21,0.00251023239266802,ridge,15
xa_excess_ret_lag1,0.002330124398149182,ridge,15
vol_taker_buy_ratio_dev,0.002123095253863817,ridge,15
vol_taker_buy_ratio,0.0021230952538637713,ridge,15
aux_adractcnt_z63,0.0020709014559799764,ridge,15
tech_stoch_d_14,0.0016067970890870952,ridge,15
px_ret_std_21,0.001442797939597446,ridge,15
xa_corr_ref_30,0.001323460850967296,ridge,15
aux_adractcnt_chg_7,0.0011807971887344002,ridge,15
px_dist_min_63,0.000850834900333972,ridge,15
tech_rsi_14,0.0008022622225317696,ridge,15
vol_qv_median_ratio_63,0.0006523802886068007,ridge,15
xa_rank_ret_lag1,0.0006222382127137665,ridge,15
px_ret_1,460.81429958343506,lightgbm,15
xa_market_dispersion,435.50565814971924,lightgbm,15
rng_close_position,333.0679882764816,lightgbm,15
cal_dom_sin,303.0654046535492,lightgbm,15
cal_dom_cos,286.2473430633545,lightgbm,15
xa_market_ret_lag1,218.04079914093018,lightgbm,15
xa_market_ret_mean_5,198.98104763031006,lightgbm,15
xa_ref_ret_mean_5,170.69440937042236,lightgbm,15
xa_ref_ret_lag2,165.66991806030273,lightgbm,15
cal_dow_cos,160.57429027557373,lightgbm,15
aux_fng,157.91420888900757,lightgbm,15
xa_ref_vol_21,150.73443984985352,lightgbm,15
px_ret_std_5,137.27458095550537,lightgbm,15
vol_trades_zscore_21,130.38611936569214,lightgbm,15
aux_fng_z_63,122.59473896026611,lightgbm,15
aux_fng_chg_7,111.97261071205139,lightgbm,15
px_ret_skew_63,86.64805102348328,lightgbm,15
aux_splycur_chg_7,84.74907064437866,lightgbm,15
rng_cc_parkinson_ratio_21,84.46116971969604,lightgbm,15
px_ret_skew_21,83.62394046783447,lightgbm,15
px_ret_10,83.48435020446777,lightgbm,15
xa_ref_ret_lag1,83.03223991394043,lightgbm,15
px_ret_std_63,69.02021980285645,lightgbm,15
px_ret_3,60.18170166015625,lightgbm,15
xa_corr_ref_30,59.284849643707275,lightgbm,15
tech_macd_signal_norm,58.119648933410645,lightgbm,15
vol_taker_buy_ratio_mean_7,53.892990589141846,lightgbm,15
cal_dow_sin,51.68475949764252,lightgbm,15
tech_macd_line_norm,49.36717891693115,lightgbm,15
px_ret_mean_63,48.324739933013916,lightgbm,15
vol_qv_median_ratio_63,48.29461050033569,lightgbm,15
px_ret_21,46.585769176483154,lightgbm,15
rng_intraday,40.3346004486084,lightgbm,15
aux_txcnt_z63,40.04415023326874,lightgbm,15
px_ret_2,39.76287031173706,lightgbm,15
xa_rel_strength_7,39.76058077812195,lightgbm,15
px_dist_min_63,34.35099983215332,lightgbm,15
px_cumret_30,33.95709991455078,lightgbm,15
rng_parkinson_21,32.67260980606079,lightgbm,15
px_dist_min_21,32.20394039154053,lightgbm,15
tech_macd_hist_norm,32.126399993896484,lightgbm,15
vol_taker_buy_ratio,30.44381070137024,lightgbm,15
aux_adractcnt_chg_7,29.525649309158325,lightgbm,15
px_ret_kurt_21,29.100159645080566,lightgbm,15
tech_stoch_k_14,27.290770053863525,lightgbm,15
rng_atr_14_norm,25.073100090026855,lightgbm,15
px_ret_mean_10,24.956799507141113,lightgbm,15
xa_corr_ref_90,24.794559955596924,lightgbm,15
aux_splycur_z63,22.61875009536743,lightgbm,15
px_dist_max_63,20.864310264587402,lightgbm,15
px_ret_std_10,20.49978017807007,lightgbm,15
px_ret_mean_5,17.64808988571167,lightgbm,15
cal_moy_cos,16.996150016784668,lightgbm,15
rng_garman_klass_21,16.343299865722656,lightgbm,15
cal_moy_sin,16.035200119018555,lightgbm,15
vol_taker_buy_ratio_dev,13.982000350952148,lightgbm,15
vol_zscore_21,13.613110065460205,lightgbm,15
tech_stoch_d_14,11.933550357818604,lightgbm,15
xa_rel_strength_30,10.970199584960938,lightgbm,15
rng_parkinson_5,10.467390060424805,lightgbm,15
px_ret_kurt_63,9.4821195602417,lightgbm,15
px_cumret_90,9.424980163574219,lightgbm,15
vol_log1p_quote_volume,7.832359790802002,lightgbm,15
rng_tr_norm,6.274779796600342,lightgbm,15
xa_excess_ret_lag1,5.122429847717285,lightgbm,15
aux_txcnt_chg_7,4.981070041656494,lightgbm,15
tech_obv_zscore_21,3.977579951286316,lightgbm,15
px_dist_max_21,1.6146800518035889,lightgbm,15
vol_log1p_volume,1.5973299741744995,lightgbm,15
tech_bb_pos_20,1.4794700145721436,lightgbm,15
px_ret_5,0.0,lightgbm,15
px_ret_std_21,0.0,lightgbm,15
px_ret_mean_21,0.0,lightgbm,15
rng_garman_klass_5,0.0,lightgbm,15
vol_ret_corr_21,0.0,lightgbm,15
px_cumret_7,0.0,lightgbm,15
tech_rsi_14,0.0,lightgbm,15
xa_rank_ret_lag1,0.0,lightgbm,15
cal_is_weekend,0.0,lightgbm,15
aux_adractcnt_z63,0.0,lightgbm,15
xa_market_dispersion,667.822630405426,lightgbm,15
px_ret_1,574.461477637291,lightgbm,15
cal_dom_sin,514.0558414459229,lightgbm,15
rng_close_position,482.3171317577362,lightgbm,15
xa_market_ret_lag1,386.3285002708435,lightgbm,15
xa_market_ret_mean_5,364.1890163421631,lightgbm,15
aux_fng,293.51544284820557,lightgbm,15
cal_dow_cos,267.1921591758728,lightgbm,15
cal_dom_cos,259.73705673217773,lightgbm,15
xa_ref_ret_lag2,250.94006204605103,lightgbm,15
aux_fng_chg_7,210.63434958457947,lightgbm,15
aux_fng_z_63,200.87772130966187,lightgbm,15
px_ret_skew_63,168.29539132118225,lightgbm,15
xa_ref_ret_lag1,162.15412044525146,lightgbm,15
xa_ref_vol_21,142.53971886634827,lightgbm,15
px_ret_std_5,124.12116813659668,lightgbm,15
aux_txcnt_z63,120.6512885093689,lightgbm,15
xa_ref_ret_mean_5,116.17016839981079,lightgbm,15
px_cumret_30,109.17348909378052,lightgbm,15
vol_trades_zscore_21,107.37574195861816,lightgbm,15
px_ret_2,99.43631935119629,lightgbm,15
aux_splycur_chg_7,99.40603113174438,lightgbm,15
px_ret_3,97.35179996490479,lightgbm,15
rng_cc_parkinson_ratio_21,96.71827030181885,lightgbm,15
px_cumret_90,93.57921075820923,lightgbm,15
px_ret_std_63,93.39355850219727,lightgbm,15
px_ret_10,89.30780029296875,lightgbm,15
px_ret_21,88.9094295501709,lightgbm,15
vol_qv_median_ratio_63,84.38283911347389,lightgbm,15
tech_macd_line_norm,80.6367998123169,lightgbm,15
cal_moy_sin,79.28272223472595,lightgbm,15
px_dist_min_63,78.79210186004639,lightgbm,15
px_ret_skew_21,74.35656011104584,lightgbm,15
tech_obv_zscore_21,64.22291851043701,lightgbm,15
px_dist_min_21,60.225650787353516,lightgbm,15
px_ret_mean_63,56.55194044113159,lightgbm,15
xa_corr_ref_90,56.43816137313843,lightgbm,15
px_ret_mean_10,52.2018985748291,lightgbm,15
vol_ret_corr_21,50.50854904949665,lightgbm,15
rng_atr_14_norm,48.57264041900635,lightgbm,15
px_ret_std_21,44.622798919677734,lightgbm,15
aux_txcnt_chg_7,42.24913024902344,lightgbm,15
rng_tr_norm,41.42344903945923,lightgbm,15
tech_stoch_k_14,41.1097297668457,lightgbm,15
aux_splycur_z63,40.987289786338806,lightgbm,15
vol_zscore_21,40.699660539627075,lightgbm,15
vol_taker_buy_ratio_mean_7,39.18452024459839,lightgbm,15
cal_dow_sin,37.15207004547119,lightgbm,15
tech_macd_hist_norm,35.28489947319031,lightgbm,15
tech_rsi_14,33.620869636535645,lightgbm,15
vol_log1p_quote_volume,32.880380630493164,lightgbm,15
xa_rel_strength_7,31.977920293807983,lightgbm,15
rng_intraday,30.185619354248047,lightgbm,15
aux_adractcnt_z63,28.892330169677734,lightgbm,15
xa_excess_ret_lag1,27.723999977111816,lightgbm,15
tech_bb_pos_20,26.948570251464844,lightgbm,15
vol_taker_buy_ratio,26.064040064811707,lightgbm,15
px_ret_std_10,24.781899452209473,lightgbm,15
px_ret_kurt_63,22.25486969947815,lightgbm,15
xa_corr_ref_30,19.29368019104004,lightgbm,15
vol_log1p_volume,17.515069723129272,lightgbm,15
vol_taker_buy_ratio_dev,17.02433967590332,lightgbm,15
rng_garman_klass_5,14.824700355529785,lightgbm,15
px_ret_mean_5,10.126099586486816,lightgbm,15
px_ret_kurt_21,9.969770431518555,lightgbm,15
aux_adractcnt_chg_7,9.629650115966797,lightgbm,15
tech_macd_signal_norm,9.549050331115723,lightgbm,15
xa_rel_strength_30,9.425069808959961,lightgbm,15
rng_parkinson_5,9.233059883117676,lightgbm,15
rng_garman_klass_21,8.79986023902893,lightgbm,15
px_ret_mean_21,8.306059837341309,lightgbm,15
tech_stoch_d_14,6.052371025085449,lightgbm,15
px_dist_max_21,5.162011921405792,lightgbm,15
px_ret_5,3.067770004272461,lightgbm,15
px_dist_max_63,0.0,lightgbm,15
px_cumret_7,0.0,lightgbm,15
rng_parkinson_21,0.0,lightgbm,15
xa_rank_ret_lag1,0.0,lightgbm,15
cal_is_weekend,0.0,lightgbm,15
cal_moy_cos,0.0,lightgbm,15
xa_market_dispersion,794.1084492206573,lightgbm,15
rng_close_position,582.0173884630203,lightgbm,15
px_ret_1,561.9911684989929,lightgbm,15
cal_dom_sin,534.5586514472961,lightgbm,15
xa_market_ret_lag1,500.50009846687317,lightgbm,15
xa_market_ret_mean_5,440.2951183319092,lightgbm,15
xa_ref_ret_lag2,343.1813621520996,lightgbm,15
aux_fng,332.7426006793976,lightgbm,15
cal_dom_cos,322.28914999961853,lightgbm,15
cal_dow_cos,283.02418065071106,lightgbm,15
xa_ref_vol_21,232.925927400589,lightgbm,15
xa_ref_ret_lag1,228.0017499923706,lightgbm,15
aux_fng_chg_7,210.28244996070862,lightgbm,15
px_ret_skew_63,206.60372805595398,lightgbm,15
vol_trades_zscore_21,171.38643074035645,lightgbm,15
vol_qv_median_ratio_63,129.10956954956055,lightgbm,15
aux_fng_z_63,126.84137964248657,lightgbm,15
px_ret_std_5,124.34596967697144,lightgbm,15
aux_txcnt_z63,119.0897889137268,lightgbm,15
px_ret_21,111.3459997177124,lightgbm,15
px_cumret_90,108.48673129081726,lightgbm,15
px_ret_10,106.65326917171478,lightgbm,15
cal_dow_sin,97.45142984390259,lightgbm,15
xa_ref_ret_mean_5,97.33340883255005,lightgbm,15
tech_obv_zscore_21,96.93926000595093,lightgbm,15
px_cumret_30,94.76231169700623,lightgbm,15
vol_taker_buy_ratio_mean_7,91.67084121704102,lightgbm,15
px_ret_2,91.42675971984863,lightgbm,15
px_dist_min_63,88.77761936187744,lightgbm,15
aux_splycur_chg_7,86.62168025970459,lightgbm,15
tech_macd_signal_norm,78.85493898391724,lightgbm,15
px_ret_skew_21,78.73905992507935,lightgbm,15
vol_taker_buy_ratio,76.89210778474808,lightgbm,15
rng_cc_parkinson_ratio_21,75.16982793807983,lightgbm,15
tech_macd_line_norm,72.38269805908203,lightgbm,15
tech_bb_pos_20,69.40552091598511,lightgbm,15
vol_ret_corr_21,68.1371202468872,lightgbm,15
px_dist_min_21,67.24149942398071,lightgbm,15
xa_rel_strength_7,65.93331003189087,lightgbm,15
xa_corr_ref_30,60.68680000305176,lightgbm,15
rng_tr_norm,54.59804010391235,lightgbm,15
px_ret_std_10,51.27737045288086,lightgbm,15
vol_zscore_21,51.202799797058105,lightgbm,15
aux_txcnt_chg_7,48.539480209350586,lightgbm,15
px_ret_std_63,47.578200340270996,lightgbm,15
xa_rel_strength_30,47.04639005661011,lightgbm,15
px_dist_max_63,44.730560302734375,lightgbm,15
px_ret_std_21,42.716490745544434,lightgbm,15
tech_macd_hist_norm,41.2209997177124,lightgbm,15
px_ret_kurt_21,40.08922100067139,lightgbm,15
px_ret_mean_63,39.12650012969971,lightgbm,15
rng_parkinson_21,35.17179012298584,lightgbm,15
tech_rsi_14,35.087220191955566,lightgbm,15
px_ret_mean_21,29.842220306396484,lightgbm,15
vol_log1p_quote_volume,29.127110481262207,lightgbm,15
xa_corr_ref_90,27.322879791259766,lightgbm,15
tech_stoch_k_14,26.490660190582275,lightgbm,15
px_ret_3,25.449999809265137,lightgbm,15
cal_moy_sin,24.76260995864868,lightgbm,15
px_ret_mean_10,24.18528985977173,lightgbm,15
rng_atr_14_norm,23.682519912719727,lightgbm,15
xa_excess_ret_lag1,19.589660167694092,lightgbm,15
rng_garman_klass_21,18.800750255584717,lightgbm,15
px_dist_max_21,17.368099212646484,lightgbm,15
vol_taker_buy_ratio_dev,15.820500373840332,lightgbm,15
rng_intraday,14.577680110931396,lightgbm,15
px_ret_mean_5,14.430999755859375,lightgbm,15
rng_parkinson_5,13.979300022125244,lightgbm,15
px_ret_kurt_63,13.182460069656372,lightgbm,15
tech_stoch_d_14,13.010030031204224,lightgbm,15
px_ret_5,12.546540260314941,lightgbm,15
cal_is_weekend,11.954099655151367,lightgbm,15
cal_moy_cos,11.681900024414062,lightgbm,15
aux_splycur_z63,10.207630157470703,lightgbm,15
vol_log1p_volume,8.977120399475098,lightgbm,15
px_cumret_7,8.241350173950195,lightgbm,15
aux_adractcnt_chg_7,4.853839874267578,lightgbm,15
rng_garman_klass_5,0.0,lightgbm,15
xa_rank_ret_lag1,0.0,lightgbm,15
aux_adractcnt_z63,0.0,lightgbm,15
xa_market_dispersion,608.6922500133514,lightgbm,15
rng_close_position,545.4615617990494,lightgbm,15
cal_dom_sin,523.963859796524,lightgbm,15
px_ret_1,490.6209077835083,lightgbm,15
xa_market_ret_lag1,390.1087613105774,lightgbm,15
aux_fng,361.82387924194336,lightgbm,15
xa_market_ret_mean_5,339.8549098968506,lightgbm,15
cal_dom_cos,333.51122975349426,lightgbm,15
xa_ref_vol_21,272.81933879852295,lightgbm,15
aux_fng_z_63,254.87897157669067,lightgbm,15
xa_ref_ret_lag2,239.794819355011,lightgbm,15
cal_dow_cos,214.9607801437378,lightgbm,15
xa_ref_ret_lag1,207.8218502998352,lightgbm,15
px_ret_skew_63,181.3995201587677,lightgbm,15
aux_fng_chg_7,141.11677932739258,lightgbm,15
xa_ref_ret_mean_5,131.4213891029358,lightgbm,15
vol_trades_zscore_21,131.19200992584229,lightgbm,15
px_ret_std_5,129.31612062454224,lightgbm,15
px_ret_10,112.71966934204102,lightgbm,15
px_ret_21,98.14663934707642,lightgbm,15
vol_qv_median_ratio_63,97.03528994321823,lightgbm,15
px_ret_mean_63,92.99599123001099,lightgbm,15
px_cumret_30,87.57245945930481,lightgbm,15
rng_tr_norm,81.64174175262451,lightgbm,15
rng_cc_parkinson_ratio_21,81.15289974212646,lightgbm,15
px_ret_3,77.6703200340271,lightgbm,15
px_ret_skew_21,71.40759944915771,lightgbm,15
px_ret_std_63,70.84222888946533,lightgbm,15
aux_splycur_chg_7,68.5009388923645,lightgbm,15
rng_atr_14_norm,66.73195886611938,lightgbm,15
px_ret_2,66.52237033843994,lightgbm,15
px_dist_min_21,66.24818968772888,lightgbm,15
aux_txcnt_z63,61.14816951751709,lightgbm,15
tech_macd_signal_norm,60.43857955932617,lightgbm,15
cal_dow_sin,58.52253007888794,lightgbm,15
tech_macd_line_norm,56.9970006942749,lightgbm,15
vol_taker_buy_ratio_mean_7,56.59216070175171,lightgbm,15
vol_log1p_quote_volume,50.90083980560303,lightgbm,15
px_dist_min_63,49.779160499572754,lightgbm,15
xa_rel_strength_7,48.152100563049316,lightgbm,15
px_ret_mean_21,46.473039627075195,lightgbm,15
vol_taker_buy_ratio,45.72278964519501,lightgbm,15
tech_rsi_14,42.91430997848511,lightgbm,15
xa_corr_ref_30,42.29385995864868,lightgbm,15
px_ret_mean_10,41.30679988861084,lightgbm,15
px_ret_mean_5,39.61382007598877,lightgbm,15
aux_adractcnt_z63,38.481340408325195,lightgbm,15
px_ret_kurt_21,36.76115036010742,lightgbm,15
vol_ret_corr_21,33.98792028427124,lightgbm,15
px_ret_kurt_63,30.517770767211914,lightgbm,15
tech_bb_pos_20,29.339370250701904,lightgbm,15
xa_excess_ret_lag1,29.106379508972168,lightgbm,15
tech_obv_zscore_21,28.457780838012695,lightgbm,15
vol_zscore_21,26.72016954421997,lightgbm,15
px_dist_max_63,24.944600105285645,lightgbm,15
px_cumret_7,24.413209915161133,lightgbm,15
aux_splycur_z63,20.965569972991943,lightgbm,15
rng_garman_klass_21,18.95620024204254,lightgbm,15
rng_intraday,18.833599090576172,lightgbm,15
tech_stoch_k_14,18.64609980583191,lightgbm,15
rng_parkinson_5,18.127859592437744,lightgbm,15
vol_log1p_volume,17.903610229492188,lightgbm,15
xa_rel_strength_30,13.017000198364258,lightgbm,15
tech_macd_hist_norm,12.931099891662598,lightgbm,15
rng_parkinson_21,12.35569953918457,lightgbm,15
cal_moy_sin,10.41759967803955,lightgbm,15
rng_garman_klass_5,9.616649627685547,lightgbm,15
cal_moy_cos,8.85354995727539,lightgbm,15
aux_adractcnt_chg_7,8.823789596557617,lightgbm,15
tech_stoch_d_14,7.473189830780029,lightgbm,15
px_cumret_90,7.437099933624268,lightgbm,15
aux_txcnt_chg_7,7.343779921531677,lightgbm,15
px_ret_std_21,7.090819835662842,lightgbm,15
cal_is_weekend,5.795820236206055,lightgbm,15
px_ret_std_10,2.9820199012756348,lightgbm,15
px_ret_5,0.0,lightgbm,15
vol_taker_buy_ratio_dev,0.0,lightgbm,15
px_dist_max_21,0.0,lightgbm,15
xa_corr_ref_90,0.0,lightgbm,15
xa_rank_ret_lag1,0.0,lightgbm,15
xa_market_dispersion,708.2104341983795,lightgbm,15
rng_close_position,645.0359838008881,lightgbm,15
px_ret_1,537.424165725708,lightgbm,15
xa_market_ret_lag1,470.40206003189087,lightgbm,15
xa_market_ret_mean_5,446.69890117645264,lightgbm,15
cal_dom_sin,444.0532593727112,lightgbm,15
cal_dom_cos,387.2850489616394,lightgbm,15
xa_ref_ret_lag2,375.6284122467041,lightgbm,15
aux_fng,284.8033215999603,lightgbm,15
cal_dow_cos,263.7971189022064,lightgbm,15
aux_fng_z_63,263.56263959407806,lightgbm,15
xa_ref_ret_mean_5,231.2342391014099,lightgbm,15
px_ret_skew_63,203.83270978927612,lightgbm,15
aux_fng_chg_7,203.4037585258484,lightgbm,15
xa_ref_vol_21,195.96303009986877,lightgbm,15
xa_ref_ret_lag1,188.8948097229004,lightgbm,15
vol_trades_zscore_21,157.95882058143616,lightgbm,15
px_dist_min_63,147.15057134628296,lightgbm,15
aux_splycur_chg_7,119.02506923675537,lightgbm,15
cal_dow_sin,114.86965942382812,lightgbm,15
px_ret_std_5,112.62375926971436,lightgbm,15
vol_qv_median_ratio_63,111.11595058441162,lightgbm,15
px_cumret_30,106.47769951820374,lightgbm,15
px_ret_3,102.26397919654846,lightgbm,15
px_ret_10,98.25606966018677,lightgbm,15
vol_taker_buy_ratio_mean_7,92.86965847015381,lightgbm,15
px_ret_mean_63,92.16158103942871,lightgbm,15
xa_rel_strength_30,85.73816108703613,lightgbm,15
rng_cc_parkinson_ratio_21,85.71535921096802,lightgbm,15
rng_atr_14_norm,81.99939903616905,lightgbm,15
px_dist_min_21,80.58314895629883,lightgbm,15
px_cumret_90,79.98341035842896,lightgbm,15
px_ret_2,79.35250902175903,lightgbm,15
tech_macd_line_norm,75.09155941009521,lightgbm,15
tech_macd_hist_norm,74.99155044555664,lightgbm,15
aux_txcnt_chg_7,74.4697699546814,lightgbm,15
px_ret_21,65.90355968475342,lightgbm,15
xa_rel_strength_7,65.09958982467651,lightgbm,15
px_ret_skew_21,64.83918118476868,lightgbm,15
px_ret_kurt_21,64.58563041687012,lightgbm,15
rng_tr_norm,61.28190088272095,lightgbm,15
vol_ret_corr_21,54.811540365219116,lightgbm,15
aux_txcnt_z63,52.65517997741699,lightgbm,15
tech_bb_pos_20,51.45646905899048,lightgbm,15
px_ret_5,51.165480613708496,lightgbm,15
px_ret_mean_10,48.882259368896484,lightgbm,15
vol_zscore_21,47.72118091583252,lightgbm,15
tech_macd_signal_norm,46.22188949584961,lightgbm,15
vol_log1p_quote_volume,44.85256099700928,lightgbm,15
tech_obv_zscore_21,44.605010747909546,lightgbm,15
px_ret_std_63,42.14188098907471,lightgbm,15
aux_adractcnt_z63,36.05302095413208,lightgbm,15
vol_taker_buy_ratio,35.78145980834961,lightgbm,15
xa_corr_ref_30,34.5953803062439,lightgbm,15
xa_corr_ref_90,32.36643981933594,lightgbm,15
rng_garman_klass_5,31.5627703666687,lightgbm,15
rng_parkinson_21,31.12996006011963,lightgbm,15
rng_garman_klass_21,28.741539478302002,lightgbm,15
px_ret_std_21,28.21653985977173,lightgbm,15
tech_stoch_d_14,27.82809019088745,lightgbm,15
px_dist_max_63,26.889439821243286,lightgbm,15
cal_moy_sin,26.5789794921875,lightgbm,15
aux_splycur_z63,24.91344529017806,lightgbm,15
vol_log1p_volume,24.5875301361084,lightgbm,15
tech_rsi_14,22.120590209960938,lightgbm,15
xa_excess_ret_lag1,19.491100072860718,lightgbm,15
vol_taker_buy_ratio_dev,19.03798007965088,lightgbm,15
px_ret_kurt_63,18.654069781303406,lightgbm,15
px_ret_mean_5,15.327450275421143,lightgbm,15
px_cumret_7,14.621199607849121,lightgbm,15
px_ret_mean_21,14.592499732971191,lightgbm,15
tech_stoch_k_14,12.886750221252441,lightgbm,15
rng_parkinson_5,12.628430366516113,lightgbm,15
rng_intraday,12.457099914550781,lightgbm,15
px_ret_std_10,8.293230056762695,lightgbm,15
cal_moy_cos,7.4934000968933105,lightgbm,15
aux_adractcnt_chg_7,3.101759910583496,lightgbm,15
px_dist_max_21,0.4957599937915802,lightgbm,15
xa_rank_ret_lag1,0.0,lightgbm,15
cal_is_weekend,0.0,lightgbm,15
rng_close_position,0.06292229918518996,ridge,16
px_ret_1,0.05480353829340301,ridge,16
aux_fng,0.05251997569019553,ridge,16
cal_dom_cos,0.04739851209615771,ridge,16
px_ret_skew_21,0.03420676520578148,ridge,16
xa_market_dispersion,0.034081612501702586,ridge,16
cal_dow_cos,0.03384032259186434,ridge,16
xa_ref_ret_lag2,0.033228593546667066,ridge,16
aux_splycur_chg_7,0.03081549316616606,ridge,16
px_ret_kurt_63,0.03036936569227665,ridge,16
xa_rel_strength_7,0.030317464029563698,ridge,16
aux_txcnt_z63,0.028374793091586966,ridge,16
cal_dow_sin,0.028260440117251855,ridge,16
cal_is_weekend,0.026359804142172795,ridge,16
rng_tr_norm,0.02381114374062041,ridge,16
px_ret_skew_63,0.023782266702744467,ridge,16
vol_taker_buy_ratio_mean_7,0.023080755822478087,ridge,16
xa_ref_ret_lag1,0.022590567149957667,ridge,16
xa_market_ret_lag1,0.02160489179240155,ridge,16
px_ret_kurt_21,0.02119968252064727,ridge,16
rng_intraday,0.020846077946568647,ridge,16
px_ret_21,0.020707462410354018,ridge,16
px_ret_mean_21,0.020707462410354014,ridge,16
xa_ref_vol_21,0.02048050773207527,ridge,16
tech_macd_hist_norm,0.020180252794919435,ridge,16
rng_atr_14_norm,0.01742782859618523,ridge,16
aux_fng_chg_7,0.017299304311824852,ridge,16
tech_stoch_k_14,0.015207465702378364,ridge,16
xa_rel_strength_30,0.015098246936672107,ridge,16
rng_garman_klass_5,0.0150167888505422,ridge,16
px_cumret_30,0.013448647864597827,ridge,16
aux_splycur_z63,0.013038279693765687,ridge,16
px_ret_mean_5,0.01293606421971587,ridge,16
px_ret_5,0.012936064219715862,ridge,16
px_ret_2,0.012522765016681486,ridge,16
px_ret_std_5,0.012314480300758105,ridge,16
rng_cc_parkinson_ratio_21,0.011529187190886832,ridge,16
vol_ret_corr_21,0.01144236002528154,ridge,16
px_ret_mean_63,0.010840864955651789,ridge,16
tech_macd_line_norm,0.01063464288265424,ridge,16
px_dist_max_21,0.0106201575007588,ridge,16
xa_ref_ret_mean_5,0.01051247428142725,ridge,16
cal_moy_cos,0.010363205376802258,ridge,16
px_dist_min_21,0.010325660142563774,ridge,16
cal_dom_sin,0.010065183348325613,ridge,16
px_cumret_90,0.00951476977777789,ridge,16
vol_zscore_21,0.009450105058860788,ridge,16
px_ret_3,0.009240028396114534,ridge,16
xa_market_ret_mean_5,0.009070967871132766,ridge,16
rng_garman_klass_21,0.008970471902932165,ridge,16
rng_parkinson_5,0.008802865734230801,ridge,16
cal_moy_sin,0.008083520479786933,ridge,16
tech_macd_signal_norm,0.007848493903448921,ridge,16
aux_txcnt_chg_7,0.006969251886196642,ridge,16
px_ret_std_10,0.006893094318697692,ridge,16
aux_fng_z_63,0.006779936740608482,ridge,16
px_cumret_7,0.006111165394712873,ridge,16
rng_parkinson_21,0.005819162417941312,ridge,16
px_ret_10,0.005720495753895348,ridge,16
px_ret_mean_10,0.005720495753895341,ridge,16
xa_corr_ref_90,0.00540459498808993,ridge,16
vol_log1p_quote_volume,0.004998581268300044,ridge,16
px_ret_std_63,0.0049111018953438895,ridge,16
tech_stoch_d_14,0.0039703853644608685,ridge,16
vol_log1p_volume,0.003793175484493925,ridge,16
tech_obv_zscore_21,0.003323891179936407,ridge,16
aux_adractcnt_z63,0.0029597990864089494,ridge,16
xa_rank_ret_lag1,0.0019088488492314483,ridge,16
xa_excess_ret_lag1,0.0018989526246370103,ridge,16
aux_adractcnt_chg_7,0.001549810626706355,ridge,16
vol_taker_buy_ratio_dev,0.00147658467854868,ridge,16
vol_taker_buy_ratio,0.0014765846785486734,ridge,16
px_ret_std_21,0.0014498665945773723,ridge,16
vol_trades_zscore_21,0.0014377931944349724,ridge,16
px_dist_max_63,0.0010249276979841376,ridge,16
px_dist_min_63,0.0009201397100914476,ridge,16
xa_corr_ref_30,0.0008664828937420623,ridge,16
vol_qv_median_ratio_63,0.0003285183272693401,ridge,16
tech_bb_pos_20,0.00022065588765352725,ridge,16
tech_rsi_14,0.00020286415498806026,ridge,16
xa_market_dispersion,734.3598766326904,lightgbm,16
px_ret_1,614.0700242519379,lightgbm,16
rng_close_position,597.1461308002472,lightgbm,16
xa_market_ret_lag1,510.78369092941284,lightgbm,16
xa_market_ret_mean_5,482.74970531463623,lightgbm,16
aux_fng,427.95556640625,lightgbm,16
xa_ref_ret_lag2,396.2806968688965,lightgbm,16
cal_dom_sin,370.83478355407715,lightgbm,16
xa_ref_ret_mean_5,367.2657685279846,lightgbm,16
cal_dom_cos,331.32752084732056,lightgbm,16
xa_ref_ret_lag1,284.03369665145874,lightgbm,16
cal_dow_cos,269.51408100128174,lightgbm,16
aux_fng_chg_7,232.34828658401966,lightgbm,16
aux_fng_z_63,216.03980088233948,lightgbm,16
xa_ref_vol_21,196.55573201179504,lightgbm,16
px_ret_std_5,174.50904941558838,lightgbm,16
px_ret_mean_63,162.93364143371582,lightgbm,16
px_ret_2,159.24127912521362,lightgbm,16
px_ret_skew_63,151.83215141296387,lightgbm,16
vol_taker_buy_ratio,121.0122902393341,lightgbm,16
px_ret_3,113.27431774139404,lightgbm,16
vol_trades_zscore_21,96.98566961288452,lightgbm,16
cal_dow_sin,93.16601991653442,lightgbm,16
vol_qv_median_ratio_63,92.76352024078369,lightgbm,16
xa_rel_strength_7,83.1815996170044,lightgbm,16
aux_txcnt_z63,82.23048210144043,lightgbm,16
cal_moy_sin,81.97812962532043,lightgbm,16
rng_cc_parkinson_ratio_21,76.62234020233154,lightgbm,16
tech_macd_hist_norm,76.09238982200623,lightgbm,16
xa_rel_strength_30,70.03423881530762,lightgbm,16
vol_zscore_21,63.23060131072998,lightgbm,16
px_cumret_30,57.21158981323242,lightgbm,16
xa_corr_ref_90,57.20044016838074,lightgbm,16
px_dist_min_21,57.07716941833496,lightgbm,16
vol_ret_corr_21,56.777079343795776,lightgbm,16
px_ret_21,55.37378978729248,lightgbm,16
xa_corr_ref_30,55.04979085922241,lightgbm,16
px_cumret_90,54.4393065571785,lightgbm,16
tech_macd_signal_norm,51.3749098777771,lightgbm,16
rng_tr_norm,51.299710392951965,lightgbm,16
aux_splycur_chg_7,48.38311958312988,lightgbm,16
vol_taker_buy_ratio_mean_7,48.36482048034668,lightgbm,16
tech_stoch_k_14,46.50420045852661,lightgbm,16
px_ret_10,41.54866027832031,lightgbm,16
aux_txcnt_chg_7,40.09429979324341,lightgbm,16
px_ret_std_63,39.78375959396362,lightgbm,16
aux_splycur_z63,38.54779863357544,lightgbm,16
px_ret_kurt_21,37.354928970336914,lightgbm,16
tech_obv_zscore_21,36.54539918899536,lightgbm,16
px_ret_mean_21,35.502180099487305,lightgbm,16
tech_macd_line_norm,35.39384078979492,lightgbm,16
px_dist_max_63,34.31299018859863,lightgbm,16
tech_bb_pos_20,30.46364974975586,lightgbm,16
px_ret_std_10,30.035154223442078,lightgbm,16
cal_moy_cos,29.94452953338623,lightgbm,16
px_ret_kurt_63,28.209732681512833,lightgbm,16
px_dist_max_21,26.926400184631348,lightgbm,16
tech_stoch_d_14,25.09492015838623,lightgbm,16
rng_atr_14_norm,24.21169948577881,lightgbm,16
px_ret_skew_21,24.078720092773438,lightgbm,16
px_ret_5,22.135860681533813,lightgbm,16
tech_rsi_14,20.397929668426514,lightgbm,16
rng_garman_klass_5,19.36192011833191,lightgbm,16
px_dist_min_63,17.798999547958374,lightgbm,16
aux_adractcnt_z63,16.903520107269287,lightgbm,16
px_ret_mean_5,16.344999313354492,lightgbm,16
vol_log1p_quote_volume,15.799999713897705,lightgbm,16
xa_excess_ret_lag1,14.79695987701416,lightgbm,16
vol_taker_buy_ratio_dev,13.043370008468628,lightgbm,16
rng_intraday,12.596799850463867,lightgbm,16
px_ret_std_21,10.918800354003906,lightgbm,16
px_cumret_7,9.773550033569336,lightgbm,16
aux_adractcnt_chg_7,9.04164981842041,lightgbm,16
px_ret_mean_10,8.217960357666016,lightgbm,16
rng_parkinson_5,7.212579965591431,lightgbm,16
vol_log1p_volume,7.018939971923828,lightgbm,16
rng_garman_klass_21,4.215559959411621,lightgbm,16
xa_rank_ret_lag1,0.1446020007133484,lightgbm,16
rng_parkinson_21,0.0,lightgbm,16
cal_is_weekend,0.0,lightgbm,16
xa_market_dispersion,728.403989315033,lightgbm,16
px_ret_1,726.8284608125687,lightgbm,16
xa_market_ret_lag1,489.54591846466064,lightgbm,16
rng_close_position,468.88062286376953,lightgbm,16
aux_fng,441.28836965560913,lightgbm,16
cal_dom_sin,367.6044430732727,lightgbm,16
xa_ref_ret_lag2,348.14039945602417,lightgbm,16
xa_market_ret_mean_5,323.42327189445496,lightgbm,16
xa_ref_vol_21,229.3265005350113,lightgbm,16
cal_dow_cos,224.67562007904053,lightgbm,16
xa_ref_ret_mean_5,212.76602864265442,lightgbm,16
xa_ref_ret_lag1,181.46702909469604,lightgbm,16
aux_fng_z_63,174.84261894226074,lightgbm,16
cal_dom_cos,166.0132098197937,lightgbm,16
px_ret_std_5,164.80204916000366,lightgbm,16
aux_fng_chg_7,154.5622899532318,lightgbm,16
px_ret_skew_63,150.3474621772766,lightgbm,16
px_ret_2,95.10637903213501,lightgbm,16
px_ret_mean_63,89.27148008346558,lightgbm,16
tech_rsi_14,79.69728767871857,lightgbm,16
aux_txcnt_z63,78.80416965484619,lightgbm,16
aux_splycur_chg_7,72.55671274662018,lightgbm,16
vol_trades_zscore_21,71.32611083984375,lightgbm,16
px_ret_21,70.38016033172607,lightgbm,16
px_cumret_90,70.21781039237976,lightgbm,16
tech_macd_hist_norm,67.88747024536133,lightgbm,16
vol_taker_buy_ratio_dev,67.28334999084473,lightgbm,16
aux_splycur_z63,63.50337886810303,lightgbm,16
px_cumret_7,61.68410015106201,lightgbm,16
rng_atr_14_norm,60.972440242767334,lightgbm,16
px_cumret_30,60.492859840393066,lightgbm,16
vol_taker_buy_ratio_mean_7,59.815460205078125,lightgbm,16
xa_rel_strength_7,54.561230182647705,lightgbm,16
cal_moy_sin,51.39903974533081,lightgbm,16
px_ret_3,51.208821535110474,lightgbm,16
xa_corr_ref_90,48.036510705947876,lightgbm,16
rng_cc_parkinson_ratio_21,48.0319539308548,lightgbm,16
vol_qv_median_ratio_63,47.34916925430298,lightgbm,16
px_ret_skew_21,46.105798959732056,lightgbm,16
px_ret_std_63,43.58928060531616,lightgbm,16
vol_taker_buy_ratio,42.63440990447998,lightgbm,16
vol_zscore_21,42.33152961730957,lightgbm,16
tech_macd_line_norm,41.33947992324829,lightgbm,16
aux_txcnt_chg_7,41.1040096282959,lightgbm,16
rng_tr_norm,40.625879526138306,lightgbm,16
tech_stoch_k_14,38.22609996795654,lightgbm,16
px_dist_min_63,36.359847366809845,lightgbm,16
rng_garman_klass_21,36.099429965019226,lightgbm,16
xa_excess_ret_lag1,35.23262977600098,lightgbm,16
px_ret_5,33.32618999481201,lightgbm,16
vol_log1p_quote_volume,28.72371006011963,lightgbm,16
tech_obv_zscore_21,28.61123037338257,lightgbm,16
cal_dow_sin,26.67124032974243,lightgbm,16
px_dist_max_63,26.637149810791016,lightgbm,16
px_ret_std_10,25.78404998779297,lightgbm,16
xa_corr_ref_30,25.559789657592773,lightgbm,16
aux_adractcnt_chg_7,25.37209987640381,lightgbm,16
px_ret_kurt_63,19.810890197753906,lightgbm,16
px_ret_kurt_21,19.36123037338257,lightgbm,16
aux_adractcnt_z63,18.470189571380615,lightgbm,16
cal_moy_cos,17.78802990913391,lightgbm,16
xa_rel_strength_30,17.334649562835693,lightgbm,16
px_ret_10,16.77326011657715,lightgbm,16
rng_parkinson_21,16.30778980255127,lightgbm,16
rng_garman_klass_5,13.619819641113281,lightgbm,16
px_dist_min_21,13.19310998916626,lightgbm,16
vol_ret_corr_21,13.078049898147583,lightgbm,16
tech_bb_pos_20,11.71660041809082,lightgbm,16
rng_intraday,11.00790023803711,lightgbm,16
px_ret_mean_5,10.864999771118164,lightgbm,16
tech_macd_signal_norm,9.474440097808838,lightgbm,16
px_ret_mean_21,6.972780227661133,lightgbm,16
rng_parkinson_5,5.40064001083374,lightgbm,16
px_ret_std_21,0.0,lightgbm,16
px_ret_mean_10,0.0,lightgbm,16
vol_log1p_volume,0.0,lightgbm,16
px_dist_max_21,0.0,lightgbm,16
tech_stoch_d_14,0.0,lightgbm,16
xa_rank_ret_lag1,0.0,lightgbm,16
cal_is_weekend,0.0,lightgbm,16
xa_market_dispersion,575.5902895927429,lightgbm,16
px_ret_1,520.2314963340759,lightgbm,16
rng_close_position,456.18941020965576,lightgbm,16
xa_market_ret_lag1,364.8932991027832,lightgbm,16
xa_market_ret_mean_5,337.0425696372986,lightgbm,16
xa_ref_ret_lag2,253.28386926651,lightgbm,16
xa_ref_ret_lag1,251.81239223480225,lightgbm,16
cal_dom_sin,184.3973000049591,lightgbm,16
aux_fng,160.17563915252686,lightgbm,16
cal_dom_cos,159.9810709953308,lightgbm,16
cal_dow_cos,134.4897519350052,lightgbm,16
xa_ref_vol_21,130.92953872680664,lightgbm,16
aux_fng_chg_7,123.79015016555786,lightgbm,16
px_ret_skew_63,112.8371205329895,lightgbm,16
px_ret_mean_63,93.85326957702637,lightgbm,16
px_ret_2,93.42047929763794,lightgbm,16
aux_fng_z_63,93.17666006088257,lightgbm,16
xa_ref_ret_mean_5,89.47871971130371,lightgbm,16
px_ret_std_5,85.53394079208374,lightgbm,16
tech_macd_hist_norm,81.77120876312256,lightgbm,16
px_cumret_30,80.05040699243546,lightgbm,16
vol_qv_median_ratio_63,75.23568058013916,lightgbm,16
px_ret_5,73.97797012329102,lightgbm,16
aux_txcnt_z63,73.43313074111938,lightgbm,16
tech_obv_zscore_21,71.29553890228271,lightgbm,16
rng_atr_14_norm,64.95204973220825,lightgbm,16
vol_taker_buy_ratio,62.42940878868103,lightgbm,16
px_cumret_90,59.357330560684204,lightgbm,16
px_dist_min_21,57.77152061462402,lightgbm,16
rng_cc_parkinson_ratio_21,56.03137016296387,lightgbm,16
px_ret_std_63,47.35794925689697,lightgbm,16
tech_macd_signal_norm,45.43772077560425,lightgbm,16
px_dist_min_63,42.94877052307129,lightgbm,16
px_ret_kurt_21,42.57119941711426,lightgbm,16
tech_macd_line_norm,39.59832954406738,lightgbm,16
px_ret_kurt_63,38.606719732284546,lightgbm,16
px_ret_21,38.43892955780029,lightgbm,16
vol_log1p_quote_volume,38.43466901779175,lightgbm,16
px_ret_3,38.43130040168762,lightgbm,16
cal_moy_sin,38.3798394203186,lightgbm,16
px_ret_10,38.34448003768921,lightgbm,16
tech_stoch_k_14,37.9965500831604,lightgbm,16
vol_ret_corr_21,36.565279960632324,lightgbm,16
vol_taker_buy_ratio_mean_7,35.02330017089844,lightgbm,16
aux_splycur_chg_7,34.93864107131958,lightgbm,16
px_dist_max_21,29.579390048980713,lightgbm,16
xa_rel_strength_7,28.287489652633667,lightgbm,16
vol_taker_buy_ratio_dev,27.70056986808777,lightgbm,16
cal_dow_sin,27.2708101272583,lightgbm,16
tech_rsi_14,24.80275011062622,lightgbm,16
rng_tr_norm,20.88335943222046,lightgbm,16
aux_txcnt_chg_7,20.546980142593384,lightgbm,16
vol_trades_zscore_21,20.42011022567749,lightgbm,16
tech_stoch_d_14,19.84359073638916,lightgbm,16
px_ret_std_10,19.70267963409424,lightgbm,16
tech_bb_pos_20,19.699830055236816,lightgbm,16
px_dist_max_63,18.75527000427246,lightgbm,16
px_ret_mean_10,15.59850025177002,lightgbm,16
rng_parkinson_21,15.30709981918335,lightgbm,16
vol_zscore_21,12.342049598693848,lightgbm,16
xa_corr_ref_90,11.550800323486328,lightgbm,16
px_cumret_7,10.864399909973145,lightgbm,16
px_ret_mean_21,9.038629531860352,lightgbm,16
cal_moy_cos,8.440309524536133,lightgbm,16
px_ret_skew_21,7.88355016708374,lightgbm,16
rng_intraday,7.83105993270874,lightgbm,16
rng_parkinson_5,7.231319904327393,lightgbm,16
vol_log1p_volume,6.8684000968933105,lightgbm,16
aux_adractcnt_chg_7,5.9812798500061035,lightgbm,16
xa_excess_ret_lag1,5.901010036468506,lightgbm,16
xa_corr_ref_30,5.687250137329102,lightgbm,16
xa_rel_strength_30,5.589719772338867,lightgbm,16
px_ret_std_21,0.0,lightgbm,16
px_ret_mean_5,0.0,lightgbm,16
rng_garman_klass_21,0.0,lightgbm,16
rng_garman_klass_5,0.0,lightgbm,16
xa_rank_ret_lag1,0.0,lightgbm,16
cal_is_weekend,0.0,lightgbm,16
aux_adractcnt_z63,0.0,lightgbm,16
aux_splycur_z63,0.0,lightgbm,16
xa_market_dispersion,687.3067827224731,lightgbm,16
rng_close_position,627.1558043956757,lightgbm,16
xa_market_ret_lag1,623.7268533706665,lightgbm,16
px_ret_1,610.4102754592896,lightgbm,16
xa_market_ret_mean_5,376.3947786092758,lightgbm,16
xa_ref_ret_lag2,334.38799810409546,lightgbm,16
aux_fng,319.23203897476196,lightgbm,16
cal_dom_sin,314.69925260543823,lightgbm,16
xa_ref_ret_lag1,303.499370098114,lightgbm,16
xa_ref_vol_21,209.40379858016968,lightgbm,16
xa_ref_ret_mean_5,193.89577674865723,lightgbm,16
aux_fng_chg_7,182.8298008441925,lightgbm,16
px_ret_std_5,163.87221908569336,lightgbm,16
cal_dom_cos,154.92502069473267,lightgbm,16
px_ret_skew_63,147.49749994277954,lightgbm,16
cal_dow_cos,146.65360069274902,lightgbm,16
aux_txcnt_z63,117.65314865112305,lightgbm,16
aux_fng_z_63,103.02756023406982,lightgbm,16
tech_macd_hist_norm,89.92609977722168,lightgbm,16
rng_cc_parkinson_ratio_21,85.02041959762573,lightgbm,16
px_ret_10,84.28949928283691,lightgbm,16
px_cumret_30,82.15859985351562,lightgbm,16
px_ret_kurt_21,78.00943073630333,lightgbm,16
px_ret_2,77.77080917358398,lightgbm,16
tech_macd_signal_norm,75.43149042129517,lightgbm,16
vol_qv_median_ratio_63,74.0729603767395,lightgbm,16
aux_splycur_chg_7,72.16462993621826,lightgbm,16
vol_taker_buy_ratio,72.15135049819946,lightgbm,16
vol_trades_zscore_21,71.3978009223938,lightgbm,16
tech_stoch_k_14,71.25290036201477,lightgbm,16
px_cumret_90,69.44408941268921,lightgbm,16
px_dist_min_63,69.17071008682251,lightgbm,16
cal_dow_sin,65.2318103313446,lightgbm,16
vol_taker_buy_ratio_mean_7,63.804490089416504,lightgbm,16
xa_rel_strength_7,63.722900390625,lightgbm,16
px_ret_mean_63,61.3326301574707,lightgbm,16
px_ret_5,61.222689628601074,lightgbm,16
px_ret_3,58.05631160736084,lightgbm,16
cal_moy_cos,56.251959800720215,lightgbm,16
rng_atr_14_norm,54.43124008178711,lightgbm,16
px_ret_skew_21,53.87990045547485,lightgbm,16
px_ret_mean_21,50.66700983047485,lightgbm,16
cal_moy_sin,47.26858949661255,lightgbm,16
rng_garman_klass_5,46.2086501121521,lightgbm,16
px_ret_21,45.996700286865234,lightgbm,16
px_ret_mean_10,42.47209930419922,lightgbm,16
vol_log1p_volume,37.43195056915283,lightgbm,16
px_ret_std_63,34.878610610961914,lightgbm,16
aux_splycur_z63,34.85044002532959,lightgbm,16
xa_corr_ref_30,33.07827949523926,lightgbm,16
rng_tr_norm,31.01591968536377,lightgbm,16
xa_corr_ref_90,29.39833927154541,lightgbm,16
px_dist_min_21,29.296929836273193,lightgbm,16
vol_ret_corr_21,27.543089866638184,lightgbm,16
tech_bb_pos_20,27.516590118408203,lightgbm,16
xa_excess_ret_lag1,27.115099668502808,lightgbm,16
px_ret_kurt_63,26.712910175323486,lightgbm,16
tech_rsi_14,24.89426898956299,lightgbm,16
tech_macd_line_norm,23.479799270629883,lightgbm,16
xa_rel_strength_30,22.374430179595947,lightgbm,16
rng_parkinson_21,21.552330017089844,lightgbm,16
vol_log1p_quote_volume,20.488980293273926,lightgbm,16
vol_zscore_21,17.04874038696289,lightgbm,16
px_ret_mean_5,16.34173011779785,lightgbm,16
tech_obv_zscore_21,13.830900192260742,lightgbm,16
px_ret_std_10,13.722350120544434,lightgbm,16
rng_garman_klass_21,13.151989698410034,lightgbm,16
tech_stoch_d_14,12.29697048664093,lightgbm,16
px_dist_max_21,11.948389768600464,lightgbm,16
px_ret_std_21,10.43729019165039,lightgbm,16
rng_parkinson_5,9.883729934692383,lightgbm,16
rng_intraday,9.603360176086426,lightgbm,16
aux_txcnt_chg_7,5.394589900970459,lightgbm,16
px_cumret_7,3.0937600135803223,lightgbm,16
vol_taker_buy_ratio_dev,0.0,lightgbm,16
px_dist_max_63,0.0,lightgbm,16
xa_rank_ret_lag1,0.0,lightgbm,16
cal_is_weekend,0.0,lightgbm,16
aux_adractcnt_chg_7,0.0,lightgbm,16
aux_adractcnt_z63,0.0,lightgbm,16
xa_market_dispersion,680.8668994903564,lightgbm,16
px_ret_1,594.1114988327026,lightgbm,16
rng_close_position,530.7397181987762,lightgbm,16
xa_market_ret_lag1,476.3209809064865,lightgbm,16
xa_market_ret_mean_5,334.31946086883545,lightgbm,16
cal_dom_sin,313.9847218990326,lightgbm,16
xa_ref_ret_mean_5,284.75364047288895,lightgbm,16
aux_fng,260.9022800028324,lightgbm,16
xa_ref_vol_21,248.31799912452698,lightgbm,16
xa_ref_ret_lag1,235.0467813014984,lightgbm,16
cal_dom_cos,207.0054919719696,lightgbm,16
xa_ref_ret_lag2,206.27078771591187,lightgbm,16
aux_fng_chg_7,204.91899156570435,lightgbm,16
px_ret_skew_63,204.62664127349854,lightgbm,16
cal_dow_cos,191.30352127552032,lightgbm,16
px_ret_std_5,184.59262084960938,lightgbm,16
aux_txcnt_z63,130.42725133895874,lightgbm,16
aux_fng_z_63,128.28825986385345,lightgbm,16
px_ret_2,114.09977924823761,lightgbm,16
px_cumret_90,110.78864097595215,lightgbm,16
tech_macd_hist_norm,104.67621970176697,lightgbm,16
px_ret_3,104.03482151031494,lightgbm,16
vol_trades_zscore_21,97.99552989006042,lightgbm,16
px_ret_std_63,87.32736873626709,lightgbm,16
px_ret_mean_63,80.54309940338135,lightgbm,16
rng_atr_14_norm,78.74710941314697,lightgbm,16
px_ret_21,77.9374008178711,lightgbm,16
px_cumret_30,71.56763958930969,lightgbm,16
px_ret_10,71.56162881851196,lightgbm,16
xa_rel_strength_7,68.58620929718018,lightgbm,16
cal_dow_sin,66.58663058280945,lightgbm,16
vol_taker_buy_ratio,65.78620052337646,lightgbm,16
vol_qv_median_ratio_63,57.3419503569603,lightgbm,16
rng_cc_parkinson_ratio_21,53.65059018135071,lightgbm,16
aux_splycur_chg_7,53.03859901428223,lightgbm,16
px_ret_kurt_21,52.900879859924316,lightgbm,16
vol_zscore_21,52.82615947723389,lightgbm,16
xa_excess_ret_lag1,51.39455986022949,lightgbm,16
xa_rel_strength_30,51.14573001861572,lightgbm,16
tech_obv_zscore_21,49.62841987609863,lightgbm,16
tech_rsi_14,48.806509017944336,lightgbm,16
vol_taker_buy_ratio_mean_7,45.592429637908936,lightgbm,16
vol_taker_buy_ratio_dev,45.51243042945862,lightgbm,16
tech_stoch_k_14,41.49172019958496,lightgbm,16
tech_macd_line_norm,37.93921995162964,lightgbm,16
px_dist_min_21,36.92638969421387,lightgbm,16
px_dist_min_63,32.9648003578186,lightgbm,16
rng_garman_klass_5,32.56915044784546,lightgbm,16
vol_log1p_quote_volume,31.542139530181885,lightgbm,16
cal_moy_cos,29.75266933441162,lightgbm,16
aux_txcnt_chg_7,29.72323989868164,lightgbm,16
cal_moy_sin,29.34245014190674,lightgbm,16
px_ret_kurt_63,27.556140422821045,lightgbm,16
px_ret_mean_10,27.045100212097168,lightgbm,16
rng_intraday,27.019001007080078,lightgbm,16
px_ret_5,25.017200469970703,lightgbm,16
vol_log1p_volume,24.80704975128174,lightgbm,16
aux_splycur_z63,24.081729888916016,lightgbm,16
rng_tr_norm,23.95291042327881,lightgbm,16
xa_corr_ref_90,23.176042864099145,lightgbm,16
tech_stoch_d_14,19.806939840316772,lightgbm,16
px_dist_max_63,17.714590072631836,lightgbm,16
rng_parkinson_5,15.421799659729004,lightgbm,16
xa_corr_ref_30,14.88185977935791,lightgbm,16
px_ret_skew_21,13.881490230560303,lightgbm,16
px_ret_std_10,10.469880104064941,lightgbm,16
px_ret_mean_5,8.814629554748535,lightgbm,16
px_cumret_7,6.944349765777588,lightgbm,16
aux_adractcnt_z63,3.5960500240325928,lightgbm,16
rng_parkinson_21,3.4386301040649414,lightgbm,16
px_ret_mean_21,2.0511300563812256,lightgbm,16
px_ret_std_21,0.0,lightgbm,16
tech_bb_pos_20,0.0,lightgbm,16
tech_macd_signal_norm,0.0,lightgbm,16
vol_ret_corr_21,0.0,lightgbm,16
rng_garman_klass_21,0.0,lightgbm,16
px_dist_max_21,0.0,lightgbm,16
xa_rank_ret_lag1,0.0,lightgbm,16
cal_is_weekend,0.0,lightgbm,16
aux_adractcnt_chg_7,0.0,lightgbm,16
rng_close_position,0.059574273076379795,ridge,17
aux_fng,0.057084548631518614,ridge,17
px_ret_1,0.05424548265511521,ridge,17
cal_dom_cos,0.04935623343374823,ridge,17
px_ret_skew_21,0.040703647856351804,ridge,17
cal_is_weekend,0.03769238084236643,ridge,17
xa_ref_ret_lag2,0.0324435545796761,ridge,17
cal_dow_cos,0.03236538813683896,ridge,17
xa_rel_strength_7,0.03013117901319548,ridge,17
aux_splycur_chg_7,0.028262282143361135,ridge,17
cal_dow_sin,0.02710521779634383,ridge,17
rng_tr_norm,0.026820561830227477,ridge,17
vol_taker_buy_ratio_mean_7,0.02664925826015102,ridge,17
px_ret_skew_63,0.024727909742775243,ridge,17
px_ret_kurt_21,0.024494631988615338,ridge,17
rng_intraday,0.024458047213039288,ridge,17
xa_ref_vol_21,0.02395585476867622,ridge,17
xa_market_dispersion,0.023779589696567897,ridge,17
aux_txcnt_z63,0.023328129509807817,ridge,17
px_ret_kurt_63,0.02328099691970742,ridge,17
px_ret_21,0.019963429574238342,ridge,17
px_ret_mean_21,0.01996342957423832,ridge,17
cal_dom_sin,0.019359731761354766,ridge,17
xa_ref_ret_lag1,0.018447458042235233,ridge,17
rng_garman_klass_5,0.018056142764393875,ridge,17
xa_market_ret_lag1,0.01711731343522238,ridge,17
xa_rel_strength_30,0.01690453414055081,ridge,17
aux_fng_chg_7,0.016783197586431424,ridge,17
rng_atr_14_norm,0.016685103761189764,ridge,17
tech_macd_hist_norm,0.014320063344075455,ridge,17
tech_stoch_k_14,0.01402243375334384,ridge,17
aux_splycur_z63,0.01369914986273766,ridge,17
cal_moy_sin,0.013543928499848435,ridge,17
px_cumret_30,0.013522092751289188,ridge,17
px_ret_2,0.013103138032467827,ridge,17
px_ret_mean_63,0.01236255909705945,ridge,17
xa_market_ret_mean_5,0.012129811636015618,ridge,17
tech_macd_line_norm,0.01146352460805543,ridge,17
px_cumret_90,0.011179212820844806,ridge,17
rng_parkinson_5,0.010845819981839894,ridge,17
px_ret_5,0.010581756076333815,ridge,17
px_ret_mean_5,0.010581756076333814,ridge,17
px_ret_3,0.010402594067464719,ridge,17
vol_zscore_21,0.010331472154520077,ridge,17
px_dist_min_21,0.010129196037271937,ridge,17
px_dist_max_21,0.009807984517499199,ridge,17
rng_garman_klass_21,0.009595948311878056,ridge,17
px_ret_std_10,0.009531473331401601,ridge,17
xa_ref_ret_mean_5,0.00906862756729441,ridge,17
tech_macd_signal_norm,0.009023770074594536,ridge,17
rng_cc_parkinson_ratio_21,0.008664081997086103,ridge,17
vol_ret_corr_21,0.008060900687219463,ridge,17
rng_parkinson_21,0.007129066675146533,ridge,17
px_ret_std_5,0.0070619471329710784,ridge,17
px_cumret_7,0.00704172874044154,ridge,17
aux_adractcnt_z63,0.00600285069229987,ridge,17
px_ret_10,0.005976287805835412,ridge,17
px_ret_mean_10,0.005976287805835346,ridge,17
cal_moy_cos,0.0054381299314325005,ridge,17
px_ret_std_63,0.005300083848704495,ridge,17
aux_adractcnt_chg_7,0.0046817971091447355,ridge,17
aux_txcnt_chg_7,0.0034748512017765193,ridge,17
vol_trades_zscore_21,0.003375078325526893,ridge,17
xa_corr_ref_30,0.0031494511428785455,ridge,17
xa_rank_ret_lag1,0.0029423888911689535,ridge,17
tech_rsi_14,0.002870806015224105,ridge,17
xa_excess_ret_lag1,0.002805654703867392,ridge,17
aux_fng_z_63,0.0025547391850388227,ridge,17
tech_obv_zscore_21,0.002450884239316609,ridge,17
px_dist_min_63,0.002406520867623426,ridge,17
vol_log1p_quote_volume,0.0022451465435114277,ridge,17
tech_bb_pos_20,0.0019300439348358637,ridge,17
xa_corr_ref_90,0.0018852809076484746,ridge,17
vol_qv_median_ratio_63,0.0016803193045266964,ridge,17
px_ret_std_21,0.0012846463559642502,ridge,17
vol_taker_buy_ratio_dev,0.0008157889008656573,ridge,17
vol_taker_buy_ratio,0.0008157889008656091,ridge,17
px_dist_max_63,0.0006773667361263157,ridge,17
vol_log1p_volume,0.00018920600413797033,ridge,17
tech_stoch_d_14,3.462166741889646e-05,ridge,17
px_ret_1,708.8159528970718,lightgbm,17
xa_market_dispersion,706.1383013725281,lightgbm,17
xa_market_ret_lag1,570.8259172439575,lightgbm,17
rng_close_position,477.50578927993774,lightgbm,17
xa_market_ret_mean_5,447.6634747236967,lightgbm,17
xa_ref_ret_mean_5,414.22657895088196,lightgbm,17
cal_dom_cos,399.2675085067749,lightgbm,17
aux_fng,393.9144096374512,lightgbm,17
xa_ref_ret_lag2,370.35321885347366,lightgbm,17
xa_ref_ret_lag1,361.07659125328064,lightgbm,17
cal_dom_sin,348.1339020729065,lightgbm,17
xa_ref_vol_21,328.4157211780548,lightgbm,17
aux_fng_chg_7,249.60595989227295,lightgbm,17
cal_dow_cos,237.44280862808228,lightgbm,17
px_ret_std_5,171.84340858459473,lightgbm,17
px_ret_skew_63,159.60659980773926,lightgbm,17
aux_fng_z_63,155.00189876556396,lightgbm,17
vol_taker_buy_ratio,149.19192838668823,lightgbm,17
px_ret_3,138.85133934020996,lightgbm,17
px_ret_mean_63,138.7623896598816,lightgbm,17
px_cumret_90,127.42280077934265,lightgbm,17
vol_zscore_21,100.79349899291992,lightgbm,17
aux_splycur_chg_7,97.83091974258423,lightgbm,17
vol_trades_zscore_21,96.17042970657349,lightgbm,17
px_ret_skew_21,92.33172988891602,lightgbm,17
rng_cc_parkinson_ratio_21,88.3910584449768,lightgbm,17
px_cumret_30,81.38199949264526,lightgbm,17
px_ret_std_63,79.94611024856567,lightgbm,17
vol_ret_corr_21,78.6120491027832,lightgbm,17
px_ret_2,77.67265474796295,lightgbm,17
tech_obv_zscore_21,76.70471000671387,lightgbm,17
px_ret_kurt_21,73.95070028305054,lightgbm,17
px_ret_21,67.89388942718506,lightgbm,17
px_ret_5,64.22843933105469,lightgbm,17
rng_atr_14_norm,62.477619647979736,lightgbm,17
px_dist_min_21,61.9023003578186,lightgbm,17
xa_corr_ref_90,61.43039119243622,lightgbm,17
aux_txcnt_z63,59.745059967041016,lightgbm,17
px_ret_mean_21,56.14206075668335,lightgbm,17
aux_splycur_z63,52.120240211486816,lightgbm,17
rng_parkinson_21,51.243449211120605,lightgbm,17
vol_qv_median_ratio_63,50.10084939002991,lightgbm,17
px_ret_mean_10,49.29640007019043,lightgbm,17
xa_rel_strength_30,48.19864058494568,lightgbm,17
tech_stoch_k_14,46.79613971710205,lightgbm,17
rng_tr_norm,46.36343002319336,lightgbm,17
px_dist_max_63,46.33860969543457,lightgbm,17
tech_macd_signal_norm,46.166419506073,lightgbm,17
cal_moy_sin,44.826329708099365,lightgbm,17
tech_bb_pos_20,40.33911061286926,lightgbm,17
tech_rsi_14,38.19949007034302,lightgbm,17
vol_taker_buy_ratio_mean_7,37.28704047203064,lightgbm,17
cal_dow_sin,30.411370277404785,lightgbm,17
vol_log1p_quote_volume,30.247690200805664,lightgbm,17
xa_rel_strength_7,29.01536989212036,lightgbm,17
px_ret_kurt_63,27.54721999168396,lightgbm,17
aux_adractcnt_z63,27.243600130081177,lightgbm,17
rng_parkinson_5,26.39869976043701,lightgbm,17
tech_macd_hist_norm,24.88391947746277,lightgbm,17
px_ret_mean_5,23.41153049468994,lightgbm,17
rng_garman_klass_5,23.409690380096436,lightgbm,17
vol_log1p_volume,23.36204981803894,lightgbm,17
cal_moy_cos,22.82202959060669,lightgbm,17
xa_corr_ref_30,20.54501962661743,lightgbm,17
rng_garman_klass_21,20.243900299072266,lightgbm,17
tech_macd_line_norm,18.94770050048828,lightgbm,17
px_ret_10,18.59279978275299,lightgbm,17
px_dist_min_63,17.52692985534668,lightgbm,17
px_cumret_7,16.98242950439453,lightgbm,17
px_ret_std_10,15.540050148963928,lightgbm,17
aux_txcnt_chg_7,13.2632497549057,lightgbm,17
xa_excess_ret_lag1,13.2224702835083,lightgbm,17
tech_stoch_d_14,12.749300003051758,lightgbm,17
vol_taker_buy_ratio_dev,11.587599754333496,lightgbm,17
aux_adractcnt_chg_7,8.964800119400024,lightgbm,17
rng_intraday,6.617440223693848,lightgbm,17
px_dist_max_21,1.8371200561523438,lightgbm,17
px_ret_std_21,0.0,lightgbm,17
xa_rank_ret_lag1,0.0,lightgbm,17
cal_is_weekend,0.0,lightgbm,17
px_ret_1,890.3027098178864,lightgbm,17
xa_market_dispersion,848.6239905357361,lightgbm,17
xa_market_ret_lag1,670.7939524650574,lightgbm,17
aux_fng,542.3434309959412,lightgbm,17
xa_ref_ret_lag1,533.5203626155853,lightgbm,17
rng_close_position,499.411995947361,lightgbm,17
cal_dom_sin,411.7024998664856,lightgbm,17
cal_dom_cos,383.41079115867615,lightgbm,17
xa_market_ret_mean_5,347.5660972595215,lightgbm,17
xa_ref_ret_lag2,338.59203934669495,lightgbm,17
xa_ref_ret_mean_5,317.0196919441223,lightgbm,17
cal_dow_cos,272.9791569709778,lightgbm,17
xa_ref_vol_21,230.95693922042847,lightgbm,17
aux_fng_z_63,222.83480048179626,lightgbm,17
aux_fng_chg_7,218.39390921592712,lightgbm,17
px_ret_std_5,186.8309805393219,lightgbm,17
px_ret_skew_63,175.62791109085083,lightgbm,17
vol_trades_zscore_21,129.16099071502686,lightgbm,17
aux_txcnt_z63,123.5061092376709,lightgbm,17
tech_rsi_14,119.5686993598938,lightgbm,17
rng_cc_parkinson_ratio_21,116.6876802444458,lightgbm,17
px_ret_mean_63,109.97943019866943,lightgbm,17
px_ret_2,109.81181049346924,lightgbm,17
vol_taker_buy_ratio,108.8103609085083,lightgbm,17
px_ret_21,103.0183892250061,lightgbm,17
px_cumret_30,101.11311841011047,lightgbm,17
px_ret_3,99.6739991903305,lightgbm,17
vol_qv_median_ratio_63,95.57403993606567,lightgbm,17
rng_atr_14_norm,94.91251993179321,lightgbm,17
vol_taker_buy_ratio_mean_7,94.73415875434875,lightgbm,17
aux_splycur_chg_7,94.08285093307495,lightgbm,17
px_cumret_90,93.4156699180603,lightgbm,17
vol_zscore_21,91.88607025146484,lightgbm,17
cal_moy_sin,90.69470930099487,lightgbm,17
px_dist_min_63,90.68777084350586,lightgbm,17
cal_dow_sin,87.98315119743347,lightgbm,17
cal_moy_cos,73.40338945388794,lightgbm,17
tech_macd_line_norm,72.76259183883667,lightgbm,17
px_ret_skew_21,71.07380056381226,lightgbm,17
tech_obv_zscore_21,64.7318195104599,lightgbm,17
aux_splycur_z63,60.771010875701904,lightgbm,17
xa_rel_strength_30,59.47312021255493,lightgbm,17
rng_tr_norm,57.31855010986328,lightgbm,17
px_ret_10,57.050650119781494,lightgbm,17
px_ret_kurt_21,56.87776982784271,lightgbm,17
px_ret_std_63,54.488840103149414,lightgbm,17
tech_macd_hist_norm,53.252920627593994,lightgbm,17
xa_corr_ref_90,46.312349796295166,lightgbm,17
vol_ret_corr_21,45.94902014732361,lightgbm,17
xa_corr_ref_30,45.07283020019531,lightgbm,17
px_dist_min_21,44.074570655822754,lightgbm,17
xa_excess_ret_lag1,43.101200103759766,lightgbm,17
aux_adractcnt_z63,42.869279861450195,lightgbm,17
tech_stoch_d_14,41.327149629592896,lightgbm,17
vol_log1p_quote_volume,40.66458082199097,lightgbm,17
rng_parkinson_5,38.96818995475769,lightgbm,17
aux_adractcnt_chg_7,36.54113054275513,lightgbm,17
px_dist_max_63,35.45342016220093,lightgbm,17
px_dist_max_21,34.93217992782593,lightgbm,17
px_ret_kurt_63,34.049920082092285,lightgbm,17
px_cumret_7,30.29930019378662,lightgbm,17
vol_taker_buy_ratio_dev,24.69331932067871,lightgbm,17
xa_rel_strength_7,23.897200107574463,lightgbm,17
rng_intraday,23.10423994064331,lightgbm,17
aux_txcnt_chg_7,20.78854990005493,lightgbm,17
px_ret_5,20.27631950378418,lightgbm,17
tech_macd_signal_norm,17.354390621185303,lightgbm,17
tech_bb_pos_20,15.440500259399414,lightgbm,17
px_ret_std_21,14.576770305633545,lightgbm,17
px_ret_mean_21,13.801400184631348,lightgbm,17
rng_garman_klass_5,13.603519916534424,lightgbm,17
rng_garman_klass_21,9.09354019165039,lightgbm,17
rng_parkinson_21,8.153860092163086,lightgbm,17
xa_rank_ret_lag1,6.086319923400879,lightgbm,17
tech_stoch_k_14,4.06033992767334,lightgbm,17
vol_log1p_volume,2.330319881439209,lightgbm,17
px_ret_std_10,0.20278899371623993,lightgbm,17
px_ret_mean_5,0.0,lightgbm,17
px_ret_mean_10,0.0,lightgbm,17
cal_is_weekend,0.0,lightgbm,17
px_ret_1,897.3520712852478,lightgbm,17
xa_market_dispersion,787.8516910076141,lightgbm,17
xa_market_ret_lag1,664.0623593330383,lightgbm,17
xa_ref_ret_mean_5,503.9261395931244,lightgbm,17
cal_dom_sin,484.8694398403168,lightgbm,17
aux_fng,473.64212799072266,lightgbm,17
xa_ref_ret_lag1,454.17493724823,lightgbm,17
rng_close_position,437.7914299964905,lightgbm,17
xa_market_ret_mean_5,422.0381301641464,lightgbm,17
cal_dom_cos,362.2941882610321,lightgbm,17
xa_ref_ret_lag2,351.23533421754837,lightgbm,17
cal_dow_cos,289.70414662361145,lightgbm,17
aux_fng_chg_7,241.48809027671814,lightgbm,17
xa_ref_vol_21,218.48147857189178,lightgbm,17
px_ret_skew_63,209.48054134845734,lightgbm,17
px_ret_std_5,148.6441888809204,lightgbm,17
vol_taker_buy_ratio_mean_7,147.545250415802,lightgbm,17
aux_fng_z_63,146.3645396232605,lightgbm,17
vol_trades_zscore_21,140.59632015228271,lightgbm,17
px_dist_min_63,130.03112173080444,lightgbm,17
px_cumret_90,116.13586068153381,lightgbm,17
px_ret_2,115.21494936943054,lightgbm,17
cal_dow_sin,111.12190914154053,lightgbm,17
px_ret_skew_21,108.94524955749512,lightgbm,17
cal_moy_sin,107.04905033111572,lightgbm,17
px_cumret_30,103.7858510017395,lightgbm,17
aux_splycur_chg_7,100.0066614151001,lightgbm,17
vol_ret_corr_21,91.02127063274384,lightgbm,17
tech_macd_hist_norm,84.69019031524658,lightgbm,17
rng_atr_14_norm,84.03027939796448,lightgbm,17
vol_taker_buy_ratio,81.7704856437631,lightgbm,17
px_ret_kurt_21,80.26601028442383,lightgbm,17
rng_intraday,78.22107076644897,lightgbm,17
rng_tr_norm,77.49558019638062,lightgbm,17
tech_rsi_14,73.56922054290771,lightgbm,17
tech_stoch_k_14,73.06946039199829,lightgbm,17
px_ret_3,72.30950927734375,lightgbm,17
px_ret_21,68.20377111434937,lightgbm,17
px_dist_max_21,67.87721931934357,lightgbm,17
px_ret_std_63,67.82669925689697,lightgbm,17
xa_rel_strength_30,61.21535015106201,lightgbm,17
rng_cc_parkinson_ratio_21,58.19148921966553,lightgbm,17
px_ret_10,54.7205696105957,lightgbm,17
px_cumret_7,52.70353031158447,lightgbm,17
xa_rel_strength_7,49.73439979553223,lightgbm,17
cal_moy_cos,48.0957989692688,lightgbm,17
tech_macd_signal_norm,44.99829936027527,lightgbm,17
aux_txcnt_z63,43.53630065917969,lightgbm,17
aux_txcnt_chg_7,41.81818914413452,lightgbm,17
vol_qv_median_ratio_63,39.63172912597656,lightgbm,17
px_ret_mean_63,38.72117853164673,lightgbm,17
xa_corr_ref_90,35.73976993560791,lightgbm,17
tech_macd_line_norm,35.28529071807861,lightgbm,17
tech_stoch_d_14,32.98147988319397,lightgbm,17
px_dist_min_21,32.390390396118164,lightgbm,17
px_ret_mean_21,30.4472599029541,lightgbm,17
vol_log1p_volume,29.889649391174316,lightgbm,17
xa_corr_ref_30,28.262219429016113,lightgbm,17
px_ret_std_10,28.069236993789673,lightgbm,17
vol_zscore_21,28.019579887390137,lightgbm,17
aux_splycur_z63,26.54949951171875,lightgbm,17
vol_log1p_quote_volume,24.689130306243896,lightgbm,17
px_ret_5,21.476619720458984,lightgbm,17
vol_taker_buy_ratio_dev,21.279860019683838,lightgbm,17
aux_adractcnt_chg_7,18.09536075592041,lightgbm,17
rng_parkinson_21,17.942209720611572,lightgbm,17
px_dist_max_63,16.999799728393555,lightgbm,17
xa_excess_ret_lag1,16.58140993118286,lightgbm,17
aux_adractcnt_z63,14.412259578704834,lightgbm,17
tech_obv_zscore_21,13.931329727172852,lightgbm,17
tech_bb_pos_20,12.871999740600586,lightgbm,17
px_ret_mean_5,12.163700103759766,lightgbm,17
px_ret_mean_10,10.931400299072266,lightgbm,17
rng_garman_klass_21,10.632810115814209,lightgbm,17
px_ret_kurt_63,9.229490160942078,lightgbm,17
rng_parkinson_5,8.190739631652832,lightgbm,17
px_ret_std_21,5.053369998931885,lightgbm,17
rng_garman_klass_5,0.0,lightgbm,17
xa_rank_ret_lag1,0.0,lightgbm,17
cal_is_weekend,0.0,lightgbm,17
px_ret_1,829.51247382164,lightgbm,17
xa_market_ret_lag1,797.2142992019653,lightgbm,17
xa_market_dispersion,733.6011047363281,lightgbm,17
rng_close_position,522.4927611351013,lightgbm,17
cal_dom_sin,466.7184510231018,lightgbm,17
xa_market_ret_mean_5,465.02304792404175,lightgbm,17
xa_ref_ret_lag2,442.0341200828552,lightgbm,17
xa_ref_ret_lag1,439.67280197143555,lightgbm,17
xa_ref_ret_mean_5,382.3162488937378,lightgbm,17
aux_fng,381.06295013427734,lightgbm,17
xa_ref_vol_21,380.06138706207275,lightgbm,17
aux_fng_chg_7,345.09681272506714,lightgbm,17
cal_dom_cos,332.5474696159363,lightgbm,17
cal_dow_cos,299.31905221939087,lightgbm,17
aux_fng_z_63,236.49103969335556,lightgbm,17
px_ret_skew_63,181.1442790031433,lightgbm,17
rng_cc_parkinson_ratio_21,177.77245104312897,lightgbm,17
cal_moy_sin,144.09429955482483,lightgbm,17
aux_splycur_chg_7,138.09709119796753,lightgbm,17
vol_trades_zscore_21,123.06935966014862,lightgbm,17
px_cumret_90,119.18101119995117,lightgbm,17
cal_dow_sin,116.92509853839874,lightgbm,17
px_cumret_30,114.69998121261597,lightgbm,17
vol_log1p_quote_volume,109.39617013931274,lightgbm,17
px_ret_skew_21,108.65565967559814,lightgbm,17
px_ret_std_5,102.52693146467209,lightgbm,17
px_ret_3,102.44949173927307,lightgbm,17
vol_taker_buy_ratio,100.70730876922607,lightgbm,17
vol_taker_buy_ratio_mean_7,99.76955032348633,lightgbm,17
px_ret_21,88.9738097190857,lightgbm,17
aux_txcnt_z63,87.53257083892822,lightgbm,17
px_dist_min_63,77.1018295288086,lightgbm,17
xa_rel_strength_7,76.10459041595459,lightgbm,17
px_cumret_7,69.68322896957397,lightgbm,17
cal_moy_cos,68.10544204711914,lightgbm,17
tech_rsi_14,67.88126111030579,lightgbm,17
vol_ret_corr_21,66.66895973682404,lightgbm,17
rng_tr_norm,66.082040309906,lightgbm,17
px_ret_kurt_21,63.165279150009155,lightgbm,17
px_ret_2,61.229021072387695,lightgbm,17
px_dist_min_21,59.22934913635254,lightgbm,17
aux_txcnt_chg_7,51.726439476013184,lightgbm,17
tech_macd_signal_norm,48.29846000671387,lightgbm,17
tech_macd_hist_norm,47.386759996414185,lightgbm,17
tech_obv_zscore_21,45.63268995285034,lightgbm,17
xa_corr_ref_90,45.58238959312439,lightgbm,17
rng_atr_14_norm,45.410499572753906,lightgbm,17
xa_corr_ref_30,42.39666032791138,lightgbm,17
tech_bb_pos_20,39.67677974700928,lightgbm,17
px_ret_mean_5,39.32676959037781,lightgbm,17
px_ret_mean_63,36.96883010864258,lightgbm,17
rng_garman_klass_21,36.92237091064453,lightgbm,17
px_dist_max_21,36.43710923194885,lightgbm,17
px_ret_std_63,35.23589897155762,lightgbm,17
px_ret_5,34.845970153808594,lightgbm,17
px_ret_10,33.97590309381485,lightgbm,17
rng_parkinson_5,33.54885983467102,lightgbm,17
xa_excess_ret_lag1,27.832769870758057,lightgbm,17
rng_garman_klass_5,27.67307996749878,lightgbm,17
vol_zscore_21,26.746639728546143,lightgbm,17
tech_stoch_d_14,22.354490280151367,lightgbm,17
tech_macd_line_norm,21.59084987640381,lightgbm,17
rng_intraday,19.76409912109375,lightgbm,17
rng_parkinson_21,17.86653995513916,lightgbm,17
tech_stoch_k_14,16.808169841766357,lightgbm,17
px_ret_mean_10,16.517185090109706,lightgbm,17
vol_log1p_volume,15.906789302825928,lightgbm,17
px_ret_kurt_63,14.799469947814941,lightgbm,17
aux_adractcnt_z63,11.096599578857422,lightgbm,17
aux_adractcnt_chg_7,10.627799987792969,lightgbm,17
xa_rel_strength_30,10.157299995422363,lightgbm,17
cal_is_weekend,10.08240032196045,lightgbm,17
vol_taker_buy_ratio_dev,9.15149974822998,lightgbm,17
vol_qv_median_ratio_63,8.994420051574707,lightgbm,17
px_dist_max_63,8.035550117492676,lightgbm,17
px_ret_std_10,3.4788899421691895,lightgbm,17
px_ret_mean_21,0.0,lightgbm,17
px_ret_std_21,0.0,lightgbm,17
xa_rank_ret_lag1,0.0,lightgbm,17
aux_splycur_z63,0.0,lightgbm,17
xa_market_dispersion,799.4224939346313,lightgbm,17
xa_market_ret_lag1,723.8568303585052,lightgbm,17
px_ret_1,717.1627397537231,lightgbm,17
rng_close_position,550.9548213481903,lightgbm,17
cal_dom_sin,484.1692967414856,lightgbm,17
aux_fng,455.50959634780884,lightgbm,17
xa_market_ret_mean_5,433.52037954330444,lightgbm,17
xa_ref_ret_mean_5,381.40331983566284,lightgbm,17
xa_ref_ret_lag1,377.17782163619995,lightgbm,17
cal_dom_cos,361.077269077301,lightgbm,17
xa_ref_ret_lag2,311.698317527771,lightgbm,17
xa_ref_vol_21,265.202739238739,lightgbm,17
aux_fng_z_63,240.699688911438,lightgbm,17
px_ret_skew_63,204.80105936527252,lightgbm,17
aux_fng_chg_7,200.77241957187653,lightgbm,17
px_ret_std_5,187.76360034942627,lightgbm,17
vol_trades_zscore_21,176.08757972717285,lightgbm,17
px_ret_3,169.9296579360962,lightgbm,17
cal_dow_cos,165.75652980804443,lightgbm,17
rng_cc_parkinson_ratio_21,146.1630311012268,lightgbm,17
px_cumret_90,127.61800003051758,lightgbm,17
px_ret_mean_63,121.50620031356812,lightgbm,17
px_dist_min_63,120.91085958480835,lightgbm,17
vol_taker_buy_ratio_mean_7,115.76666951179504,lightgbm,17
px_cumret_30,110.93967819213867,lightgbm,17
aux_txcnt_z63,105.93149900436401,lightgbm,17
aux_txcnt_chg_7,99.74572992324829,lightgbm,17
vol_taker_buy_ratio,97.12471866607666,lightgbm,17
rng_atr_14_norm,93.60150051116943,lightgbm,17
px_ret_kurt_21,89.47302031517029,lightgbm,17
px_ret_std_63,88.06048035621643,lightgbm,17
px_ret_skew_21,81.54981088638306,lightgbm,17
px_ret_2,80.86405897140503,lightgbm,17
vol_qv_median_ratio_63,78.65256118774414,lightgbm,17
px_dist_min_21,77.6420509815216,lightgbm,17
tech_rsi_14,77.01667881011963,lightgbm,17
cal_moy_sin,73.6199107170105,lightgbm,17
cal_dow_sin,73.51349902153015,lightgbm,17
vol_zscore_21,73.39462852478027,lightgbm,17
xa_corr_ref_30,68.99803018569946,lightgbm,17
vol_log1p_quote_volume,65.30392074584961,lightgbm,17
xa_rel_strength_7,64.66355013847351,lightgbm,17
xa_corr_ref_90,59.40504026412964,lightgbm,17
aux_splycur_chg_7,58.2336802482605,lightgbm,17
px_cumret_7,55.270301163196564,lightgbm,17
xa_excess_ret_lag1,49.19735050201416,lightgbm,17
px_ret_10,49.13659954071045,lightgbm,17
vol_taker_buy_ratio_dev,48.97370004653931,lightgbm,17
vol_log1p_volume,48.166630268096924,lightgbm,17
px_ret_5,48.02509021759033,lightgbm,17
rng_intraday,46.161500453948975,lightgbm,17
tech_macd_line_norm,44.11775016784668,lightgbm,17
px_ret_mean_10,43.914299964904785,lightgbm,17
tech_obv_zscore_21,42.735710859298706,lightgbm,17
px_ret_21,41.961480140686035,lightgbm,17
cal_moy_cos,40.81815981864929,lightgbm,17
px_ret_kurt_63,37.96525049209595,lightgbm,17
px_dist_max_21,35.10643005371094,lightgbm,17
tech_macd_signal_norm,33.02254009246826,lightgbm,17
vol_ret_corr_21,32.336650371551514,lightgbm,17
rng_parkinson_5,31.860369205474854,lightgbm,17
xa_rel_strength_30,30.0592999458313,lightgbm,17
tech_macd_hist_norm,26.69107961654663,lightgbm,17
tech_stoch_k_14,24.18283987045288,lightgbm,17
aux_adractcnt_chg_7,20.274030447006226,lightgbm,17
rng_garman_klass_21,19.62655007839203,lightgbm,17
aux_splycur_z63,16.2538104057312,lightgbm,17
tech_bb_pos_20,14.94950008392334,lightgbm,17
tech_stoch_d_14,14.943249702453613,lightgbm,17
rng_tr_norm,14.41182017326355,lightgbm,17
px_ret_std_10,13.236100196838379,lightgbm,17
px_ret_mean_21,12.845979690551758,lightgbm,17
px_dist_max_63,10.138699531555176,lightgbm,17
px_ret_std_21,8.341529846191406,lightgbm,17
rng_garman_klass_5,5.372970104217529,lightgbm,17
rng_parkinson_21,3.16513991355896,lightgbm,17
px_ret_mean_5,0.0,lightgbm,17
xa_rank_ret_lag1,0.0,lightgbm,17
cal_is_weekend,0.0,lightgbm,17
aux_adractcnt_z63,0.0,lightgbm,17
rng_close_position,0.06108308972873566,ridge,18
px_ret_1,0.056223039649309366,ridge,18
aux_fng,0.04761597220772024,ridge,18
cal_dom_cos,0.04693491127486481,ridge,18
xa_ref_ret_lag2,0.03721296999325518,ridge,18
cal_is_weekend,0.036352441428023345,ridge,18
px_ret_skew_21,0.035139403933267706,ridge,18
cal_dow_cos,0.03331696714182079,ridge,18
xa_rel_strength_7,0.032113654412679084,ridge,18
aux_splycur_chg_7,0.0292175006862105,ridge,18
vol_taker_buy_ratio_mean_7,0.029104267715767435,ridge,18
cal_dow_sin,0.028976656269702555,ridge,18
rng_tr_norm,0.02612880103011254,ridge,18
px_ret_kurt_63,0.025835191776744662,ridge,18
xa_market_dispersion,0.02459613064193881,ridge,18
rng_intraday,0.023865648530984322,ridge,18
px_ret_kurt_21,0.023860652903869947,ridge,18
px_ret_skew_63,0.02129880690562297,ridge,18
px_ret_mean_21,0.020695873181119644,ridge,18
px_ret_21,0.020695873181119637,ridge,18
aux_txcnt_z63,0.020206201765278493,ridge,18
xa_ref_ret_lag1,0.01928841333145526,ridge,18
px_ret_2,0.016915405913768146,ridge,18
rng_atr_14_norm,0.015205236793654316,ridge,18
aux_splycur_z63,0.015159146121162608,ridge,18
tech_macd_hist_norm,0.015027680658127079,ridge,18
px_dist_max_21,0.014995204855067727,ridge,18
aux_fng_chg_7,0.014758146723666358,ridge,18
xa_rel_strength_30,0.014725234079809479,ridge,18
vol_zscore_21,0.014488210316475276,ridge,18
xa_market_ret_lag1,0.013372998552620346,ridge,18
xa_ref_vol_21,0.012683893740502333,ridge,18
px_cumret_90,0.012666563716806646,ridge,18
rng_garman_klass_5,0.01151682794343901,ridge,18
px_ret_5,0.011381591742687812,ridge,18
px_ret_mean_5,0.01138159174268781,ridge,18
tech_stoch_k_14,0.01126999543543639,ridge,18
vol_ret_corr_21,0.011233372337457515,ridge,18
cal_dom_sin,0.010592362549708068,ridge,18
xa_corr_ref_30,0.010519529342709881,ridge,18
cal_moy_sin,0.01047341330524466,ridge,18
tech_macd_line_norm,0.009954495519757793,ridge,18
px_ret_3,0.00985253762024494,ridge,18
px_ret_std_10,0.00961951356446922,ridge,18
px_dist_min_21,0.009349348465561009,ridge,18
px_ret_std_5,0.009258002514210245,ridge,18
tech_stoch_d_14,0.008745045048558806,ridge,18
xa_ref_ret_mean_5,0.008743431385446336,ridge,18
rng_garman_klass_21,0.008230687475705866,ridge,18
px_cumret_30,0.008206747862731758,ridge,18
px_ret_mean_63,0.008035615075007281,ridge,18
tech_obv_zscore_21,0.007443151927029529,ridge,18
tech_macd_signal_norm,0.0073391629654349245,ridge,18
xa_market_ret_mean_5,0.007129180737125075,ridge,18
rng_parkinson_21,0.006797850830628568,ridge,18
px_ret_10,0.006794582056734968,ridge,18
px_ret_mean_10,0.006794582056734964,ridge,18
px_ret_std_63,0.006620042224347661,ridge,18
rng_parkinson_5,0.006557916572239898,ridge,18
rng_cc_parkinson_ratio_21,0.0063669378982003175,ridge,18
vol_log1p_volume,0.006231316952109007,ridge,18
cal_moy_cos,0.00621378194191297,ridge,18
aux_txcnt_chg_7,0.006142795256520017,ridge,18
aux_fng_z_63,0.0053546538165482735,ridge,18
px_dist_max_63,0.005100852873850459,ridge,18
xa_corr_ref_90,0.005047782578819125,ridge,18
aux_adractcnt_chg_7,0.0049633618352560955,ridge,18
px_cumret_7,0.0049490254810553615,ridge,18
xa_excess_ret_lag1,0.004213271571378417,ridge,18
aux_adractcnt_z63,0.004005109911536604,ridge,18
px_dist_min_63,0.003952629643820262,ridge,18
vol_qv_median_ratio_63,0.0036446456653693323,ridge,18
px_ret_std_21,0.003130199242806216,ridge,18
vol_taker_buy_ratio_dev,0.0028576485832040393,ridge,18
vol_taker_buy_ratio,0.0028576485832040323,ridge,18
vol_trades_zscore_21,0.0015271533803524382,ridge,18
tech_rsi_14,0.0013343852636041116,ridge,18
xa_rank_ret_lag1,0.0004858164269347677,ridge,18
tech_bb_pos_20,0.0003185984721983234,ridge,18
vol_log1p_quote_volume,4.179955621477503e-05,ridge,18
px_ret_1,739.2941774129868,lightgbm,18
xa_market_dispersion,597.9215698242188,lightgbm,18
xa_market_ret_lag1,480.0674605369568,lightgbm,18
xa_market_ret_mean_5,459.36163091659546,lightgbm,18
xa_ref_vol_21,409.1384482383728,lightgbm,18
rng_close_position,369.65181064605713,lightgbm,18
cal_dom_sin,329.7937889099121,lightgbm,18
cal_dom_cos,307.39337857067585,lightgbm,18
xa_ref_ret_lag1,305.632520198822,lightgbm,18
aux_fng,302.7140197753906,lightgbm,18
xa_ref_ret_lag2,269.5578199625015,lightgbm,18
xa_ref_ret_mean_5,228.2346887588501,lightgbm,18
cal_dow_cos,204.2964096069336,lightgbm,18
px_ret_std_5,186.09906005859375,lightgbm,18
aux_fng_z_63,166.21704173088074,lightgbm,18
px_ret_2,136.34191989898682,lightgbm,18
aux_fng_chg_7,129.21799039840698,lightgbm,18
rng_atr_14_norm,100.62869834899902,lightgbm,18
px_ret_mean_63,99.28657150268555,lightgbm,18
px_cumret_90,95.64579045772552,lightgbm,18
aux_splycur_chg_7,85.48982906341553,lightgbm,18
px_cumret_30,79.50395059585571,lightgbm,18
px_ret_skew_63,79.23964977264404,lightgbm,18
px_cumret_7,71.29891014099121,lightgbm,18
vol_trades_zscore_21,69.96664023399353,lightgbm,18
xa_rel_strength_7,68.92872858047485,lightgbm,18
vol_taker_buy_ratio,67.52134990692139,lightgbm,18
rng_tr_norm,60.48769950866699,lightgbm,18
cal_moy_sin,55.09493970870972,lightgbm,18
px_ret_3,54.4549298286438,lightgbm,18
px_ret_skew_21,51.31418967247009,lightgbm,18
px_dist_min_63,51.08491039276123,lightgbm,18
xa_corr_ref_30,46.74754047393799,lightgbm,18
px_dist_max_63,43.96584892272949,lightgbm,18
px_ret_5,43.94567012786865,lightgbm,18
px_ret_std_63,43.48767018318176,lightgbm,18
vol_qv_median_ratio_63,42.92435002326965,lightgbm,18
cal_dow_sin,42.69304049015045,lightgbm,18
vol_log1p_quote_volume,38.60139083862305,lightgbm,18
vol_taker_buy_ratio_mean_7,37.552199363708496,lightgbm,18
px_ret_std_21,36.43394947052002,lightgbm,18
px_ret_10,36.1812801361084,lightgbm,18
px_ret_kurt_21,35.17536997795105,lightgbm,18
tech_obv_zscore_21,34.523600578308105,lightgbm,18
tech_macd_line_norm,32.814640045166016,lightgbm,18
tech_stoch_k_14,31.881510257720947,lightgbm,18
tech_macd_hist_norm,31.632530450820923,lightgbm,18
rng_cc_parkinson_ratio_21,30.89252996444702,lightgbm,18
tech_macd_signal_norm,30.891489505767822,lightgbm,18
vol_zscore_21,29.001220703125,lightgbm,18
px_ret_kurt_63,25.17326021194458,lightgbm,18
px_dist_min_21,24.962539672851562,lightgbm,18
vol_log1p_volume,24.83245038986206,lightgbm,18
aux_txcnt_z63,20.65484046936035,lightgbm,18
aux_adractcnt_chg_7,18.98419952392578,lightgbm,18
aux_txcnt_chg_7,18.661280632019043,lightgbm,18
px_ret_21,18.44644069671631,lightgbm,18
vol_ret_corr_21,18.202410221099854,lightgbm,18
rng_intraday,18.05282974243164,lightgbm,18
cal_moy_cos,15.837400436401367,lightgbm,18
rng_parkinson_21,15.311880111694336,lightgbm,18
aux_adractcnt_z63,15.270060062408447,lightgbm,18
xa_excess_ret_lag1,15.095929861068726,lightgbm,18
rng_garman_klass_5,14.55049991607666,lightgbm,18
xa_corr_ref_90,13.88010025024414,lightgbm,18
rng_garman_klass_21,11.421780109405518,lightgbm,18
vol_taker_buy_ratio_dev,11.328499794006348,lightgbm,18
px_dist_max_21,10.518219947814941,lightgbm,18
tech_bb_pos_20,10.50220012664795,lightgbm,18
tech_stoch_d_14,9.969229936599731,lightgbm,18
px_ret_mean_21,9.710630416870117,lightgbm,18
tech_rsi_14,8.095190048217773,lightgbm,18
xa_rel_strength_30,4.70605993270874,lightgbm,18
rng_parkinson_5,4.459560036659241,lightgbm,18
aux_splycur_z63,2.1968400478363037,lightgbm,18
px_ret_std_10,2.0391600131988525,lightgbm,18
px_ret_mean_10,0.0,lightgbm,18
px_ret_mean_5,0.0,lightgbm,18
xa_rank_ret_lag1,0.0,lightgbm,18
cal_is_weekend,0.0,lightgbm,18
px_ret_1,994.5123519897461,lightgbm,18
xa_market_dispersion,863.8891441822052,lightgbm,18
xa_ref_ret_lag1,600.7311840057373,lightgbm,18
xa_market_ret_lag1,586.0704312324524,lightgbm,18
xa_market_ret_mean_5,535.2649173736572,lightgbm,18
xa_ref_vol_21,488.99171924591064,lightgbm,18
rng_close_position,437.63971281051636,lightgbm,18
aux_fng,422.8965401649475,lightgbm,18
cal_dom_sin,390.0451602935791,lightgbm,18
xa_ref_ret_lag2,377.4512813091278,lightgbm,18
cal_dom_cos,364.17297780513763,lightgbm,18
xa_ref_ret_mean_5,321.7047734260559,lightgbm,18
aux_fng_chg_7,303.1009316444397,lightgbm,18
aux_fng_z_63,279.0398895740509,lightgbm,18
cal_dow_cos,205.53572845458984,lightgbm,18
px_ret_std_5,193.2851333618164,lightgbm,18
px_ret_2,182.11592078208923,lightgbm,18
aux_splycur_chg_7,162.2477903366089,lightgbm,18
rng_atr_14_norm,134.02874064445496,lightgbm,18
px_cumret_90,132.1019206047058,lightgbm,18
px_ret_skew_63,128.79033184051514,lightgbm,18
tech_obv_zscore_21,117.78804016113281,lightgbm,18
xa_corr_ref_30,104.54122018814087,lightgbm,18
rng_tr_norm,100.35204029083252,lightgbm,18
vol_trades_zscore_21,99.40307998657227,lightgbm,18
px_ret_skew_21,92.71945190429688,lightgbm,18
px_dist_min_21,90.87318086624146,lightgbm,18
vol_log1p_quote_volume,86.583456158638,lightgbm,18
xa_rel_strength_7,83.50290012359619,lightgbm,18
px_ret_3,81.8844313621521,lightgbm,18
vol_taker_buy_ratio_mean_7,80.56275939941406,lightgbm,18
px_ret_5,74.05409002304077,lightgbm,18
px_ret_mean_63,72.41453075408936,lightgbm,18
tech_macd_line_norm,67.49489974975586,lightgbm,18
aux_txcnt_z63,64.37577104568481,lightgbm,18
rng_cc_parkinson_ratio_21,62.15510034561157,lightgbm,18
aux_splycur_z63,60.588629722595215,lightgbm,18
tech_macd_hist_norm,56.0622501373291,lightgbm,18
vol_qv_median_ratio_63,56.014349937438965,lightgbm,18
tech_stoch_k_14,54.28714895248413,lightgbm,18
cal_dow_sin,54.18079876899719,lightgbm,18
vol_taker_buy_ratio,54.08916902542114,lightgbm,18
px_dist_min_63,53.283480644226074,lightgbm,18
px_cumret_30,51.22849082946777,lightgbm,18
px_ret_kurt_21,50.85615944862366,lightgbm,18
tech_bb_pos_20,48.039860248565674,lightgbm,18
vol_taker_buy_ratio_dev,47.666319370269775,lightgbm,18
px_ret_std_10,44.943089962005615,lightgbm,18
tech_stoch_d_14,42.936819553375244,lightgbm,18
px_dist_max_63,41.097859382629395,lightgbm,18
tech_macd_signal_norm,41.02789926528931,lightgbm,18
px_ret_21,40.49099016189575,lightgbm,18
px_ret_10,39.02571964263916,lightgbm,18
cal_moy_sin,38.995370864868164,lightgbm,18
rng_garman_klass_5,38.44024038314819,lightgbm,18
rng_intraday,36.35318994522095,lightgbm,18
px_cumret_7,35.389780044555664,lightgbm,18
aux_txcnt_chg_7,31.504700183868408,lightgbm,18
xa_excess_ret_lag1,31.093420028686523,lightgbm,18
px_ret_std_63,29.11865997314453,lightgbm,18
rng_garman_klass_21,28.237980365753174,lightgbm,18
tech_rsi_14,27.999629974365234,lightgbm,18
rng_parkinson_21,26.836499214172363,lightgbm,18
px_ret_kurt_63,24.64350986480713,lightgbm,18
vol_ret_corr_21,24.61355972290039,lightgbm,18
xa_corr_ref_90,23.119420051574707,lightgbm,18
vol_zscore_21,21.451640129089355,lightgbm,18
px_ret_mean_10,20.62167978286743,lightgbm,18
px_dist_max_21,16.15051031112671,lightgbm,18
cal_moy_cos,13.934599876403809,lightgbm,18
xa_rel_strength_30,11.978400230407715,lightgbm,18
aux_adractcnt_z63,10.820799827575684,lightgbm,18
px_ret_mean_21,8.660409927368164,lightgbm,18
px_ret_std_21,7.712430000305176,lightgbm,18
rng_parkinson_5,5.4811601638793945,lightgbm,18
px_ret_mean_5,0.0,lightgbm,18
vol_log1p_volume,0.0,lightgbm,18
xa_rank_ret_lag1,0.0,lightgbm,18
cal_is_weekend,0.0,lightgbm,18
aux_adractcnt_chg_7,0.0,lightgbm,18
px_ret_1,778.784583568573,lightgbm,18
xa_market_dispersion,584.9393911361694,lightgbm,18
xa_market_ret_lag1,560.8948192596436,lightgbm,18
xa_ref_vol_21,396.3628879785538,lightgbm,18
xa_market_ret_mean_5,363.49468994140625,lightgbm,18
cal_dom_sin,357.74946212768555,lightgbm,18
xa_ref_ret_lag1,326.4119596481323,lightgbm,18
aux_fng,322.7780714035034,lightgbm,18
rng_close_position,317.8825410231948,lightgbm,18
xa_ref_ret_lag2,243.13129591196775,lightgbm,18
xa_ref_ret_mean_5,235.0922794342041,lightgbm,18
cal_dom_cos,181.5236406326294,lightgbm,18
rng_atr_14_norm,157.2594404220581,lightgbm,18
px_ret_std_5,145.04104948043823,lightgbm,18
cal_dow_cos,123.85396814346313,lightgbm,18
aux_fng_chg_7,113.86898064613342,lightgbm,18
px_ret_skew_63,113.42688941955566,lightgbm,18
px_cumret_90,90.59630846977234,lightgbm,18
aux_splycur_z63,87.37239980697632,lightgbm,18
px_ret_2,82.83331966400146,lightgbm,18
cal_moy_sin,77.73205089569092,lightgbm,18
aux_fng_z_63,76.9082498550415,lightgbm,18
tech_rsi_14,76.37743949890137,lightgbm,18
px_ret_kurt_21,72.12201929092407,lightgbm,18
px_ret_mean_63,70.56546974182129,lightgbm,18
vol_taker_buy_ratio,63.96480989456177,lightgbm,18
vol_trades_zscore_21,60.57151985168457,lightgbm,18
rng_intraday,59.94390106201172,lightgbm,18
xa_rel_strength_7,57.3290491104126,lightgbm,18
vol_taker_buy_ratio_mean_7,56.909311294555664,lightgbm,18
tech_stoch_d_14,56.57153010368347,lightgbm,18
vol_taker_buy_ratio_dev,54.18369960784912,lightgbm,18
px_ret_10,53.9274799823761,lightgbm,18
px_ret_21,48.573631048202515,lightgbm,18
vol_qv_median_ratio_63,46.58541965484619,lightgbm,18
aux_txcnt_chg_7,45.97339057922363,lightgbm,18
aux_txcnt_z63,44.324910163879395,lightgbm,18
rng_tr_norm,43.299049854278564,lightgbm,18
tech_obv_zscore_21,42.30679988861084,lightgbm,18
tech_macd_signal_norm,39.50600051879883,lightgbm,18
px_dist_min_63,36.54818058013916,lightgbm,18
px_ret_std_63,35.63490962982178,lightgbm,18
tech_bb_pos_20,33.92984962463379,lightgbm,18
vol_ret_corr_21,33.88267993927002,lightgbm,18
px_ret_3,33.12827014923096,lightgbm,18
xa_corr_ref_90,32.23644971847534,lightgbm,18
px_cumret_30,31.109800338745117,lightgbm,18
px_dist_min_21,29.55724048614502,lightgbm,18
px_ret_mean_10,28.570399284362793,lightgbm,18
xa_corr_ref_30,27.351009368896484,lightgbm,18
rng_cc_parkinson_ratio_21,26.51342910528183,lightgbm,18
tech_macd_hist_norm,26.082000255584717,lightgbm,18
cal_moy_cos,26.015029907226562,lightgbm,18
px_ret_skew_21,25.563220262527466,lightgbm,18
tech_stoch_k_14,23.204169750213623,lightgbm,18
px_dist_max_21,20.91392993927002,lightgbm,18
cal_dow_sin,18.79872989654541,lightgbm,18
px_ret_std_10,15.768699645996094,lightgbm,18
rng_garman_klass_21,15.245970487594604,lightgbm,18
px_ret_kurt_63,15.031779646873474,lightgbm,18
rng_parkinson_21,14.662729740142822,lightgbm,18
vol_log1p_quote_volume,13.958909511566162,lightgbm,18
tech_macd_line_norm,13.046000480651855,lightgbm,18
rng_parkinson_5,11.771039724349976,lightgbm,18
aux_adractcnt_chg_7,11.197439908981323,lightgbm,18
xa_rel_strength_30,9.919050216674805,lightgbm,18
px_ret_mean_21,9.431249618530273,lightgbm,18
vol_zscore_21,7.216949939727783,lightgbm,18
vol_log1p_volume,7.040639877319336,lightgbm,18
aux_splycur_chg_7,6.494619846343994,lightgbm,18
px_ret_std_21,4.192669868469238,lightgbm,18
xa_excess_ret_lag1,3.929189920425415,lightgbm,18
px_cumret_7,2.7494499683380127,lightgbm,18
px_ret_mean_5,0.0,lightgbm,18
px_ret_5,0.0,lightgbm,18
px_dist_max_63,0.0,lightgbm,18
rng_garman_klass_5,0.0,lightgbm,18
xa_rank_ret_lag1,0.0,lightgbm,18
cal_is_weekend,0.0,lightgbm,18
aux_adractcnt_z63,0.0,lightgbm,18
px_ret_1,883.9583721160889,lightgbm,18
xa_market_ret_lag1,628.8213996887207,lightgbm,18
xa_market_dispersion,550.7280623912811,lightgbm,18
xa_market_ret_mean_5,446.6301279067993,lightgbm,18
xa_ref_vol_21,432.72801303863525,lightgbm,18
cal_dom_sin,427.55755138397217,lightgbm,18
aux_fng,395.26265144348145,lightgbm,18
rng_close_position,393.96973180770874,lightgbm,18
xa_ref_ret_lag1,375.79490971565247,lightgbm,18
xa_ref_ret_mean_5,351.3373680114746,lightgbm,18
cal_dom_cos,321.8841595649719,lightgbm,18
cal_dow_cos,304.26956129074097,lightgbm,18
xa_ref_ret_lag2,265.35276889801025,lightgbm,18
vol_trades_zscore_21,171.07524967193604,lightgbm,18
px_ret_std_5,165.0306899547577,lightgbm,18
px_ret_2,144.66450119018555,lightgbm,18
px_cumret_90,137.98227977752686,lightgbm,18
aux_fng_chg_7,131.20576977729797,lightgbm,18
px_cumret_30,126.15390157699585,lightgbm,18
aux_fng_z_63,122.15661191940308,lightgbm,18
tech_macd_hist_norm,95.61472988128662,lightgbm,18
tech_obv_zscore_21,90.2944803237915,lightgbm,18
cal_dow_sin,86.9854006767273,lightgbm,18
px_ret_skew_63,86.21509051322937,lightgbm,18
px_ret_mean_63,83.98187065124512,lightgbm,18
vol_taker_buy_ratio_mean_7,83.27063059806824,lightgbm,18
aux_splycur_chg_7,79.7117280960083,lightgbm,18
vol_qv_median_ratio_63,77.0729398727417,lightgbm,18
vol_taker_buy_ratio,73.91668033599854,lightgbm,18
px_ret_kurt_21,72.6257598400116,lightgbm,18
tech_rsi_14,67.71993112564087,lightgbm,18
px_dist_min_63,61.21556997299194,lightgbm,18
px_ret_3,60.79535698890686,lightgbm,18
rng_atr_14_norm,57.36592960357666,lightgbm,18
px_ret_kurt_63,57.188990116119385,lightgbm,18
xa_corr_ref_90,56.66404056549072,lightgbm,18
tech_stoch_d_14,54.0881404876709,lightgbm,18
px_ret_std_10,52.01658916473389,lightgbm,18
rng_tr_norm,51.72854995727539,lightgbm,18
px_dist_min_21,49.470799922943115,lightgbm,18
vol_zscore_21,48.98341941833496,lightgbm,18
px_ret_std_63,47.51989984512329,lightgbm,18
aux_splycur_z63,42.65521025657654,lightgbm,18
vol_ret_corr_21,42.12754964828491,lightgbm,18
tech_bb_pos_20,40.98363995552063,lightgbm,18
tech_stoch_k_14,40.20927953720093,lightgbm,18
xa_rel_strength_7,37.68877983093262,lightgbm,18
xa_excess_ret_lag1,37.469589710235596,lightgbm,18
vol_log1p_quote_volume,37.43963003158569,lightgbm,18
px_dist_max_63,36.51365089416504,lightgbm,18
rng_parkinson_21,34.73163986206055,lightgbm,18
px_ret_5,31.890199661254883,lightgbm,18
px_cumret_7,31.189804077148438,lightgbm,18
rng_garman_klass_5,31.066840171813965,lightgbm,18
cal_moy_cos,30.365699768066406,lightgbm,18
xa_corr_ref_30,30.208289623260498,lightgbm,18
cal_moy_sin,28.500460147857666,lightgbm,18
rng_cc_parkinson_ratio_21,26.978379487991333,lightgbm,18
rng_garman_klass_21,26.882840156555176,lightgbm,18
xa_rel_strength_30,26.33873987197876,lightgbm,18
rng_intraday,25.65410041809082,lightgbm,18
tech_macd_line_norm,18.313889980316162,lightgbm,18
px_ret_10,16.97012972831726,lightgbm,18
tech_macd_signal_norm,15.9989595413208,lightgbm,18
aux_txcnt_chg_7,15.549934029579163,lightgbm,18
px_ret_mean_21,14.60303020477295,lightgbm,18
px_ret_mean_5,14.0201997756958,lightgbm,18
vol_log1p_volume,13.237420082092285,lightgbm,18
vol_taker_buy_ratio_dev,11.622900009155273,lightgbm,18
px_dist_max_21,10.24960994720459,lightgbm,18
cal_is_weekend,10.060400009155273,lightgbm,18
rng_parkinson_5,9.66096019744873,lightgbm,18
px_ret_21,9.381629943847656,lightgbm,18
px_ret_skew_21,8.328579783439636,lightgbm,18
aux_adractcnt_z63,6.695670127868652,lightgbm,18
px_ret_mean_10,4.763390064239502,lightgbm,18
px_ret_std_21,0.0,lightgbm,18
xa_rank_ret_lag1,0.0,lightgbm,18
aux_adractcnt_chg_7,0.0,lightgbm,18
aux_txcnt_z63,0.0,lightgbm,18
px_ret_1,618.4396996498108,lightgbm,18
xa_market_ret_lag1,515.5991077423096,lightgbm,18
xa_market_dispersion,502.9036121368408,lightgbm,18
rng_close_position,472.6088900566101,lightgbm,18
xa_market_ret_mean_5,401.42279863357544,lightgbm,18
xa_ref_vol_21,336.46144020557404,lightgbm,18
xa_ref_ret_lag1,288.53634881973267,lightgbm,18
aux_fng,262.5534167289734,lightgbm,18
xa_ref_ret_mean_5,245.43192100524902,lightgbm,18
cal_dom_sin,232.7691617012024,lightgbm,18
cal_dom_cos,203.09298038482666,lightgbm,18
xa_ref_ret_lag2,194.67491006851196,lightgbm,18
aux_fng_chg_7,190.43533158302307,lightgbm,18
cal_dow_cos,188.7098889350891,lightgbm,18
rng_atr_14_norm,184.43388748168945,lightgbm,18
px_ret_std_5,147.71172904968262,lightgbm,18
px_ret_skew_63,127.15470027923584,lightgbm,18
px_ret_2,119.19930934906006,lightgbm,18
px_cumret_90,90.36742210388184,lightgbm,18
xa_corr_ref_90,83.17477035522461,lightgbm,18
aux_fng_z_63,75.9293714761734,lightgbm,18
rng_tr_norm,72.99909973144531,lightgbm,18
px_dist_min_63,72.48110914230347,lightgbm,18
xa_corr_ref_30,63.62285900115967,lightgbm,18
vol_trades_zscore_21,60.18929958343506,lightgbm,18
tech_stoch_k_14,59.00631046295166,lightgbm,18
px_cumret_30,58.977550745010376,lightgbm,18
px_cumret_7,48.8408659696579,lightgbm,18
tech_macd_hist_norm,46.58107137680054,lightgbm,18
cal_moy_cos,45.29738998413086,lightgbm,18
vol_log1p_quote_volume,43.85478067398071,lightgbm,18
cal_dow_sin,42.569420337677,lightgbm,18
cal_moy_sin,40.40909957885742,lightgbm,18
px_ret_mean_63,40.24769973754883,lightgbm,18
xa_rel_strength_7,39.02641010284424,lightgbm,18
aux_txcnt_z63,34.60548973083496,lightgbm,18
tech_obv_zscore_21,33.03264045715332,lightgbm,18
vol_taker_buy_ratio_mean_7,30.628469944000244,lightgbm,18
px_ret_3,29.866919994354248,lightgbm,18
rng_parkinson_21,28.203819274902344,lightgbm,18
tech_rsi_14,26.454100608825684,lightgbm,18
tech_stoch_d_14,25.52965021133423,lightgbm,18
vol_ret_corr_21,20.318119525909424,lightgbm,18
aux_splycur_chg_7,20.051730632781982,lightgbm,18
px_ret_std_10,19.377840518951416,lightgbm,18
aux_splycur_z63,18.752039909362793,lightgbm,18
px_dist_min_21,17.636969804763794,lightgbm,18
rng_garman_klass_5,17.574679374694824,lightgbm,18
vol_log1p_volume,17.17913007736206,lightgbm,18
rng_garman_klass_21,16.072200775146484,lightgbm,18
xa_excess_ret_lag1,15.805099964141846,lightgbm,18
px_ret_10,15.784749984741211,lightgbm,18
px_ret_21,15.078440189361572,lightgbm,18
vol_taker_buy_ratio,14.3965904712677,lightgbm,18
px_ret_skew_21,13.515759944915771,lightgbm,18
rng_cc_parkinson_ratio_21,11.048700332641602,lightgbm,18
px_ret_mean_10,10.614299774169922,lightgbm,18
xa_rel_strength_30,9.263870239257812,lightgbm,18
vol_zscore_21,8.934470176696777,lightgbm,18
px_dist_max_21,8.08827018737793,lightgbm,18
px_ret_kurt_21,6.953279972076416,lightgbm,18
px_ret_5,6.8618998527526855,lightgbm,18
aux_adractcnt_chg_7,6.529980182647705,lightgbm,18
tech_macd_signal_norm,6.420609951019287,lightgbm,18
tech_macd_line_norm,5.853919982910156,lightgbm,18
tech_bb_pos_20,3.8484199047088623,lightgbm,18
px_ret_std_21,3.705199956893921,lightgbm,18
px_dist_max_63,3.419140100479126,lightgbm,18
px_ret_std_63,2.7365899085998535,lightgbm,18
aux_txcnt_chg_7,2.5494298934936523,lightgbm,18
px_ret_mean_21,0.0,lightgbm,18
px_ret_mean_5,0.0,lightgbm,18
rng_intraday,0.0,lightgbm,18
vol_taker_buy_ratio_dev,0.0,lightgbm,18
rng_parkinson_5,0.0,lightgbm,18
vol_qv_median_ratio_63,0.0,lightgbm,18
px_ret_kurt_63,0.0,lightgbm,18
xa_rank_ret_lag1,0.0,lightgbm,18
cal_is_weekend,0.0,lightgbm,18
aux_adractcnt_z63,0.0,lightgbm,18
rng_close_position,0.06204251481465406,ridge,19
px_ret_1,0.05541040760636883,ridge,19
aux_fng,0.04529714250680423,ridge,19
cal_dom_cos,0.038224148858420126,ridge,19
xa_ref_ret_lag2,0.0381213398992556,ridge,19
cal_is_weekend,0.03500527770109859,ridge,19
px_ret_skew_21,0.03426015102755139,ridge,19
cal_dow_sin,0.030185548514126546,ridge,19
xa_rel_strength_7,0.027738112714461888,ridge,19
vol_taker_buy_ratio_mean_7,0.027514786255391017,ridge,19
aux_splycur_chg_7,0.027003107669124404,ridge,19
xa_market_dispersion,0.026713663939067635,ridge,19
rng_tr_norm,0.026091608471629224,ridge,19
cal_dow_cos,0.025418103473000296,ridge,19
px_ret_kurt_63,0.024184662104698478,ridge,19
px_ret_mean_21,0.024146137997193916,ridge,19
px_ret_21,0.024146137997193916,ridge,19
rng_intraday,0.023938144138045916,ridge,19
px_ret_kurt_21,0.02282797223031812,ridge,19
xa_ref_ret_lag1,0.019388538536189378,ridge,19
px_ret_skew_63,0.01907591692535061,ridge,19
xa_market_ret_lag1,0.017089512463836776,ridge,19
rng_atr_14_norm,0.016628776726225303,ridge,19
tech_macd_hist_norm,0.01594699403318143,ridge,19
aux_splycur_z63,0.015188513442444245,ridge,19
px_ret_2,0.014948824794354722,ridge,19
vol_zscore_21,0.014828032042840616,ridge,19
px_cumret_30,0.014603974725348174,ridge,19
px_dist_max_21,0.013850554793943811,ridge,19
vol_ret_corr_21,0.013681641171786245,ridge,19
px_cumret_90,0.01356493239774168,ridge,19
aux_fng_chg_7,0.013547848076079777,ridge,19
aux_txcnt_z63,0.013395060155316878,ridge,19
xa_rel_strength_30,0.012570831879076054,ridge,19
rng_garman_klass_5,0.012364400304685693,ridge,19
cal_dom_sin,0.011981687776495857,ridge,19
px_ret_std_5,0.01191073057921655,ridge,19
tech_stoch_d_14,0.011581255269396209,ridge,19
xa_ref_vol_21,0.011072448236095355,ridge,19
px_ret_3,0.011028484085786938,ridge,19
xa_corr_ref_30,0.010839676572828492,ridge,19
px_dist_min_63,0.010085946332696608,ridge,19
px_ret_5,0.010045127988560205,ridge,19
px_ret_mean_5,0.010045127988560198,ridge,19
tech_macd_line_norm,0.009533776448863565,ridge,19
rng_cc_parkinson_ratio_21,0.008943867244653226,ridge,19
cal_moy_sin,0.008852033641740378,ridge,19
aux_adractcnt_z63,0.008631239866082689,ridge,19
aux_fng_z_63,0.008492464455344614,ridge,19
rng_garman_klass_21,0.00814356750544347,ridge,19
px_ret_std_10,0.00801587951999097,ridge,19
vol_log1p_volume,0.007746090604431959,ridge,19
px_ret_mean_10,0.007443140916680263,ridge,19
px_ret_10,0.00744314091668026,ridge,19
xa_market_ret_mean_5,0.0072150342914132784,ridge,19
tech_macd_signal_norm,0.006845833630860091,ridge,19
rng_parkinson_21,0.00680816339967824,ridge,19
px_ret_std_63,0.006722164292266185,ridge,19
tech_stoch_k_14,0.006634662520331719,ridge,19
rng_parkinson_5,0.006581602498879312,ridge,19
xa_excess_ret_lag1,0.0064997860039900275,ridge,19
px_dist_min_21,0.00638289365301882,ridge,19
tech_obv_zscore_21,0.00633669872057588,ridge,19
cal_moy_cos,0.005666971690640474,ridge,19
xa_ref_ret_mean_5,0.005538294671301468,ridge,19
xa_corr_ref_90,0.005518027662934954,ridge,19
px_ret_mean_63,0.004734445546386125,ridge,19
px_cumret_7,0.004352316999825951,ridge,19
px_dist_max_63,0.0041534772644790585,ridge,19
tech_bb_pos_20,0.003555081447219344,ridge,19
aux_adractcnt_chg_7,0.003211541548531267,ridge,19
px_ret_std_21,0.0032091821380406346,ridge,19
xa_rank_ret_lag1,0.0016503441132751102,ridge,19
tech_rsi_14,0.001437876316393592,ridge,19
vol_taker_buy_ratio_dev,0.0014260302078199975,ridge,19
vol_taker_buy_ratio,0.0014260302078199668,ridge,19
aux_txcnt_chg_7,0.0010186078359323903,ridge,19
vol_log1p_quote_volume,0.000498309454758948,ridge,19
vol_trades_zscore_21,0.00020095632921563651,ridge,19
vol_qv_median_ratio_63,0.00011807826269231587,ridge,19
px_ret_1,595.9421679973602,lightgbm,19
xa_market_ret_lag1,321.26580238342285,lightgbm,19
xa_market_ret_mean_5,303.96518325805664,lightgbm,19
aux_fng,282.31852531433105,lightgbm,19
rng_close_position,277.1487994194031,lightgbm,19
xa_ref_vol_21,272.6535687446594,lightgbm,19
xa_market_dispersion,217.57403898239136,lightgbm,19
xa_ref_ret_lag1,174.6771296262741,lightgbm,19
cal_dom_sin,148.07359981536865,lightgbm,19
cal_dom_cos,136.621328830719,lightgbm,19
px_ret_std_5,133.45100116729736,lightgbm,19
aux_fng_z_63,129.1475691795349,lightgbm,19
xa_ref_ret_lag2,122.54217028617859,lightgbm,19
aux_fng_chg_7,107.0436282157898,lightgbm,19
xa_ref_ret_mean_5,92.02783107757568,lightgbm,19
rng_atr_14_norm,87.2947006225586,lightgbm,19
vol_taker_buy_ratio,74.16617965698242,lightgbm,19
px_dist_min_21,61.13959980010986,lightgbm,19
px_ret_kurt_21,59.12252998352051,lightgbm,19
px_ret_skew_21,58.27587962150574,lightgbm,19
cal_dow_cos,55.86928033828735,lightgbm,19
tech_macd_signal_norm,51.37282991409302,lightgbm,19
tech_stoch_d_14,44.75779938697815,lightgbm,19
px_dist_max_21,41.86367988586426,lightgbm,19
px_ret_skew_63,38.523229122161865,lightgbm,19
rng_cc_parkinson_ratio_21,36.24967098236084,lightgbm,19
tech_obv_zscore_21,36.06053018569946,lightgbm,19
vol_zscore_21,34.25789022445679,lightgbm,19
px_dist_min_63,33.88435935974121,lightgbm,19
px_ret_kurt_63,33.00356101989746,lightgbm,19
cal_dow_sin,32.04693031311035,lightgbm,19
rng_tr_norm,29.795700073242188,lightgbm,19
xa_corr_ref_30,27.85280990600586,lightgbm,19
tech_rsi_14,27.59872055053711,lightgbm,19
px_ret_mean_63,25.96719980239868,lightgbm,19
aux_splycur_chg_7,25.777400016784668,lightgbm,19
px_ret_std_63,25.009599685668945,lightgbm,19
xa_rel_strength_7,24.90429973602295,lightgbm,19
vol_taker_buy_ratio_mean_7,24.718000411987305,lightgbm,19
cal_moy_sin,24.49870014190674,lightgbm,19
rng_garman_klass_21,23.918429374694824,lightgbm,19
px_ret_std_10,23.418100357055664,lightgbm,19
px_ret_2,23.138729572296143,lightgbm,19
px_ret_10,21.782899856567383,lightgbm,19
vol_log1p_volume,20.9241304397583,lightgbm,19
vol_taker_buy_ratio_dev,20.57979965209961,lightgbm,19
px_ret_std_21,20.44263982772827,lightgbm,19
vol_ret_corr_21,19.93936014175415,lightgbm,19
rng_parkinson_21,14.834619522094727,lightgbm,19
px_ret_21,13.697749972343445,lightgbm,19
px_cumret_30,12.776700019836426,lightgbm,19
aux_txcnt_z63,11.703499794006348,lightgbm,19
px_cumret_90,11.626899719238281,lightgbm,19
rng_garman_klass_5,11.54539966583252,lightgbm,19
px_ret_5,10.534799575805664,lightgbm,19
tech_bb_pos_20,10.488440036773682,lightgbm,19
rng_parkinson_5,10.449799537658691,lightgbm,19
tech_stoch_k_14,10.100299835205078,lightgbm,19
aux_txcnt_chg_7,9.22859001159668,lightgbm,19
px_cumret_7,8.365480422973633,lightgbm,19
xa_rel_strength_30,8.176799774169922,lightgbm,19
aux_splycur_z63,7.2576799392700195,lightgbm,19
rng_intraday,6.5246500968933105,lightgbm,19
vol_qv_median_ratio_63,3.60260009765625,lightgbm,19
px_ret_mean_10,0.0,lightgbm,19
px_ret_mean_21,0.0,lightgbm,19
px_ret_3,0.0,lightgbm,19
px_ret_mean_5,0.0,lightgbm,19
px_dist_max_63,0.0,lightgbm,19
tech_macd_line_norm,0.0,lightgbm,19
vol_log1p_quote_volume,0.0,lightgbm,19
vol_trades_zscore_21,0.0,lightgbm,19
tech_macd_hist_norm,0.0,lightgbm,19
xa_excess_ret_lag1,0.0,lightgbm,19
xa_corr_ref_90,0.0,lightgbm,19
xa_rank_ret_lag1,0.0,lightgbm,19
cal_is_weekend,0.0,lightgbm,19
cal_moy_cos,0.0,lightgbm,19
aux_adractcnt_chg_7,0.0,lightgbm,19
aux_adractcnt_z63,0.0,lightgbm,19
px_ret_1,691.5793044567108,lightgbm,19
xa_market_ret_lag1,334.0831890106201,lightgbm,19
aux_fng,291.6444876194,lightgbm,19
xa_market_dispersion,290.0270893573761,lightgbm,19
xa_ref_vol_21,259.31685757637024,lightgbm,19
xa_ref_ret_lag1,240.1215114593506,lightgbm,19
cal_dom_sin,209.28475189208984,lightgbm,19
xa_market_ret_mean_5,205.38342142105103,lightgbm,19
xa_ref_ret_lag2,187.85711860656738,lightgbm,19
rng_close_position,150.243989944458,lightgbm,19
aux_fng_chg_7,137.3029100894928,lightgbm,19
xa_ref_ret_mean_5,131.3287501335144,lightgbm,19
px_ret_std_5,117.46845629811287,lightgbm,19
px_ret_skew_63,116.07189989089966,lightgbm,19
cal_dom_cos,108.71529960632324,lightgbm,19
rng_atr_14_norm,101.00106143951416,lightgbm,19
cal_dow_cos,93.47178077697754,lightgbm,19
tech_obv_zscore_21,78.65928983688354,lightgbm,19
px_ret_2,58.11489963531494,lightgbm,19
aux_fng_z_63,47.30163049697876,lightgbm,19
xa_corr_ref_30,36.67438983917236,lightgbm,19
vol_taker_buy_ratio_dev,35.72286128997803,lightgbm,19
px_ret_std_63,34.43850040435791,lightgbm,19
px_ret_21,30.287190437316895,lightgbm,19
cal_moy_sin,29.456629753112793,lightgbm,19
rng_tr_norm,29.14799976348877,lightgbm,19
px_ret_mean_63,28.337499618530273,lightgbm,19
vol_taker_buy_ratio,23.976200103759766,lightgbm,19
px_dist_max_63,23.93709945678711,lightgbm,19
px_cumret_90,23.525391101837158,lightgbm,19
px_dist_max_21,22.591670513153076,lightgbm,19
vol_trades_zscore_21,22.171030044555664,lightgbm,19
tech_macd_hist_norm,21.895569801330566,lightgbm,19
rng_cc_parkinson_ratio_21,21.478039741516113,lightgbm,19
tech_macd_signal_norm,20.05158042907715,lightgbm,19
rng_intraday,19.905710220336914,lightgbm,19
px_ret_kurt_21,19.18055009841919,lightgbm,19
xa_rel_strength_7,18.44596004486084,lightgbm,19
px_cumret_30,18.22834014892578,lightgbm,19
xa_rel_strength_30,17.715200424194336,lightgbm,19
aux_splycur_chg_7,16.6072998046875,lightgbm,19
rng_parkinson_21,14.194999694824219,lightgbm,19
tech_rsi_14,14.110699653625488,lightgbm,19
tech_macd_line_norm,14.013999938964844,lightgbm,19
px_ret_10,13.788599967956543,lightgbm,19
px_ret_std_10,13.067500114440918,lightgbm,19
px_ret_kurt_63,12.085000038146973,lightgbm,19
vol_log1p_volume,11.620699882507324,lightgbm,19
vol_zscore_21,9.224530220031738,lightgbm,19
px_ret_skew_21,8.792559623718262,lightgbm,19
rng_garman_klass_21,8.534950256347656,lightgbm,19
px_dist_min_63,8.43945026397705,lightgbm,19
vol_taker_buy_ratio_mean_7,8.305990219116211,lightgbm,19
aux_txcnt_chg_7,8.19474983215332,lightgbm,19
cal_dow_sin,7.778950214385986,lightgbm,19
px_ret_3,7.28944993019104,lightgbm,19
xa_corr_ref_90,6.60230016708374,lightgbm,19
vol_qv_median_ratio_63,6.381659984588623,lightgbm,19
px_dist_min_21,4.684830188751221,lightgbm,19
vol_ret_corr_21,4.537769794464111,lightgbm,19
tech_bb_pos_20,4.221909999847412,lightgbm,19
aux_adractcnt_chg_7,4.175340175628662,lightgbm,19
px_ret_5,0.0,lightgbm,19
px_ret_mean_5,0.0,lightgbm,19
px_ret_mean_21,0.0,lightgbm,19
px_ret_mean_10,0.0,lightgbm,19
px_ret_std_21,0.0,lightgbm,19
vol_log1p_quote_volume,0.0,lightgbm,19
rng_parkinson_5,0.0,lightgbm,19
rng_garman_klass_5,0.0,lightgbm,19
px_cumret_7,0.0,lightgbm,19
tech_stoch_d_14,0.0,lightgbm,19
xa_excess_ret_lag1,0.0,lightgbm,19
xa_rank_ret_lag1,0.0,lightgbm,19
tech_stoch_k_14,0.0,lightgbm,19
cal_moy_cos,0.0,lightgbm,19
cal_is_weekend,0.0,lightgbm,19
aux_adractcnt_z63,0.0,lightgbm,19
aux_txcnt_z63,0.0,lightgbm,19
aux_splycur_z63,0.0,lightgbm,19
px_ret_1,875.0202388763428,lightgbm,19
xa_market_ret_mean_5,478.0285291671753,lightgbm,19
xa_market_dispersion,461.9355893135071,lightgbm,19
aux_fng,386.6605920791626,lightgbm,19
xa_market_ret_lag1,385.34925842285156,lightgbm,19
xa_ref_vol_21,371.5890989303589,lightgbm,19
xa_ref_ret_lag2,351.0248489379883,lightgbm,19
rng_close_position,327.9744312763214,lightgbm,19
cal_dom_sin,327.87595081329346,lightgbm,19
xa_ref_ret_lag1,295.20259833335876,lightgbm,19
cal_dom_cos,255.46108865737915,lightgbm,19
xa_ref_ret_mean_5,241.561589717865,lightgbm,19
cal_dow_cos,214.62883186340332,lightgbm,19
px_ret_std_5,161.43029022216797,lightgbm,19
rng_atr_14_norm,141.5323205590248,lightgbm,19
vol_taker_buy_ratio,114.62095141410828,lightgbm,19
px_ret_skew_63,112.3125388622284,lightgbm,19
aux_fng_chg_7,108.64529132843018,lightgbm,19
vol_trades_zscore_21,98.36082029342651,lightgbm,19
aux_fng_z_63,96.84794044494629,lightgbm,19
aux_splycur_chg_7,88.771559715271,lightgbm,19
cal_dow_sin,71.25417900085449,lightgbm,19
tech_rsi_14,64.40604019165039,lightgbm,19
px_ret_5,61.02690887451172,lightgbm,19
vol_taker_buy_ratio_mean_7,59.80964994430542,lightgbm,19
xa_corr_ref_30,58.00383996963501,lightgbm,19
px_dist_min_63,56.79936981201172,lightgbm,19
vol_qv_median_ratio_63,55.10310173034668,lightgbm,19
px_ret_21,53.9560604095459,lightgbm,19
xa_rel_strength_7,53.51155996322632,lightgbm,19
rng_cc_parkinson_ratio_21,52.71987009048462,lightgbm,19
px_dist_max_21,52.18720054626465,lightgbm,19
tech_obv_zscore_21,50.95695114135742,lightgbm,19
px_cumret_90,50.24081993103027,lightgbm,19
px_ret_kurt_21,49.10297107696533,lightgbm,19
tech_macd_hist_norm,47.93742284178734,lightgbm,19
tech_macd_line_norm,47.23229002952576,lightgbm,19
rng_garman_klass_21,44.86834907531738,lightgbm,19
aux_splycur_z63,43.707200050354004,lightgbm,19
px_ret_kurt_63,43.23662042617798,lightgbm,19
px_ret_skew_21,42.391759634017944,lightgbm,19
vol_log1p_quote_volume,42.02303075790405,lightgbm,19
vol_zscore_21,38.68067979812622,lightgbm,19
px_ret_mean_63,38.114569664001465,lightgbm,19
vol_ret_corr_21,37.919739961624146,lightgbm,19
cal_moy_cos,36.13572978973389,lightgbm,19
rng_intraday,31.602874889969826,lightgbm,19
vol_taker_buy_ratio_dev,30.981000900268555,lightgbm,19
px_ret_2,28.883239269256592,lightgbm,19
px_ret_std_63,28.67595934867859,lightgbm,19
cal_moy_sin,28.09353017807007,lightgbm,19
rng_tr_norm,27.19263982772827,lightgbm,19
px_ret_mean_10,27.05567955970764,lightgbm,19
aux_adractcnt_z63,26.375530242919922,lightgbm,19
tech_stoch_k_14,24.513930320739746,lightgbm,19
px_dist_min_21,23.187859058380127,lightgbm,19
vol_log1p_volume,23.057449340820312,lightgbm,19
xa_corr_ref_90,22.74619960784912,lightgbm,19
xa_rel_strength_30,22.14140033721924,lightgbm,19
tech_bb_pos_20,21.774479866027832,lightgbm,19
px_ret_3,20.778639316558838,lightgbm,19
aux_txcnt_z63,19.511789798736572,lightgbm,19
xa_excess_ret_lag1,17.653850078582764,lightgbm,19
px_ret_std_21,17.07677984237671,lightgbm,19
rng_garman_klass_5,16.571539878845215,lightgbm,19
tech_macd_signal_norm,16.41841983795166,lightgbm,19
aux_txcnt_chg_7,15.609310150146484,lightgbm,19
px_cumret_30,15.287439823150635,lightgbm,19
px_ret_std_10,12.368200302124023,lightgbm,19
px_ret_10,11.819000244140625,lightgbm,19
tech_stoch_d_14,11.040800094604492,lightgbm,19
px_ret_mean_21,9.143659591674805,lightgbm,19
px_dist_max_63,4.665579795837402,lightgbm,19
aux_adractcnt_chg_7,1.285770058631897,lightgbm,19
px_ret_mean_5,0.0,lightgbm,19
px_cumret_7,0.0,lightgbm,19
rng_parkinson_21,0.0,lightgbm,19
rng_parkinson_5,0.0,lightgbm,19
xa_rank_ret_lag1,0.0,lightgbm,19
cal_is_weekend,0.0,lightgbm,19
px_ret_1,718.5294494628906,lightgbm,19
xa_market_dispersion,534.6537208557129,lightgbm,19
xa_ref_vol_21,349.24128103256226,lightgbm,19
aux_fng,340.46119022369385,lightgbm,19
rng_close_position,331.3259484693408,lightgbm,19
xa_market_ret_lag1,310.308762550354,lightgbm,19
cal_dom_sin,305.28492879867554,lightgbm,19
xa_market_ret_mean_5,288.2327102422714,lightgbm,19
xa_ref_ret_mean_5,250.63536262512207,lightgbm,19
xa_ref_ret_lag2,223.3852620124817,lightgbm,19
xa_ref_ret_lag1,202.8133089542389,lightgbm,19
cal_dom_cos,200.96168851852417,lightgbm,19
cal_dow_cos,167.19800090789795,lightgbm,19
aux_fng_z_63,114.18140053749084,lightgbm,19
px_ret_skew_63,106.75893068313599,lightgbm,19
px_ret_std_5,106.12126016616821,lightgbm,19
aux_fng_chg_7,92.72486090660095,lightgbm,19
vol_taker_buy_ratio,82.82478976249695,lightgbm,19
px_ret_mean_63,72.8557505607605,lightgbm,19
tech_obv_zscore_21,71.62664842605591,lightgbm,19
aux_splycur_chg_7,70.11131000518799,lightgbm,19
vol_zscore_21,67.8675889968872,lightgbm,19
rng_tr_norm,57.706560134887695,lightgbm,19
rng_atr_14_norm,55.10282039642334,lightgbm,19
rng_cc_parkinson_ratio_21,54.275479316711426,lightgbm,19
xa_corr_ref_90,52.94098949432373,lightgbm,19
rng_parkinson_21,52.46306037902832,lightgbm,19
px_cumret_30,47.54694986343384,lightgbm,19
xa_corr_ref_30,47.03801870346069,lightgbm,19
px_dist_min_21,44.580939292907715,lightgbm,19
aux_splycur_z63,41.623849868774414,lightgbm,19
px_ret_2,40.77309989929199,lightgbm,19
vol_trades_zscore_21,40.73854923248291,lightgbm,19
px_cumret_7,40.72043991088867,lightgbm,19
vol_taker_buy_ratio_mean_7,37.964599609375,lightgbm,19
px_ret_5,36.73203992843628,lightgbm,19
px_ret_kurt_63,35.962120056152344,lightgbm,19
px_dist_max_21,35.924920082092285,lightgbm,19
vol_ret_corr_21,35.047380208969116,lightgbm,19
px_ret_std_63,34.91495943069458,lightgbm,19
vol_qv_median_ratio_63,33.33440065383911,lightgbm,19
px_ret_std_21,31.740479469299316,lightgbm,19
tech_rsi_14,31.568150520324707,lightgbm,19
px_ret_3,30.14033031463623,lightgbm,19
px_ret_kurt_21,29.6011905670166,lightgbm,19
tech_macd_hist_norm,29.094890594482422,lightgbm,19
px_ret_21,29.032599449157715,lightgbm,19
aux_txcnt_chg_7,28.336649894714355,lightgbm,19
tech_macd_signal_norm,28.10242986679077,lightgbm,19
px_ret_std_10,27.2814998626709,lightgbm,19
rng_garman_klass_21,26.670740127563477,lightgbm,19
cal_moy_sin,25.712907314300537,lightgbm,19
xa_rel_strength_30,24.78828001022339,lightgbm,19
px_ret_skew_21,24.52184796333313,lightgbm,19
tech_macd_line_norm,22.211710453033447,lightgbm,19
px_cumret_90,21.928600311279297,lightgbm,19
px_ret_10,19.514780044555664,lightgbm,19
xa_rel_strength_7,17.579599380493164,lightgbm,19
rng_garman_klass_5,16.319079875946045,lightgbm,19
px_ret_mean_21,15.299870014190674,lightgbm,19
vol_taker_buy_ratio_dev,14.276300430297852,lightgbm,19
aux_txcnt_z63,14.048550128936768,lightgbm,19
cal_moy_cos,13.461999893188477,lightgbm,19
xa_excess_ret_lag1,13.020299911499023,lightgbm,19
cal_dow_sin,12.554590225219727,lightgbm,19
rng_intraday,9.737039566040039,lightgbm,19
rng_parkinson_5,8.040069580078125,lightgbm,19
tech_stoch_d_14,7.05318021774292,lightgbm,19
tech_stoch_k_14,4.403709888458252,lightgbm,19
vol_log1p_volume,3.3482298851013184,lightgbm,19
aux_adractcnt_z63,3.1926400661468506,lightgbm,19
px_ret_mean_5,0.0,lightgbm,19
px_ret_mean_10,0.0,lightgbm,19
px_dist_max_63,0.0,lightgbm,19
vol_log1p_quote_volume,0.0,lightgbm,19
px_dist_min_63,0.0,lightgbm,19
tech_bb_pos_20,0.0,lightgbm,19
xa_rank_ret_lag1,0.0,lightgbm,19
cal_is_weekend,0.0,lightgbm,19
aux_adractcnt_chg_7,0.0,lightgbm,19
px_ret_1,554.5833778381348,lightgbm,19
xa_market_dispersion,465.4053387641907,lightgbm,19
rng_close_position,411.9237504005432,lightgbm,19
aux_fng,361.87226963043213,lightgbm,19
xa_market_ret_lag1,343.08247923851013,lightgbm,19
xa_ref_vol_21,278.1506609916687,lightgbm,19
xa_market_ret_mean_5,251.43901109695435,lightgbm,19
xa_ref_ret_lag1,234.1116681098938,lightgbm,19
xa_ref_ret_lag2,191.59853076934814,lightgbm,19
cal_dom_sin,169.05119800567627,lightgbm,19
cal_dom_cos,162.28597927093506,lightgbm,19
xa_ref_ret_mean_5,151.500638961792,lightgbm,19
px_ret_std_5,143.70837211608887,lightgbm,19
aux_fng_chg_7,105.12400007247925,lightgbm,19
aux_fng_z_63,101.16693204641342,lightgbm,19
rng_atr_14_norm,96.23412036895752,lightgbm,19
rng_cc_parkinson_ratio_21,76.57538640499115,lightgbm,19
cal_dow_cos,72.76168870925903,lightgbm,19
tech_obv_zscore_21,68.22597026824951,lightgbm,19
px_ret_skew_63,68.16800022125244,lightgbm,19
px_cumret_90,57.935330867767334,lightgbm,19
vol_taker_buy_ratio,53.7339506149292,lightgbm,19
cal_moy_sin,53.676358222961426,lightgbm,19
rng_tr_norm,52.164480209350586,lightgbm,19
vol_qv_median_ratio_63,50.543110370635986,lightgbm,19
px_dist_min_63,49.352688789367676,lightgbm,19
tech_macd_hist_norm,40.55734062194824,lightgbm,19
px_ret_3,40.503920555114746,lightgbm,19
px_ret_std_63,40.22449970245361,lightgbm,19
px_ret_2,38.712599754333496,lightgbm,19
tech_macd_signal_norm,38.409059286117554,lightgbm,19
xa_corr_ref_90,36.05837917327881,lightgbm,19
rng_garman_klass_21,35.557950019836426,lightgbm,19
px_ret_mean_63,31.84832000732422,lightgbm,19
cal_dow_sin,30.752549648284912,lightgbm,19
aux_splycur_z63,30.042320251464844,lightgbm,19
tech_rsi_14,28.536900520324707,lightgbm,19
vol_taker_buy_ratio_mean_7,28.50712013244629,lightgbm,19
vol_trades_zscore_21,28.34215021133423,lightgbm,19
tech_macd_line_norm,28.071369886398315,lightgbm,19
rng_parkinson_5,27.1749005317688,lightgbm,19
rng_parkinson_21,26.62059998512268,lightgbm,19
xa_corr_ref_30,24.366989612579346,lightgbm,19
vol_ret_corr_21,22.92574977874756,lightgbm,19
px_dist_max_63,20.924799919128418,lightgbm,19
tech_stoch_k_14,20.032379746437073,lightgbm,19
aux_splycur_chg_7,19.51136016845703,lightgbm,19
px_dist_min_21,18.00720977783203,lightgbm,19
px_cumret_7,17.069599151611328,lightgbm,19
xa_rel_strength_30,16.64974021911621,lightgbm,19
px_ret_21,16.22910976409912,lightgbm,19
vol_zscore_21,15.832599639892578,lightgbm,19
aux_txcnt_chg_7,15.404850006103516,lightgbm,19
tech_bb_pos_20,14.725000381469727,lightgbm,19
xa_excess_ret_lag1,14.219190120697021,lightgbm,19
px_ret_10,12.662400245666504,lightgbm,19
rng_garman_klass_5,10.43340015411377,lightgbm,19
px_dist_max_21,9.978019714355469,lightgbm,19
vol_log1p_volume,9.117919921875,lightgbm,19
px_ret_std_10,8.0700101852417,lightgbm,19
cal_moy_cos,7.798940181732178,lightgbm,19
aux_txcnt_z63,7.729209899902344,lightgbm,19
px_ret_skew_21,6.513710141181946,lightgbm,19
px_ret_mean_21,5.810180187225342,lightgbm,19
aux_adractcnt_chg_7,5.5200700759887695,lightgbm,19
vol_taker_buy_ratio_dev,4.308720111846924,lightgbm,19
xa_rel_strength_7,3.0221800804138184,lightgbm,19
px_ret_kurt_21,2.301340103149414,lightgbm,19
px_ret_mean_5,1.8008500337600708,lightgbm,19
px_ret_mean_10,0.0,lightgbm,19
px_ret_5,0.0,lightgbm,19
px_ret_std_21,0.0,lightgbm,19
rng_intraday,0.0,lightgbm,19
px_cumret_30,0.0,lightgbm,19
px_ret_kurt_63,0.0,lightgbm,19
vol_log1p_quote_volume,0.0,lightgbm,19
xa_rank_ret_lag1,0.0,lightgbm,19
tech_stoch_d_14,0.0,lightgbm,19
cal_is_weekend,0.0,lightgbm,19
aux_adractcnt_z63,0.0,lightgbm,19
rng_close_position,0.06701704275507002,ridge,20
px_ret_1,0.056137344050829145,ridge,20
aux_fng,0.048296092562310364,ridge,20
cal_is_weekend,0.03973136178644147,ridge,20
xa_ref_ret_lag2,0.03849409638292331,ridge,20
cal_dom_cos,0.03516543571486217,ridge,20
cal_dow_cos,0.030836942067082672,ridge,20
rng_tr_norm,0.030077270328180514,ridge,20
rng_intraday,0.028175002044030076,ridge,20
px_ret_skew_21,0.02797738698700369,ridge,20
cal_dow_sin,0.027376728540831095,ridge,20
xa_rel_strength_7,0.026500893672853014,ridge,20
vol_taker_buy_ratio_mean_7,0.025874540623839034,ridge,20
aux_splycur_chg_7,0.025403478417185182,ridge,20
px_ret_mean_21,0.02251618142166322,ridge,20
px_ret_21,0.022516181421663208,ridge,20
xa_market_dispersion,0.021986027913610134,ridge,20
cal_dom_sin,0.020909547953443183,ridge,20
px_ret_kurt_63,0.020683825354493646,ridge,20
xa_ref_ret_lag1,0.020368982643744392,ridge,20
xa_market_ret_lag1,0.02021244657096217,ridge,20
px_ret_kurt_21,0.019798692871152476,ridge,20
aux_splycur_z63,0.017488289518540708,ridge,20
aux_txcnt_z63,0.017233756421293926,ridge,20
rng_garman_klass_5,0.016846181507156253,ridge,20
rng_atr_14_norm,0.015778852612260554,ridge,20
tech_macd_hist_norm,0.015260248145675774,ridge,20
px_dist_max_21,0.015084459930100014,ridge,20
tech_stoch_d_14,0.014309860870698148,ridge,20
vol_zscore_21,0.013775745308584305,ridge,20
px_cumret_90,0.013738715406312925,ridge,20
px_cumret_30,0.013614943926989784,ridge,20
aux_fng_z_63,0.01295515086332124,ridge,20
px_ret_2,0.012536970265814013,ridge,20
px_ret_skew_63,0.01252548903898185,ridge,20
cal_moy_sin,0.012416769830891641,ridge,20
rng_parkinson_5,0.012221727722426237,ridge,20
rng_cc_parkinson_ratio_21,0.01216366607636419,ridge,20
xa_ref_vol_21,0.01179465608331411,ridge,20
aux_fng_chg_7,0.011457239198344949,ridge,20
xa_rel_strength_30,0.011154420685922647,ridge,20
aux_adractcnt_z63,0.010948921848781204,ridge,20
vol_ret_corr_21,0.010424363645752981,ridge,20
xa_market_ret_mean_5,0.010296977611146858,ridge,20
xa_corr_ref_30,0.010010691924633231,ridge,20
tech_macd_line_norm,0.009257456533345221,ridge,20
px_ret_5,0.009252029746553609,ridge,20
px_ret_mean_5,0.009252029746553609,ridge,20
cal_moy_cos,0.009086016723160926,ridge,20
tech_stoch_k_14,0.00866467902018764,ridge,20
aux_adractcnt_chg_7,0.008533988656810302,ridge,20
px_dist_min_63,0.008369630816493055,ridge,20
vol_log1p_volume,0.00788266647135569,ridge,20
px_ret_3,0.007868417208974571,ridge,20
px_ret_std_10,0.007634582302611707,ridge,20
rng_garman_klass_21,0.007532386405528017,ridge,20
tech_rsi_14,0.007038385200950217,ridge,20
tech_macd_signal_norm,0.006859402179517398,ridge,20
rng_parkinson_21,0.006496483188962569,ridge,20
px_ret_std_63,0.006419797183350821,ridge,20
xa_corr_ref_90,0.0058336666815303985,ridge,20
px_ret_std_5,0.005152210818899898,ridge,20
px_ret_10,0.004984323295423755,ridge,20
px_ret_mean_10,0.004984323295423722,ridge,20
tech_bb_pos_20,0.004982811225742434,ridge,20
xa_excess_ret_lag1,0.0043224762541149726,ridge,20
px_dist_max_63,0.004308093711992789,ridge,20
xa_ref_ret_mean_5,0.004014758866811924,ridge,20
px_ret_mean_63,0.003927335610245386,ridge,20
tech_obv_zscore_21,0.0038730751273962608,ridge,20
px_ret_std_21,0.003691855880865994,ridge,20
px_cumret_7,0.003407875375111691,ridge,20
px_dist_min_21,0.003206975520917318,ridge,20
vol_qv_median_ratio_63,0.001636080292009935,ridge,20
aux_txcnt_chg_7,0.0013939115206134047,ridge,20
vol_log1p_quote_volume,0.00119472945848033,ridge,20
vol_trades_zscore_21,0.000887031844513247,ridge,20
vol_taker_buy_ratio,0.0005898173105642233,ridge,20
vol_taker_buy_ratio_dev,0.0005898173105642109,ridge,20
xa_rank_ret_lag1,0.0003645203922317118,ridge,20
px_ret_1,360.52739810943604,lightgbm,20
xa_market_ret_lag1,204.17373847961426,lightgbm,20
xa_market_dispersion,173.38288807868958,lightgbm,20
rng_close_position,151.05880165100098,lightgbm,20
aux_fng_z_63,144.04886102676392,lightgbm,20
aux_fng,120.33089828491211,lightgbm,20
cal_dow_cos,79.19349956512451,lightgbm,20
xa_ref_ret_mean_5,76.70139980316162,lightgbm,20
xa_ref_ret_lag1,61.585700035095215,lightgbm,20
xa_ref_vol_21,59.837059020996094,lightgbm,20
xa_market_ret_mean_5,51.56839942932129,lightgbm,20
cal_dom_sin,49.51763105392456,lightgbm,20
px_cumret_30,48.513750076293945,lightgbm,20
px_ret_2,42.3302001953125,lightgbm,20
px_ret_skew_21,38.38384985923767,lightgbm,20
vol_zscore_21,37.347900390625,lightgbm,20
px_ret_21,35.14666032791138,lightgbm,20
px_dist_min_21,31.63819980621338,lightgbm,20
px_ret_3,31.39370059967041,lightgbm,20
vol_qv_median_ratio_63,31.098299980163574,lightgbm,20
cal_moy_cos,28.985400199890137,lightgbm,20
aux_fng_chg_7,27.71373987197876,lightgbm,20
cal_moy_sin,26.10002040863037,lightgbm,20
tech_obv_zscore_21,25.643400192260742,lightgbm,20
xa_ref_ret_lag2,24.572479724884033,lightgbm,20
px_ret_std_63,24.199999809265137,lightgbm,20
vol_log1p_quote_volume,22.282299995422363,lightgbm,20
xa_corr_ref_30,21.538999557495117,lightgbm,20
vol_taker_buy_ratio_dev,21.5137996673584,lightgbm,20
rng_atr_14_norm,20.829999923706055,lightgbm,20
rng_intraday,19.39109992980957,lightgbm,20
xa_corr_ref_90,19.304880142211914,lightgbm,20
aux_txcnt_z63,17.42060089111328,lightgbm,20
vol_taker_buy_ratio,17.178709983825684,lightgbm,20
xa_rel_strength_7,15.290800094604492,lightgbm,20
vol_log1p_volume,15.038039684295654,lightgbm,20
cal_dom_cos,14.912570476531982,lightgbm,20
rng_tr_norm,14.557600021362305,lightgbm,20
rng_cc_parkinson_ratio_21,14.273900032043457,lightgbm,20
xa_rel_strength_30,13.371199607849121,lightgbm,20
vol_ret_corr_21,12.858699798583984,lightgbm,20
px_ret_std_21,12.479499816894531,lightgbm,20
px_ret_10,12.418000221252441,lightgbm,20
px_ret_5,12.092900276184082,lightgbm,20
rng_parkinson_21,11.6225004196167,lightgbm,20
px_dist_min_63,11.494799613952637,lightgbm,20
vol_taker_buy_ratio_mean_7,11.35569953918457,lightgbm,20
cal_dow_sin,10.343099594116211,lightgbm,20
px_ret_mean_63,10.200699806213379,lightgbm,20
px_ret_kurt_63,10.015700340270996,lightgbm,20
tech_rsi_14,9.443499565124512,lightgbm,20
tech_macd_hist_norm,7.894170045852661,lightgbm,20
px_ret_kurt_21,6.082240104675293,lightgbm,20
tech_bb_pos_20,4.779990196228027,lightgbm,20
aux_adractcnt_chg_7,4.546410083770752,lightgbm,20
tech_macd_signal_norm,3.6191399097442627,lightgbm,20
vol_trades_zscore_21,1.0423099994659424,lightgbm,20
rng_garman_klass_5,0.741191029548645,lightgbm,20
px_ret_std_10,0.0,lightgbm,20
px_ret_std_5,0.0,lightgbm,20
px_ret_mean_5,0.0,lightgbm,20
px_ret_mean_10,0.0,lightgbm,20
px_ret_mean_21,0.0,lightgbm,20
px_cumret_7,0.0,lightgbm,20
tech_macd_line_norm,0.0,lightgbm,20
rng_garman_klass_21,0.0,lightgbm,20
rng_parkinson_5,0.0,lightgbm,20
px_dist_max_63,0.0,lightgbm,20
px_ret_skew_63,0.0,lightgbm,20
px_dist_max_21,0.0,lightgbm,20
px_cumret_90,0.0,lightgbm,20
tech_stoch_d_14,0.0,lightgbm,20
xa_excess_ret_lag1,0.0,lightgbm,20
xa_rank_ret_lag1,0.0,lightgbm,20
tech_stoch_k_14,0.0,lightgbm,20
cal_is_weekend,0.0,lightgbm,20
aux_adractcnt_z63,0.0,lightgbm,20
aux_txcnt_chg_7,0.0,lightgbm,20
aux_splycur_z63,0.0,lightgbm,20
aux_splycur_chg_7,0.0,lightgbm,20
px_ret_1,327.2664074897766,lightgbm,20
xa_market_dispersion,217.33950233459473,lightgbm,20
aux_fng,111.81023120880127,lightgbm,20
xa_ref_ret_lag1,110.49926948547363,lightgbm,20
xa_market_ret_lag1,93.23239994049072,lightgbm,20
rng_close_position,79.6496000289917,lightgbm,20
cal_dow_cos,74.11420059204102,lightgbm,20
cal_dom_sin,71.42151188850403,lightgbm,20
xa_ref_vol_21,68.03666019439697,lightgbm,20
rng_atr_14_norm,63.05269813537598,lightgbm,20
tech_macd_hist_norm,61.263400077819824,lightgbm,20
px_ret_2,47.50675106048584,lightgbm,20
xa_market_ret_mean_5,44.479899406433105,lightgbm,20
px_ret_std_5,40.05966854095459,lightgbm,20
aux_fng_chg_7,36.349770069122314,lightgbm,20
aux_fng_z_63,32.01525068283081,lightgbm,20
px_ret_std_10,28.99083948135376,lightgbm,20
tech_obv_zscore_21,28.25328040122986,lightgbm,20
xa_ref_ret_lag2,27.914480209350586,lightgbm,20
px_cumret_30,24.001609802246094,lightgbm,20
px_ret_mean_63,22.65553092956543,lightgbm,20
vol_ret_corr_21,22.01792001724243,lightgbm,20
tech_bb_pos_20,21.170900344848633,lightgbm,20
vol_zscore_21,16.816099166870117,lightgbm,20
vol_trades_zscore_21,16.713159561157227,lightgbm,20
xa_ref_ret_mean_5,16.046199798583984,lightgbm,20
tech_macd_line_norm,15.974649906158447,lightgbm,20
px_ret_std_21,15.517000198364258,lightgbm,20
aux_txcnt_chg_7,14.663599967956543,lightgbm,20
cal_dom_cos,13.928999900817871,lightgbm,20
px_ret_21,13.782670021057129,lightgbm,20
px_ret_mean_10,11.929900169372559,lightgbm,20
vol_taker_buy_ratio_dev,11.451399803161621,lightgbm,20
vol_taker_buy_ratio_mean_7,10.727100372314453,lightgbm,20
px_ret_skew_63,10.478899955749512,lightgbm,20
xa_corr_ref_90,8.448240280151367,lightgbm,20
rng_intraday,7.943649768829346,lightgbm,20
vol_taker_buy_ratio,7.91726016998291,lightgbm,20
rng_parkinson_5,7.7251200675964355,lightgbm,20
xa_rel_strength_7,7.694260120391846,lightgbm,20
px_ret_kurt_21,6.510359764099121,lightgbm,20
aux_txcnt_z63,5.521170139312744,lightgbm,20
px_ret_3,4.557650089263916,lightgbm,20
px_cumret_90,2.9453399181365967,lightgbm,20
aux_adractcnt_chg_7,2.2592198848724365,lightgbm,20
px_ret_5,0.0,lightgbm,20
px_ret_10,0.0,lightgbm,20
px_ret_mean_5,0.0,lightgbm,20
px_ret_skew_21,0.0,lightgbm,20
px_ret_std_63,0.0,lightgbm,20
px_ret_mean_21,0.0,lightgbm,20
rng_tr_norm,0.0,lightgbm,20
rng_parkinson_21,0.0,lightgbm,20
rng_garman_klass_5,0.0,lightgbm,20
rng_garman_klass_21,0.0,lightgbm,20
px_ret_kurt_63,0.0,lightgbm,20
px_dist_max_63,0.0,lightgbm,20
px_dist_min_21,0.0,lightgbm,20
px_dist_max_21,0.0,lightgbm,20
px_cumret_7,0.0,lightgbm,20
vol_log1p_quote_volume,0.0,lightgbm,20
vol_log1p_volume,0.0,lightgbm,20
px_dist_min_63,0.0,lightgbm,20
vol_qv_median_ratio_63,0.0,lightgbm,20
tech_macd_signal_norm,0.0,lightgbm,20
tech_rsi_14,0.0,lightgbm,20
rng_cc_parkinson_ratio_21,0.0,lightgbm,20
xa_rank_ret_lag1,0.0,lightgbm,20
tech_stoch_k_14,0.0,lightgbm,20
tech_stoch_d_14,0.0,lightgbm,20
xa_rel_strength_30,0.0,lightgbm,20
xa_corr_ref_30,0.0,lightgbm,20
xa_excess_ret_lag1,0.0,lightgbm,20
cal_moy_cos,0.0,lightgbm,20
cal_moy_sin,0.0,lightgbm,20
cal_dow_sin,0.0,lightgbm,20
cal_is_weekend,0.0,lightgbm,20
aux_adractcnt_z63,0.0,lightgbm,20
aux_splycur_z63,0.0,lightgbm,20
aux_splycur_chg_7,0.0,lightgbm,20
px_ret_1,374.7263779640198,lightgbm,20
xa_market_dispersion,207.3162989616394,lightgbm,20
xa_market_ret_lag1,151.79623985290527,lightgbm,20
rng_close_position,141.5240173637867,lightgbm,20
xa_market_ret_mean_5,113.9147880077362,lightgbm,20
cal_dom_sin,105.93524932861328,lightgbm,20
xa_ref_ret_lag1,96.6971607208252,lightgbm,20
rng_atr_14_norm,95.78769874572754,lightgbm,20
cal_dow_cos,84.26639938354492,lightgbm,20
aux_fng,69.64019870758057,lightgbm,20
cal_dom_cos,61.24796962738037,lightgbm,20
px_ret_2,50.61000061035156,lightgbm,20
xa_ref_ret_lag2,50.09366989135742,lightgbm,20
px_ret_10,41.642080783843994,lightgbm,20
px_ret_std_63,39.06541109085083,lightgbm,20
tech_obv_zscore_21,33.64778995513916,lightgbm,20
xa_ref_vol_21,32.96333980560303,lightgbm,20
aux_fng_chg_7,26.080829620361328,lightgbm,20
vol_ret_corr_21,25.848169803619385,lightgbm,20
xa_corr_ref_90,24.468899726867676,lightgbm,20
vol_taker_buy_ratio,24.411860466003418,lightgbm,20
xa_ref_ret_mean_5,22.18649959564209,lightgbm,20
vol_trades_zscore_21,22.029569625854492,lightgbm,20
rng_cc_parkinson_ratio_21,21.736690521240234,lightgbm,20
px_ret_std_5,18.281099319458008,lightgbm,20
px_dist_max_21,16.401500701904297,lightgbm,20
vol_taker_buy_ratio_dev,15.417340010404587,lightgbm,20
rng_tr_norm,14.903400421142578,lightgbm,20
rng_intraday,14.87030029296875,lightgbm,20
aux_splycur_z63,14.765800476074219,lightgbm,20
px_ret_std_10,12.033300399780273,lightgbm,20
px_ret_mean_21,11.192299842834473,lightgbm,20
aux_fng_z_63,10.739299774169922,lightgbm,20
tech_stoch_k_14,10.272590160369873,lightgbm,20
px_ret_21,9.437140464782715,lightgbm,20
aux_adractcnt_chg_7,9.344980239868164,lightgbm,20
xa_excess_ret_lag1,9.31449031829834,lightgbm,20
xa_rel_strength_7,9.26941967010498,lightgbm,20
px_cumret_30,9.013349533081055,lightgbm,20
rng_parkinson_21,6.683020114898682,lightgbm,20
px_ret_mean_63,6.546520233154297,lightgbm,20
rng_parkinson_5,4.993000030517578,lightgbm,20
px_ret_skew_21,3.2043099403381348,lightgbm,20
px_cumret_90,0.7484999895095825,lightgbm,20
px_ret_5,0.0,lightgbm,20
px_ret_3,0.0,lightgbm,20
px_ret_mean_10,0.0,lightgbm,20
px_ret_mean_5,0.0,lightgbm,20
px_ret_kurt_21,0.0,lightgbm,20
px_ret_std_21,0.0,lightgbm,20
tech_bb_pos_20,0.0,lightgbm,20
tech_macd_hist_norm,0.0,lightgbm,20
tech_rsi_14,0.0,lightgbm,20
rng_garman_klass_5,0.0,lightgbm,20
rng_garman_klass_21,0.0,lightgbm,20
px_ret_skew_63,0.0,lightgbm,20
px_dist_max_63,0.0,lightgbm,20
px_dist_min_21,0.0,lightgbm,20
px_dist_min_63,0.0,lightgbm,20
vol_log1p_volume,0.0,lightgbm,20
vol_zscore_21,0.0,lightgbm,20
vol_log1p_quote_volume,0.0,lightgbm,20
vol_qv_median_ratio_63,0.0,lightgbm,20
vol_taker_buy_ratio_mean_7,0.0,lightgbm,20
px_ret_kurt_63,0.0,lightgbm,20
px_cumret_7,0.0,lightgbm,20
tech_macd_signal_norm,0.0,lightgbm,20
tech_macd_line_norm,0.0,lightgbm,20
xa_rel_strength_30,0.0,lightgbm,20
xa_rank_ret_lag1,0.0,lightgbm,20
tech_stoch_d_14,0.0,lightgbm,20
xa_corr_ref_30,0.0,lightgbm,20
cal_is_weekend,0.0,lightgbm,20
cal_moy_cos,0.0,lightgbm,20
cal_moy_sin,0.0,lightgbm,20
cal_dow_sin,0.0,lightgbm,20
aux_adractcnt_z63,0.0,lightgbm,20
aux_txcnt_z63,0.0,lightgbm,20
aux_txcnt_chg_7,0.0,lightgbm,20
aux_splycur_chg_7,0.0,lightgbm,20
px_ret_1,447.66763257980347,lightgbm,20
xa_market_dispersion,226.0864601135254,lightgbm,20
rng_close_position,130.32615852355957,lightgbm,20
xa_market_ret_lag1,125.8581314086914,lightgbm,20
aux_fng,121.20054054260254,lightgbm,20
cal_dom_sin,102.40810012817383,lightgbm,20
aux_fng_z_63,96.6200098991394,lightgbm,20
xa_ref_ret_lag1,80.66833019256592,lightgbm,20
xa_ref_ret_lag2,76.96536946296692,lightgbm,20
xa_market_ret_mean_5,61.59755039215088,lightgbm,20
cal_dom_cos,57.33840990066528,lightgbm,20
cal_dow_cos,54.254798889160156,lightgbm,20
tech_obv_zscore_21,43.866628646850586,lightgbm,20
rng_cc_parkinson_ratio_21,42.370100021362305,lightgbm,20
rng_atr_14_norm,41.47956895828247,lightgbm,20
vol_qv_median_ratio_63,33.22676944732666,lightgbm,20
px_ret_std_5,31.49321937561035,lightgbm,20
xa_ref_ret_mean_5,31.007999420166016,lightgbm,20
px_ret_3,30.673900604248047,lightgbm,20
xa_ref_vol_21,30.075910091400146,lightgbm,20
px_ret_std_10,25.64857053756714,lightgbm,20
px_ret_std_21,24.140089988708496,lightgbm,20
px_ret_2,22.12238073348999,lightgbm,20
aux_fng_chg_7,21.776880264282227,lightgbm,20
xa_excess_ret_lag1,19.4229097366333,lightgbm,20
tech_macd_signal_norm,18.75959014892578,lightgbm,20
px_ret_mean_63,18.504130363464355,lightgbm,20
rng_tr_norm,17.743999481201172,lightgbm,20
vol_taker_buy_ratio,17.29785966873169,lightgbm,20
vol_ret_corr_21,16.74861979484558,lightgbm,20
px_ret_10,15.102899551391602,lightgbm,20
px_dist_max_63,13.835370063781738,lightgbm,20
vol_log1p_volume,13.640899658203125,lightgbm,20
px_ret_21,13.18101978302002,lightgbm,20
tech_macd_hist_norm,11.324810266494751,lightgbm,20
px_ret_mean_5,11.206999778747559,lightgbm,20
px_cumret_30,10.703700065612793,lightgbm,20
rng_garman_klass_5,9.609129905700684,lightgbm,20
cal_moy_cos,9.08154010772705,lightgbm,20
px_ret_std_63,8.53689956665039,lightgbm,20
px_ret_skew_21,8.239370346069336,lightgbm,20
tech_stoch_k_14,5.761549949645996,lightgbm,20
cal_dow_sin,2.2495200634002686,lightgbm,20
vol_trades_zscore_21,2.0831100940704346,lightgbm,20
px_ret_kurt_21,0.0,lightgbm,20
px_ret_mean_21,0.0,lightgbm,20
px_ret_mean_10,0.0,lightgbm,20
px_ret_5,0.0,lightgbm,20
tech_bb_pos_20,0.0,lightgbm,20
tech_macd_line_norm,0.0,lightgbm,20
rng_intraday,0.0,lightgbm,20
tech_rsi_14,0.0,lightgbm,20
rng_parkinson_21,0.0,lightgbm,20
rng_parkinson_5,0.0,lightgbm,20
vol_taker_buy_ratio_dev,0.0,lightgbm,20
rng_garman_klass_21,0.0,lightgbm,20
px_dist_min_21,0.0,lightgbm,20
px_dist_max_21,0.0,lightgbm,20
px_cumret_90,0.0,lightgbm,20
px_cumret_7,0.0,lightgbm,20
vol_zscore_21,0.0,lightgbm,20
vol_log1p_quote_volume,0.0,lightgbm,20
px_dist_min_63,0.0,lightgbm,20
vol_taker_buy_ratio_mean_7,0.0,lightgbm,20
px_ret_skew_63,0.0,lightgbm,20
px_ret_kurt_63,0.0,lightgbm,20
xa_corr_ref_90,0.0,lightgbm,20
xa_rel_strength_7,0.0,lightgbm,20
tech_stoch_d_14,0.0,lightgbm,20
xa_corr_ref_30,0.0,lightgbm,20
xa_rel_strength_30,0.0,lightgbm,20
xa_rank_ret_lag1,0.0,lightgbm,20
cal_is_weekend,0.0,lightgbm,20
cal_moy_sin,0.0,lightgbm,20
aux_adractcnt_z63,0.0,lightgbm,20
aux_adractcnt_chg_7,0.0,lightgbm,20
aux_txcnt_z63,0.0,lightgbm,20
aux_txcnt_chg_7,0.0,lightgbm,20
aux_splycur_z63,0.0,lightgbm,20
aux_splycur_chg_7,0.0,lightgbm,20
px_ret_1,409.8345947265625,lightgbm,20
rng_close_position,273.8389005661011,lightgbm,20
xa_market_dispersion,254.16002082824707,lightgbm,20
xa_ref_ret_lag1,208.70140886306763,lightgbm,20
aux_fng,180.07986068725586,lightgbm,20
xa_market_ret_lag1,153.47463035583496,lightgbm,20
xa_ref_ret_lag2,118.67577981948853,lightgbm,20
xa_ref_vol_21,111.2372407913208,lightgbm,20
xa_ref_ret_mean_5,110.85850048065186,lightgbm,20
cal_dow_cos,90.00517177581787,lightgbm,20
aux_fng_z_63,87.26081991195679,lightgbm,20
rng_atr_14_norm,83.99497896432877,lightgbm,20
cal_dom_sin,55.97170066833496,lightgbm,20
px_ret_5,53.862539291381836,lightgbm,20
px_ret_std_5,42.534199714660645,lightgbm,20
px_ret_std_63,41.78573405742645,lightgbm,20
cal_dom_cos,37.83854007720947,lightgbm,20
px_ret_2,37.71870040893555,lightgbm,20
tech_obv_zscore_21,35.68869972229004,lightgbm,20
xa_market_ret_mean_5,30.807058453559875,lightgbm,20
px_cumret_90,30.263490200042725,lightgbm,20
px_ret_std_10,29.94179916381836,lightgbm,20
px_dist_max_21,27.270230293273926,lightgbm,20
px_dist_min_63,26.446809768676758,lightgbm,20
rng_tr_norm,23.780579566955566,lightgbm,20
vol_qv_median_ratio_63,22.866869926452637,lightgbm,20
vol_log1p_volume,20.930460214614868,lightgbm,20
xa_corr_ref_30,18.856630325317383,lightgbm,20
px_ret_21,18.021239280700684,lightgbm,20
vol_taker_buy_ratio_dev,17.92926025390625,lightgbm,20
aux_fng_chg_7,16.186229944229126,lightgbm,20
vol_ret_corr_21,15.550339698791504,lightgbm,20
px_ret_mean_10,15.139800071716309,lightgbm,20
vol_taker_buy_ratio_mean_7,14.984399795532227,lightgbm,20
rng_intraday,13.959799766540527,lightgbm,20
vol_log1p_quote_volume,13.866100311279297,lightgbm,20
tech_stoch_d_14,12.414199829101562,lightgbm,20
px_ret_kurt_21,11.66919994354248,lightgbm,20
cal_is_weekend,11.439900398254395,lightgbm,20
xa_excess_ret_lag1,11.425000190734863,lightgbm,20
px_ret_3,11.406700134277344,lightgbm,20
rng_parkinson_5,10.708100318908691,lightgbm,20
aux_splycur_z63,10.313030004501343,lightgbm,20
cal_moy_sin,10.036399841308594,lightgbm,20
rng_parkinson_21,9.443570137023926,lightgbm,20
xa_rel_strength_30,9.433270454406738,lightgbm,20
px_ret_mean_63,9.09682011604309,lightgbm,20
px_dist_min_21,7.905610084533691,lightgbm,20
rng_garman_klass_5,7.787759780883789,lightgbm,20
xa_corr_ref_90,7.707630157470703,lightgbm,20
tech_macd_hist_norm,6.863880157470703,lightgbm,20
px_ret_skew_63,6.738170146942139,lightgbm,20
aux_adractcnt_chg_7,6.60605001449585,lightgbm,20
tech_macd_signal_norm,6.363739967346191,lightgbm,20
aux_txcnt_z63,5.686009883880615,lightgbm,20
vol_trades_zscore_21,5.526880145072937,lightgbm,20
px_cumret_7,5.07574987411499,lightgbm,20
xa_rel_strength_7,4.68218994140625,lightgbm,20
tech_stoch_k_14,2.1680400371551514,lightgbm,20
px_ret_kurt_63,0.48391300439834595,lightgbm,20
px_ret_10,0.0,lightgbm,20
px_ret_std_21,0.0,lightgbm,20
px_ret_mean_21,0.0,lightgbm,20
px_ret_mean_5,0.0,lightgbm,20
px_ret_skew_21,0.0,lightgbm,20
tech_bb_pos_20,0.0,lightgbm,20
rng_cc_parkinson_ratio_21,0.0,lightgbm,20
tech_rsi_14,0.0,lightgbm,20
rng_garman_klass_21,0.0,lightgbm,20
px_cumret_30,0.0,lightgbm,20
vol_zscore_21,0.0,lightgbm,20
vol_taker_buy_ratio,0.0,lightgbm,20
px_dist_max_63,0.0,lightgbm,20
tech_macd_line_norm,0.0,lightgbm,20
xa_rank_ret_lag1,0.0,lightgbm,20
cal_dow_sin,0.0,lightgbm,20
cal_moy_cos,0.0,lightgbm,20
aux_adractcnt_z63,0.0,lightgbm,20
aux_txcnt_chg_7,0.0,lightgbm,20
aux_splycur_chg_7,0.0,lightgbm,20
rng_close_position,0.0743734098140532,ridge,21
px_ret_1,0.052551167766284684,ridge,21
aux_fng,0.046501896707920216,ridge,21
cal_is_weekend,0.04648860876841588,ridge,21
xa_ref_ret_lag2,0.033966782998560124,ridge,21
cal_dom_cos,0.032256637243526134,ridge,21
cal_dow_sin,0.03207530311243688,ridge,21
aux_splycur_z63,0.028981775798010794,ridge,21
cal_dow_cos,0.028268420745540333,ridge,21
px_ret_skew_21,0.027722365585506913,ridge,21
vol_taker_buy_ratio_mean_7,0.026090956053679962,ridge,21
xa_rel_strength_7,0.02588664494139387,ridge,21
rng_tr_norm,0.025827179121749415,ridge,21
cal_dom_sin,0.025080458109799364,ridge,21
xa_market_dispersion,0.024253305879007363,ridge,21
rng_intraday,0.024036805332177575,ridge,21
px_ret_21,0.022992482270529933,ridge,21
px_ret_mean_21,0.022992482270529933,ridge,21
aux_splycur_chg_7,0.022662125963114968,ridge,21
rng_atr_14_norm,0.01757454124182036,ridge,21
xa_market_ret_lag1,0.017556587318658296,ridge,21
xa_ref_ret_lag1,0.017488140210631685,ridge,21
cal_moy_sin,0.017341994678595183,ridge,21
tech_macd_hist_norm,0.01678956218076917,ridge,21
px_cumret_30,0.016132981830079586,ridge,21
xa_ref_vol_21,0.016003271320775007,ridge,21
vol_zscore_21,0.015833906353910552,ridge,21
cal_moy_cos,0.015781421902728247,ridge,21
px_cumret_90,0.015684225965801688,ridge,21
rng_garman_klass_5,0.015560364968126038,ridge,21
aux_adractcnt_z63,0.01529897573584039,ridge,21
aux_txcnt_z63,0.015241653221942018,ridge,21
vol_ret_corr_21,0.014582565767453282,ridge,21
px_dist_max_21,0.014569947493246135,ridge,21
px_ret_kurt_21,0.014106900509251322,ridge,21
tech_stoch_d_14,0.01330340644987642,ridge,21
aux_fng_chg_7,0.01268452962858083,ridge,21
px_ret_kurt_63,0.012145971016173688,ridge,21
rng_parkinson_5,0.011624823529232168,ridge,21
xa_market_ret_mean_5,0.011269660501138,ridge,21
px_ret_2,0.010933764654592733,ridge,21
xa_corr_ref_30,0.010554036321544096,ridge,21
xa_rel_strength_30,0.009362016811764138,ridge,21
tech_stoch_k_14,0.00923840424142963,ridge,21
px_ret_mean_5,0.009179378538624411,ridge,21
px_ret_5,0.009179378538624402,ridge,21
xa_corr_ref_90,0.009092041413424049,ridge,21
px_ret_std_10,0.008957477390379786,ridge,21
tech_macd_line_norm,0.00871035766810083,ridge,21
px_dist_min_63,0.008369937883288247,ridge,21
px_ret_3,0.007836026037691348,ridge,21
px_ret_std_63,0.007754447095985081,ridge,21
tech_rsi_14,0.007009185079809884,ridge,21
aux_fng_z_63,0.006700397779833111,ridge,21
vol_log1p_volume,0.006692071032746941,ridge,21
rng_garman_klass_21,0.006417854359601701,ridge,21
tech_macd_signal_norm,0.006062567706865925,ridge,21
px_ret_10,0.00597370589047837,ridge,21
px_ret_mean_10,0.0059737058904783605,ridge,21
rng_cc_parkinson_ratio_21,0.005598212105336352,ridge,21
tech_bb_pos_20,0.005451376682226029,ridge,21
rng_parkinson_21,0.005442279635943098,ridge,21
px_ret_std_5,0.004946238347962434,ridge,21
aux_adractcnt_chg_7,0.004817899244395532,ridge,21
tech_obv_zscore_21,0.004176257050232357,ridge,21
xa_ref_ret_mean_5,0.003908607040895859,ridge,21
px_cumret_7,0.0036540407376909594,ridge,21
xa_excess_ret_lag1,0.0035773452692786215,ridge,21
px_ret_std_21,0.00313292896995904,ridge,21
px_dist_max_63,0.0030185840272329775,ridge,21
vol_taker_buy_ratio,0.002986003170923879,ridge,21
vol_taker_buy_ratio_dev,0.002986003170923826,ridge,21
px_ret_mean_63,0.0026952441424522382,ridge,21
aux_txcnt_chg_7,0.002519990602689653,ridge,21
vol_qv_median_ratio_63,0.002174461891230905,ridge,21
xa_rank_ret_lag1,0.0013604659624543915,ridge,21
px_ret_skew_63,0.0009626660845212564,ridge,21
px_dist_min_21,0.0006347200001688294,ridge,21
vol_log1p_quote_volume,0.0005578889962449966,ridge,21
vol_trades_zscore_21,0.0005173753506837735,ridge,21
px_ret_1,663.1587338447571,lightgbm,21
rng_close_position,455.12784218788147,lightgbm,21
xa_market_dispersion,364.2508029937744,lightgbm,21
xa_market_ret_lag1,305.74688148498535,lightgbm,21
cal_dom_sin,271.8358316421509,lightgbm,21
aux_fng,271.4912099838257,lightgbm,21
xa_ref_ret_lag1,227.5908272266388,lightgbm,21
xa_market_ret_mean_5,220.31480169296265,lightgbm,21
xa_ref_vol_21,187.840181350708,lightgbm,21
xa_ref_ret_mean_5,180.2972707748413,lightgbm,21
cal_dow_cos,157.04636001586914,lightgbm,21
xa_ref_ret_lag2,114.15864086151123,lightgbm,21
cal_dom_cos,112.88629913330078,lightgbm,21
aux_fng_z_63,97.36870098114014,lightgbm,21
px_ret_2,88.07622003555298,lightgbm,21
px_ret_mean_63,65.46667003631592,lightgbm,21
px_cumret_90,62.49299955368042,lightgbm,21
px_ret_5,62.3184700012207,lightgbm,21
px_ret_std_5,58.6295285820961,lightgbm,21
tech_bb_pos_20,58.48225975036621,lightgbm,21
aux_fng_chg_7,58.23679065704346,lightgbm,21
px_dist_min_21,57.46397876739502,lightgbm,21
vol_qv_median_ratio_63,53.39089870452881,lightgbm,21
rng_cc_parkinson_ratio_21,51.91856050491333,lightgbm,21
px_cumret_30,49.15367031097412,lightgbm,21
rng_intraday,45.44789981842041,lightgbm,21
rng_atr_14_norm,41.629578590393066,lightgbm,21
px_cumret_7,36.204370975494385,lightgbm,21
px_ret_kurt_63,35.65281009674072,lightgbm,21
px_ret_21,35.54195988178253,lightgbm,21
xa_excess_ret_lag1,34.507919788360596,lightgbm,21
vol_taker_buy_ratio,34.39167070388794,lightgbm,21
tech_rsi_14,34.24048042297363,lightgbm,21
px_ret_std_63,31.365700721740723,lightgbm,21
xa_rel_strength_7,31.347249507904053,lightgbm,21
cal_moy_sin,30.788799285888672,lightgbm,21
xa_corr_ref_30,30.7691593170166,lightgbm,21
vol_taker_buy_ratio_dev,28.50212001800537,lightgbm,21
vol_ret_corr_21,28.079279899597168,lightgbm,21
px_ret_skew_63,27.751539707183838,lightgbm,21
px_ret_10,25.952829360961914,lightgbm,21
xa_corr_ref_90,23.10949993133545,lightgbm,21
px_dist_min_63,22.509000301361084,lightgbm,21
aux_splycur_z63,21.478300094604492,lightgbm,21
px_ret_mean_10,21.31931972503662,lightgbm,21
aux_txcnt_chg_7,20.254550457000732,lightgbm,21
tech_stoch_k_14,19.52662992477417,lightgbm,21
cal_dow_sin,19.205249547958374,lightgbm,21
aux_adractcnt_z63,18.376830101013184,lightgbm,21
rng_parkinson_5,17.37779998779297,lightgbm,21
aux_txcnt_z63,16.745200395584106,lightgbm,21
tech_obv_zscore_21,16.65318012237549,lightgbm,21
vol_log1p_volume,16.287310361862183,lightgbm,21
vol_zscore_21,15.984610080718994,lightgbm,21
vol_trades_zscore_21,15.590030670166016,lightgbm,21
px_ret_skew_21,14.395440101623535,lightgbm,21
px_ret_mean_5,13.101200103759766,lightgbm,21
tech_macd_hist_norm,12.560420036315918,lightgbm,21
vol_log1p_quote_volume,12.459600448608398,lightgbm,21
px_ret_kurt_21,11.913396656513214,lightgbm,21
rng_parkinson_21,11.808699607849121,lightgbm,21
tech_macd_signal_norm,11.68340015411377,lightgbm,21
vol_taker_buy_ratio_mean_7,11.034899711608887,lightgbm,21
tech_stoch_d_14,8.127570152282715,lightgbm,21
rng_garman_klass_21,7.7758400440216064,lightgbm,21
px_dist_max_21,6.0432108938694,lightgbm,21
xa_rel_strength_30,5.496128082275391,lightgbm,21
cal_moy_cos,4.467569828033447,lightgbm,21
rng_tr_norm,4.179450035095215,lightgbm,21
aux_adractcnt_chg_7,4.008080005645752,lightgbm,21
px_ret_3,3.8759100437164307,lightgbm,21
px_ret_std_21,0.0,lightgbm,21
px_ret_mean_21,0.0,lightgbm,21
px_ret_std_10,0.0,lightgbm,21
px_dist_max_63,0.0,lightgbm,21
rng_garman_klass_5,0.0,lightgbm,21
tech_macd_line_norm,0.0,lightgbm,21
xa_rank_ret_lag1,0.0,lightgbm,21
cal_is_weekend,0.0,lightgbm,21
aux_splycur_chg_7,0.0,lightgbm,21
px_ret_1,676.0387487411499,lightgbm,21
xa_market_ret_lag1,331.547728061676,lightgbm,21
rng_close_position,301.4289405345917,lightgbm,21
xa_market_dispersion,289.689311504364,lightgbm,21
xa_market_ret_mean_5,282.9769206047058,lightgbm,21
aux_fng,277.7265706062317,lightgbm,21
xa_ref_ret_lag1,248.1386022567749,lightgbm,21
cal_dow_cos,228.19645071029663,lightgbm,21
xa_ref_vol_21,221.9423496723175,lightgbm,21
cal_dom_sin,188.5549395084381,lightgbm,21
aux_fng_z_63,142.42350959777832,lightgbm,21
aux_fng_chg_7,133.19951057434082,lightgbm,21
xa_ref_ret_lag2,128.72445821762085,lightgbm,21
tech_obv_zscore_21,83.48324012756348,lightgbm,21
xa_ref_ret_mean_5,65.72715950012207,lightgbm,21
tech_bb_pos_20,62.37430000305176,lightgbm,21
px_ret_mean_63,60.437100410461426,lightgbm,21
px_dist_min_63,53.539528369903564,lightgbm,21
px_ret_2,53.04469013214111,lightgbm,21
rng_atr_14_norm,52.72115898132324,lightgbm,21
rng_cc_parkinson_ratio_21,43.11764931678772,lightgbm,21
px_ret_3,40.75519943237305,lightgbm,21
tech_stoch_d_14,33.0942702293396,lightgbm,21
px_ret_mean_5,32.28969955444336,lightgbm,21
px_ret_std_5,30.381099700927734,lightgbm,21
cal_moy_sin,28.56063985824585,lightgbm,21
aux_splycur_chg_7,28.069600105285645,lightgbm,21
px_cumret_90,27.496880054473877,lightgbm,21
cal_dom_cos,26.94130039215088,lightgbm,21
vol_qv_median_ratio_63,24.406899452209473,lightgbm,21
vol_zscore_21,23.897000312805176,lightgbm,21
px_ret_5,23.538530349731445,lightgbm,21
aux_adractcnt_z63,21.52637004852295,lightgbm,21
px_ret_skew_21,21.329670429229736,lightgbm,21
vol_taker_buy_ratio_mean_7,20.96901035308838,lightgbm,21
tech_macd_line_norm,19.84475040435791,lightgbm,21
rng_garman_klass_5,19.043350219726562,lightgbm,21
vol_ret_corr_21,18.50160026550293,lightgbm,21
px_ret_std_63,17.870619773864746,lightgbm,21
tech_stoch_k_14,17.424779891967773,lightgbm,21
xa_rel_strength_7,16.740789890289307,lightgbm,21
rng_tr_norm,16.641180276870728,lightgbm,21
px_ret_mean_21,16.332500457763672,lightgbm,21
vol_taker_buy_ratio,15.597749948501587,lightgbm,21
vol_log1p_quote_volume,15.227030277252197,lightgbm,21
px_ret_std_10,14.942399978637695,lightgbm,21
tech_macd_hist_norm,14.454556971788406,lightgbm,21
vol_taker_buy_ratio_dev,14.271100044250488,lightgbm,21
px_dist_min_21,14.109100341796875,lightgbm,21
tech_rsi_14,14.065500259399414,lightgbm,21
rng_parkinson_21,13.749699592590332,lightgbm,21
px_ret_std_21,13.474300384521484,lightgbm,21
px_dist_max_21,12.876530170440674,lightgbm,21
px_cumret_30,12.798400402069092,lightgbm,21
px_ret_kurt_63,11.927200317382812,lightgbm,21
vol_trades_zscore_21,11.616800308227539,lightgbm,21
xa_rel_strength_30,11.116399765014648,lightgbm,21
xa_corr_ref_90,10.78240966796875,lightgbm,21
px_ret_skew_63,10.60617971420288,lightgbm,21
px_cumret_7,7.991789817810059,lightgbm,21
tech_macd_signal_norm,7.709469795227051,lightgbm,21
xa_excess_ret_lag1,6.932869911193848,lightgbm,21
xa_rank_ret_lag1,5.209529876708984,lightgbm,21
px_ret_10,5.059410095214844,lightgbm,21
cal_moy_cos,3.8077800273895264,lightgbm,21
px_ret_kurt_21,0.0,lightgbm,21
px_ret_21,0.0,lightgbm,21
px_ret_mean_10,0.0,lightgbm,21
px_dist_max_63,0.0,lightgbm,21
rng_garman_klass_21,0.0,lightgbm,21
rng_parkinson_5,0.0,lightgbm,21
vol_log1p_volume,0.0,lightgbm,21
rng_intraday,0.0,lightgbm,21
xa_corr_ref_30,0.0,lightgbm,21
cal_is_weekend,0.0,lightgbm,21
cal_dow_sin,0.0,lightgbm,21
aux_adractcnt_chg_7,0.0,lightgbm,21
aux_txcnt_z63,0.0,lightgbm,21
aux_txcnt_chg_7,0.0,lightgbm,21
aux_splycur_z63,0.0,lightgbm,21
px_ret_1,436.8449001312256,lightgbm,21
xa_market_dispersion,269.67484152317047,lightgbm,21
rng_close_position,248.09818935394287,lightgbm,21
xa_ref_ret_lag1,214.45709896087646,lightgbm,21
cal_dom_sin,208.1939616203308,lightgbm,21
xa_market_ret_lag1,206.32216024398804,lightgbm,21
aux_fng,185.19519901275635,lightgbm,21
xa_market_ret_mean_5,142.08679962158203,lightgbm,21
xa_ref_ret_lag2,98.76658034324646,lightgbm,21
xa_ref_vol_21,87.26026010513306,lightgbm,21
cal_dow_cos,86.42959880828857,lightgbm,21
xa_ref_ret_mean_5,72.20130157470703,lightgbm,21
tech_obv_zscore_21,64.06461960077286,lightgbm,21
aux_fng_z_63,63.5709243118763,lightgbm,21
px_ret_5,60.371360778808594,lightgbm,21
aux_fng_chg_7,50.02644968032837,lightgbm,21
tech_macd_line_norm,48.73867082595825,lightgbm,21
px_dist_min_63,38.17650032043457,lightgbm,21
rng_cc_parkinson_ratio_21,37.709710121154785,lightgbm,21
px_ret_2,35.34811019897461,lightgbm,21
vol_zscore_21,30.82088041305542,lightgbm,21
px_ret_10,30.4589900970459,lightgbm,21
vol_taker_buy_ratio,29.770100593566895,lightgbm,21
px_dist_max_21,29.12320041656494,lightgbm,21
px_ret_3,28.054800033569336,lightgbm,21
px_ret_mean_63,28.054109573364258,lightgbm,21
tech_macd_hist_norm,25.41100025177002,lightgbm,21
px_ret_std_63,24.359600067138672,lightgbm,21
tech_bb_pos_20,23.53969955444336,lightgbm,21
rng_atr_14_norm,22.92119061946869,lightgbm,21
cal_moy_sin,22.410540103912354,lightgbm,21
px_ret_skew_63,18.40066957473755,lightgbm,21
aux_splycur_chg_7,17.52989959716797,lightgbm,21
cal_dom_cos,15.894800186157227,lightgbm,21
px_ret_mean_21,15.696100234985352,lightgbm,21
aux_adractcnt_z63,15.217979907989502,lightgbm,21
px_ret_mean_10,14.857799530029297,lightgbm,21
px_ret_std_5,13.877099990844727,lightgbm,21
rng_garman_klass_5,11.720999717712402,lightgbm,21
px_cumret_90,11.32686996459961,lightgbm,21
vol_trades_zscore_21,11.225500106811523,lightgbm,21
aux_txcnt_z63,10.71049976348877,lightgbm,21
tech_stoch_k_14,9.621789932250977,lightgbm,21
px_ret_std_10,9.029199600219727,lightgbm,21
tech_rsi_14,8.433250427246094,lightgbm,21
px_ret_kurt_63,7.98321008682251,lightgbm,21
px_ret_21,7.25,lightgbm,21
vol_ret_corr_21,7.131979942321777,lightgbm,21
xa_excess_ret_lag1,7.048369884490967,lightgbm,21
px_ret_skew_21,5.778180122375488,lightgbm,21
cal_dow_sin,5.492865771055222,lightgbm,21
aux_adractcnt_chg_7,5.446809768676758,lightgbm,21
px_ret_kurt_21,4.79472017288208,lightgbm,21
rng_parkinson_21,4.070539951324463,lightgbm,21
px_cumret_30,3.5507400035858154,lightgbm,21
aux_splycur_z63,3.3142499923706055,lightgbm,21
px_ret_std_21,0.0,lightgbm,21
px_ret_mean_5,0.0,lightgbm,21
vol_log1p_quote_volume,0.0,lightgbm,21
px_dist_min_21,0.0,lightgbm,21
vol_log1p_volume,0.0,lightgbm,21
px_dist_max_63,0.0,lightgbm,21
px_cumret_7,0.0,lightgbm,21
vol_taker_buy_ratio_mean_7,0.0,lightgbm,21
tech_macd_signal_norm,0.0,lightgbm,21
rng_intraday,0.0,lightgbm,21
rng_garman_klass_21,0.0,lightgbm,21
rng_tr_norm,0.0,lightgbm,21
rng_parkinson_5,0.0,lightgbm,21
vol_taker_buy_ratio_dev,0.0,lightgbm,21
vol_qv_median_ratio_63,0.0,lightgbm,21
xa_corr_ref_30,0.0,lightgbm,21
xa_corr_ref_90,0.0,lightgbm,21
xa_rel_strength_7,0.0,lightgbm,21
xa_rel_strength_30,0.0,lightgbm,21
xa_rank_ret_lag1,0.0,lightgbm,21
tech_stoch_d_14,0.0,lightgbm,21
cal_moy_cos,0.0,lightgbm,21
cal_is_weekend,0.0,lightgbm,21
aux_txcnt_chg_7,0.0,lightgbm,21
px_ret_1,776.0694932937622,lightgbm,21
rng_close_position,477.282190322876,lightgbm,21
xa_market_dispersion,447.6097297668457,lightgbm,21
xa_market_ret_lag1,398.4805279970169,lightgbm,21
aux_fng,393.5548584461212,lightgbm,21
xa_ref_vol_21,315.3967399597168,lightgbm,21
xa_ref_ret_lag1,301.85888957977295,lightgbm,21
cal_dom_sin,275.6739935874939,lightgbm,21
xa_market_ret_mean_5,223.0311312675476,lightgbm,21
cal_dow_cos,180.93571090698242,lightgbm,21
xa_ref_ret_mean_5,177.70428943634033,lightgbm,21
xa_ref_ret_lag2,145.80774116516113,lightgbm,21
tech_obv_zscore_21,130.05496966838837,lightgbm,21
aux_fng_z_63,115.39798456430435,lightgbm,21
cal_dom_cos,93.88186001777649,lightgbm,21
aux_fng_chg_7,89.6024957895279,lightgbm,21
rng_atr_14_norm,89.21852016448975,lightgbm,21
vol_taker_buy_ratio,86.69486093521118,lightgbm,21
px_ret_std_63,79.42205905914307,lightgbm,21
px_ret_std_5,76.77871990203857,lightgbm,21
vol_ret_corr_21,75.8094789981842,lightgbm,21
px_dist_min_63,74.39801979064941,lightgbm,21
rng_cc_parkinson_ratio_21,72.14416980743408,lightgbm,21
vol_qv_median_ratio_63,55.34240961074829,lightgbm,21
xa_corr_ref_90,54.645140409469604,lightgbm,21
aux_splycur_z63,52.11710023880005,lightgbm,21
px_dist_max_21,51.83384895324707,lightgbm,21
vol_zscore_21,50.88080883026123,lightgbm,21
tech_rsi_14,49.91207981109619,lightgbm,21
vol_log1p_quote_volume,43.539130210876465,lightgbm,21
px_ret_5,40.146169662475586,lightgbm,21
tech_stoch_k_14,38.08956956863403,lightgbm,21
px_ret_21,33.86332035064697,lightgbm,21
vol_taker_buy_ratio_mean_7,33.47908973693848,lightgbm,21
px_ret_mean_5,31.91069984436035,lightgbm,21
px_dist_min_21,31.36149024963379,lightgbm,21
px_cumret_7,31.012230396270752,lightgbm,21
px_ret_2,30.2814998626709,lightgbm,21
aux_txcnt_z63,29.603449821472168,lightgbm,21
px_ret_std_21,29.431289672851562,lightgbm,21
tech_macd_hist_norm,29.384060859680176,lightgbm,21
aux_adractcnt_z63,29.34222984313965,lightgbm,21
rng_tr_norm,27.117250442504883,lightgbm,21
rng_garman_klass_5,24.526830673217773,lightgbm,21
cal_moy_cos,23.563260078430176,lightgbm,21
px_ret_std_10,22.411399841308594,lightgbm,21
px_ret_skew_63,22.08017921447754,lightgbm,21
vol_trades_zscore_21,22.06855058670044,lightgbm,21
cal_moy_sin,21.040730476379395,lightgbm,21
vol_taker_buy_ratio_dev,20.3902006149292,lightgbm,21
px_ret_kurt_21,19.062210083007812,lightgbm,21
rng_intraday,18.150999069213867,lightgbm,21
aux_splycur_chg_7,18.075729608535767,lightgbm,21
tech_bb_pos_20,16.909780025482178,lightgbm,21
xa_corr_ref_30,16.69916009902954,lightgbm,21
px_ret_mean_63,16.60531997680664,lightgbm,21
px_ret_3,15.305030345916748,lightgbm,21
px_dist_max_63,15.20259952545166,lightgbm,21
px_ret_skew_21,14.24217939376831,lightgbm,21
px_ret_mean_10,13.329099655151367,lightgbm,21
px_cumret_30,12.821630001068115,lightgbm,21
xa_rel_strength_30,12.790889978408813,lightgbm,21
px_ret_10,12.717100143432617,lightgbm,21
xa_rel_strength_7,12.595279484987259,lightgbm,21
aux_txcnt_chg_7,12.277160167694092,lightgbm,21
tech_stoch_d_14,11.895600318908691,lightgbm,21
px_ret_mean_21,10.459500312805176,lightgbm,21
tech_macd_line_norm,10.28339958190918,lightgbm,21
vol_log1p_volume,9.470730066299438,lightgbm,21
px_ret_kurt_63,9.00625991821289,lightgbm,21
cal_dow_sin,4.48415994644165,lightgbm,21
rng_garman_klass_21,3.956929922103882,lightgbm,21
rng_parkinson_5,1.740090012550354,lightgbm,21
tech_macd_signal_norm,0.0,lightgbm,21
px_cumret_90,0.0,lightgbm,21
rng_parkinson_21,0.0,lightgbm,21
xa_excess_ret_lag1,0.0,lightgbm,21
xa_rank_ret_lag1,0.0,lightgbm,21
cal_is_weekend,0.0,lightgbm,21
aux_adractcnt_chg_7,0.0,lightgbm,21
rng_close_position,184.32940101623535,lightgbm,21
xa_ref_ret_lag1,158.37260055541992,lightgbm,21
px_ret_1,114.05279922485352,lightgbm,21
xa_market_dispersion,95.79419994354248,lightgbm,21
aux_fng,60.79590129852295,lightgbm,21
xa_market_ret_lag1,57.30576014518738,lightgbm,21
xa_ref_vol_21,52.389461040496826,lightgbm,21
cal_dom_sin,35.957499504089355,lightgbm,21
xa_ref_ret_lag2,30.497100830078125,lightgbm,21
xa_market_ret_mean_5,28.34212064743042,lightgbm,21
px_ret_std_5,26.004799842834473,lightgbm,21
rng_cc_parkinson_ratio_21,22.965519905090332,lightgbm,21
px_ret_std_63,22.45639991760254,lightgbm,21
cal_dow_cos,17.032800674438477,lightgbm,21
xa_ref_ret_mean_5,16.49205994606018,lightgbm,21
vol_taker_buy_ratio_dev,15.472900390625,lightgbm,21
rng_intraday,15.048800468444824,lightgbm,21
vol_ret_corr_21,14.986209869384766,lightgbm,21
xa_excess_ret_lag1,14.749460220336914,lightgbm,21
px_ret_mean_10,14.155699729919434,lightgbm,21
tech_stoch_k_14,13.016570091247559,lightgbm,21
xa_corr_ref_90,12.511899948120117,lightgbm,21
vol_log1p_quote_volume,11.725899696350098,lightgbm,21
tech_bb_pos_20,10.894200325012207,lightgbm,21
xa_rel_strength_7,9.134480476379395,lightgbm,21
px_dist_min_63,7.9637298583984375,lightgbm,21
vol_taker_buy_ratio,5.107120037078857,lightgbm,21
px_ret_5,3.753000020980835,lightgbm,21
aux_fng_chg_7,3.6079599857330322,lightgbm,21
px_ret_2,0.0,lightgbm,21
px_ret_10,0.0,lightgbm,21
px_ret_3,0.0,lightgbm,21
px_ret_kurt_21,0.0,lightgbm,21
px_ret_skew_21,0.0,lightgbm,21
px_ret_mean_63,0.0,lightgbm,21
px_ret_std_21,0.0,lightgbm,21
px_ret_std_10,0.0,lightgbm,21
px_ret_mean_21,0.0,lightgbm,21
px_ret_21,0.0,lightgbm,21
px_ret_mean_5,0.0,lightgbm,21
vol_taker_buy_ratio_mean_7,0.0,lightgbm,21
px_dist_min_21,0.0,lightgbm,21
px_dist_max_63,0.0,lightgbm,21
px_ret_skew_63,0.0,lightgbm,21
px_cumret_90,0.0,lightgbm,21
px_ret_kurt_63,0.0,lightgbm,21
px_cumret_7,0.0,lightgbm,21
px_cumret_30,0.0,lightgbm,21
tech_macd_hist_norm,0.0,lightgbm,21
tech_macd_signal_norm,0.0,lightgbm,21
tech_macd_line_norm,0.0,lightgbm,21
tech_rsi_14,0.0,lightgbm,21
rng_garman_klass_5,0.0,lightgbm,21
rng_garman_klass_21,0.0,lightgbm,21
rng_tr_norm,0.0,lightgbm,21
rng_atr_14_norm,0.0,lightgbm,21
rng_parkinson_21,0.0,lightgbm,21
rng_parkinson_5,0.0,lightgbm,21
px_dist_max_21,0.0,lightgbm,21
vol_log1p_volume,0.0,lightgbm,21
vol_zscore_21,0.0,lightgbm,21
vol_qv_median_ratio_63,0.0,lightgbm,21
vol_trades_zscore_21,0.0,lightgbm,21
tech_stoch_d_14,0.0,lightgbm,21
xa_rel_strength_30,0.0,lightgbm,21
xa_rank_ret_lag1,0.0,lightgbm,21
tech_obv_zscore_21,0.0,lightgbm,21
xa_corr_ref_30,0.0,lightgbm,21
cal_dom_cos,0.0,lightgbm,21
cal_moy_sin,0.0,lightgbm,21
cal_moy_cos,0.0,lightgbm,21
cal_dow_sin,0.0,lightgbm,21
cal_is_weekend,0.0,lightgbm,21
aux_fng_z_63,0.0,lightgbm,21
aux_adractcnt_z63,0.0,lightgbm,21
aux_adractcnt_chg_7,0.0,lightgbm,21
aux_txcnt_z63,0.0,lightgbm,21
aux_txcnt_chg_7,0.0,lightgbm,21
aux_splycur_z63,0.0,lightgbm,21
aux_splycur_chg_7,0.0,lightgbm,21
rng_close_position,0.07681748105274114,ridge,22
px_ret_1,0.052415959843555605,ridge,22
aux_fng,0.048811071170789866,ridge,22
cal_is_weekend,0.04657849000645097,ridge,22
cal_dom_cos,0.03565009439233512,ridge,22
xa_ref_ret_lag2,0.03364575088134247,ridge,22
cal_dow_sin,0.03261532300073894,ridge,22
cal_dow_cos,0.0324937732639811,ridge,22
cal_dom_sin,0.029996980233484235,ridge,22
vol_taker_buy_ratio_mean_7,0.028707520077376956,ridge,22
aux_splycur_chg_7,0.027455546192697577,ridge,22
px_ret_skew_21,0.027010768183652226,ridge,22
aux_splycur_z63,0.025968650217182296,ridge,22
px_ret_mean_21,0.024000835423915765,ridge,22
px_ret_21,0.02400083542391575,ridge,22
xa_rel_strength_7,0.02338612185077041,ridge,22
rng_tr_norm,0.022719270934801465,ridge,22
rng_intraday,0.0207545847604181,ridge,22
tech_macd_hist_norm,0.019337509256432846,ridge,22
xa_ref_ret_lag1,0.01924082235428447,ridge,22
aux_txcnt_z63,0.01912321975488366,ridge,22
xa_market_dispersion,0.018376557673135965,ridge,22
cal_moy_cos,0.018337177840213974,ridge,22
rng_atr_14_norm,0.0176151901287278,ridge,22
xa_ref_vol_21,0.01687844964067994,ridge,22
vol_zscore_21,0.0161332346491162,ridge,22
px_dist_max_21,0.01580093435152426,ridge,22
xa_market_ret_lag1,0.015457367931095143,ridge,22
rng_garman_klass_5,0.014819689207586471,ridge,22
px_cumret_90,0.01453383408542992,ridge,22
tech_stoch_d_14,0.014301569769279434,ridge,22
aux_fng_chg_7,0.014258947954048671,ridge,22
px_cumret_30,0.014111094890561646,ridge,22
vol_ret_corr_21,0.01326817007596732,ridge,22
xa_corr_ref_30,0.0130978369359485,ridge,22
px_ret_kurt_63,0.012355815437484792,ridge,22
px_ret_mean_5,0.01211431071562194,ridge,22
px_ret_5,0.012114310715621931,ridge,22
px_ret_2,0.012015110454056566,ridge,22
rng_parkinson_5,0.011725524698867727,ridge,22
aux_adractcnt_z63,0.010969400130577553,ridge,22
xa_market_ret_mean_5,0.01089030409400803,ridge,22
xa_rel_strength_30,0.010458998426078708,ridge,22
px_ret_kurt_21,0.00981879675095421,ridge,22
tech_macd_line_norm,0.00964129437121778,ridge,22
cal_moy_sin,0.009526042578924561,ridge,22
px_ret_3,0.009417622074403687,ridge,22
px_ret_std_10,0.008965922366158187,ridge,22
xa_corr_ref_90,0.008753755844498065,ridge,22
tech_stoch_k_14,0.008546698540280164,ridge,22
tech_obv_zscore_21,0.007983552652314785,ridge,22
px_dist_min_63,0.0073704971221712715,ridge,22
aux_adractcnt_chg_7,0.007366971987455513,ridge,22
rng_garman_klass_21,0.0066572247706510644,ridge,22
tech_macd_signal_norm,0.0062703624822576885,ridge,22
vol_log1p_volume,0.005995358427569705,ridge,22
tech_rsi_14,0.005969061529243017,ridge,22
rng_parkinson_21,0.0054854116767084835,ridge,22
px_ret_skew_63,0.004937759265307876,ridge,22
tech_bb_pos_20,0.004587574546414296,ridge,22
rng_cc_parkinson_ratio_21,0.004521395882801192,ridge,22
vol_qv_median_ratio_63,0.004426390967955937,ridge,22
px_ret_mean_63,0.004177148444034076,ridge,22
px_ret_std_5,0.004170997232064709,ridge,22
px_cumret_7,0.003936406509462205,ridge,22
px_ret_std_63,0.003873522013496232,ridge,22
xa_ref_ret_mean_5,0.0038673152090928534,ridge,22
aux_txcnt_chg_7,0.003800468163943441,ridge,22
px_ret_10,0.0034344101069804216,ridge,22
px_ret_mean_10,0.0034344101069804112,ridge,22
xa_excess_ret_lag1,0.0034311342747948294,ridge,22
px_dist_max_63,0.00338862256392686,ridge,22
xa_rank_ret_lag1,0.002924042784697195,ridge,22
px_ret_std_21,0.0025858456981247254,ridge,22
vol_taker_buy_ratio_dev,0.0024330374382583457,ridge,22
vol_taker_buy_ratio,0.0024330374382583388,ridge,22
vol_trades_zscore_21,0.0021029735066072845,ridge,22
px_dist_min_21,0.002020055061656266,ridge,22
vol_log1p_quote_volume,0.0009547127584609144,ridge,22
aux_fng_z_63,0.00025384177164437707,ridge,22
px_ret_1,769.9077658653259,lightgbm,22
rng_close_position,355.83573174476624,lightgbm,22
xa_market_dispersion,346.9157295227051,lightgbm,22
xa_market_ret_mean_5,341.37578105926514,lightgbm,22
xa_market_ret_lag1,337.3380470275879,lightgbm,22
aux_fng,298.3361306190491,lightgbm,22
cal_dom_sin,288.2391700744629,lightgbm,22
cal_dow_cos,259.218168258667,lightgbm,22
xa_ref_ret_lag2,210.92604732513428,lightgbm,22
xa_ref_ret_mean_5,178.52696895599365,lightgbm,22
cal_dom_cos,153.0256314277649,lightgbm,22
xa_ref_vol_21,149.73663854599,lightgbm,22
px_ret_2,143.99943017959595,lightgbm,22
xa_ref_ret_lag1,142.30166816711426,lightgbm,22
aux_fng_z_63,120.60884010791779,lightgbm,22
px_ret_std_10,115.50306987762451,lightgbm,22
tech_obv_zscore_21,91.25455856323242,lightgbm,22
px_ret_std_5,88.77540111541748,lightgbm,22
aux_fng_chg_7,88.50982999801636,lightgbm,22
rng_cc_parkinson_ratio_21,82.47663021087646,lightgbm,22
cal_moy_sin,80.7461895942688,lightgbm,22
aux_splycur_chg_7,71.27784991264343,lightgbm,22
vol_taker_buy_ratio,70.66162061691284,lightgbm,22
xa_rel_strength_7,65.59950852394104,lightgbm,22
px_cumret_90,60.488590240478516,lightgbm,22
px_ret_mean_63,58.482800006866455,lightgbm,22
px_ret_21,57.29663872718811,lightgbm,22
vol_qv_median_ratio_63,54.998000144958496,lightgbm,22
px_ret_std_63,49.77399921417236,lightgbm,22
px_ret_5,48.19343948364258,lightgbm,22
rng_tr_norm,47.32005023956299,lightgbm,22
vol_taker_buy_ratio_mean_7,39.83470964431763,lightgbm,22
px_dist_min_63,39.38286113739014,lightgbm,22
xa_corr_ref_30,36.369200229644775,lightgbm,22
tech_macd_signal_norm,34.97441005706787,lightgbm,22
cal_moy_cos,34.293089866638184,lightgbm,22
px_ret_skew_63,34.189640045166016,lightgbm,22
rng_garman_klass_21,33.70037031173706,lightgbm,22
px_ret_3,33.010000705718994,lightgbm,22
vol_ret_corr_21,32.94974899291992,lightgbm,22
aux_adractcnt_z63,30.4863600730896,lightgbm,22
px_ret_10,27.3062801361084,lightgbm,22
tech_stoch_d_14,25.98197305202484,lightgbm,22
px_ret_skew_21,23.606760263442993,lightgbm,22
tech_bb_pos_20,23.262239933013916,lightgbm,22
tech_stoch_k_14,22.496739864349365,lightgbm,22
px_cumret_30,21.513800621032715,lightgbm,22
px_ret_mean_5,21.056689739227295,lightgbm,22
px_dist_min_21,20.876349925994873,lightgbm,22
rng_parkinson_21,18.406789898872375,lightgbm,22
cal_dow_sin,18.354090213775635,lightgbm,22
aux_txcnt_z63,17.87220001220703,lightgbm,22
tech_rsi_14,17.31136989593506,lightgbm,22
px_ret_kurt_21,16.980899810791016,lightgbm,22
vol_log1p_quote_volume,16.770740032196045,lightgbm,22
tech_macd_hist_norm,14.90733003616333,lightgbm,22
cal_is_weekend,14.336099624633789,lightgbm,22
vol_zscore_21,14.244099617004395,lightgbm,22
vol_trades_zscore_21,13.787440299987793,lightgbm,22
aux_splycur_z63,13.365110397338867,lightgbm,22
px_cumret_7,13.183600425720215,lightgbm,22
vol_taker_buy_ratio_dev,12.338000297546387,lightgbm,22
tech_macd_line_norm,11.758500099182129,lightgbm,22
xa_excess_ret_lag1,11.31466007232666,lightgbm,22
px_ret_std_21,11.281599998474121,lightgbm,22
px_dist_max_63,10.652700424194336,lightgbm,22
xa_corr_ref_90,8.51826000213623,lightgbm,22
rng_intraday,7.494733035564423,lightgbm,22
aux_txcnt_chg_7,7.269420146942139,lightgbm,22
rng_garman_klass_5,6.0219597816467285,lightgbm,22
aux_adractcnt_chg_7,5.666039943695068,lightgbm,22
rng_atr_14_norm,2.0394599437713623,lightgbm,22
px_ret_mean_10,0.0,lightgbm,22
px_ret_mean_21,0.0,lightgbm,22
px_dist_max_21,0.0,lightgbm,22
vol_log1p_volume,0.0,lightgbm,22
rng_parkinson_5,0.0,lightgbm,22
px_ret_kurt_63,0.0,lightgbm,22
xa_rel_strength_30,0.0,lightgbm,22
xa_rank_ret_lag1,0.0,lightgbm,22
px_ret_1,820.084997177124,lightgbm,22
aux_fng,404.956307888031,lightgbm,22
xa_market_dispersion,346.8511891365051,lightgbm,22
xa_market_ret_lag1,289.39286971092224,lightgbm,22
cal_dom_sin,266.3380389213562,lightgbm,22
cal_dow_cos,255.69770050048828,lightgbm,22
rng_close_position,239.01587009429932,lightgbm,22
xa_market_ret_mean_5,228.6450493335724,lightgbm,22
xa_ref_ret_lag1,213.16743993759155,lightgbm,22
xa_ref_vol_21,192.4403567314148,lightgbm,22
xa_ref_ret_mean_5,183.2227077484131,lightgbm,22
tech_obv_zscore_21,139.53388372063637,lightgbm,22
cal_dom_cos,134.26298189163208,lightgbm,22
aux_fng_z_63,107.31761074066162,lightgbm,22
xa_ref_ret_lag2,93.01556968688965,lightgbm,22
aux_fng_chg_7,84.26259970664978,lightgbm,22
rng_cc_parkinson_ratio_21,65.36999988555908,lightgbm,22
px_ret_std_5,58.83500099182129,lightgbm,22
px_ret_kurt_63,54.25880408287048,lightgbm,22
px_ret_std_10,54.23360061645508,lightgbm,22
px_ret_3,52.49165964126587,lightgbm,22
tech_bb_pos_20,50.63615131378174,lightgbm,22
px_ret_10,48.38961982727051,lightgbm,22
rng_atr_14_norm,48.20870018005371,lightgbm,22
px_dist_min_21,47.377869606018066,lightgbm,22
aux_splycur_chg_7,45.25101852416992,lightgbm,22
vol_trades_zscore_21,42.519150257110596,lightgbm,22
px_ret_2,41.70157051086426,lightgbm,22
px_cumret_30,38.38585925102234,lightgbm,22
px_ret_skew_63,34.811519622802734,lightgbm,22
vol_taker_buy_ratio_dev,33.96860980987549,lightgbm,22
px_ret_skew_21,32.48336982727051,lightgbm,22
px_ret_21,31.804659843444824,lightgbm,22
aux_splycur_z63,26.953200340270996,lightgbm,22
rng_intraday,26.087599754333496,lightgbm,22
vol_taker_buy_ratio,24.846599578857422,lightgbm,22
rng_parkinson_5,22.875969409942627,lightgbm,22
cal_moy_cos,20.975290298461914,lightgbm,22
cal_dow_sin,20.675549507141113,lightgbm,22
rng_garman_klass_5,20.603359937667847,lightgbm,22
px_ret_mean_63,20.376410007476807,lightgbm,22
px_dist_min_63,19.90371036529541,lightgbm,22
rng_tr_norm,19.451950073242188,lightgbm,22
cal_moy_sin,19.114929676055908,lightgbm,22
vol_taker_buy_ratio_mean_7,19.069809913635254,lightgbm,22
px_ret_std_21,18.382600784301758,lightgbm,22
tech_macd_line_norm,17.78810954093933,lightgbm,22
px_ret_std_63,17.342920303344727,lightgbm,22
vol_qv_median_ratio_63,17.130240440368652,lightgbm,22
aux_adractcnt_z63,16.925039768218994,lightgbm,22
vol_log1p_volume,15.51201057434082,lightgbm,22
px_ret_mean_5,15.361200332641602,lightgbm,22
xa_corr_ref_90,14.029219627380371,lightgbm,22
tech_macd_signal_norm,13.074899673461914,lightgbm,22
px_ret_kurt_21,12.896499633789062,lightgbm,22
px_cumret_7,12.642000198364258,lightgbm,22
px_dist_max_21,12.520299911499023,lightgbm,22
px_cumret_90,12.11769962310791,lightgbm,22
tech_stoch_d_14,11.372819900512695,lightgbm,22
xa_rel_strength_7,11.128179550170898,lightgbm,22
xa_rel_strength_30,11.038200378417969,lightgbm,22
aux_txcnt_z63,9.99407958984375,lightgbm,22
tech_stoch_k_14,9.920480012893677,lightgbm,22
xa_excess_ret_lag1,9.30364990234375,lightgbm,22
xa_corr_ref_30,7.868500232696533,lightgbm,22
rng_parkinson_21,7.348030090332031,lightgbm,22
tech_macd_hist_norm,5.808919906616211,lightgbm,22
aux_txcnt_chg_7,4.075200080871582,lightgbm,22
rng_garman_klass_21,3.869270086288452,lightgbm,22
tech_rsi_14,1.705180048942566,lightgbm,22
px_ret_5,0.0,lightgbm,22
px_ret_mean_21,0.0,lightgbm,22
px_ret_mean_10,0.0,lightgbm,22
px_dist_max_63,0.0,lightgbm,22
vol_zscore_21,0.0,lightgbm,22
vol_log1p_quote_volume,0.0,lightgbm,22
vol_ret_corr_21,0.0,lightgbm,22
xa_rank_ret_lag1,0.0,lightgbm,22
cal_is_weekend,0.0,lightgbm,22
aux_adractcnt_chg_7,0.0,lightgbm,22
px_ret_1,521.019492149353,lightgbm,22
rng_close_position,287.65883016586304,lightgbm,22
xa_ref_ret_lag1,244.16251802444458,lightgbm,22
aux_fng,233.0594675540924,lightgbm,22
cal_dow_cos,229.80436897277832,lightgbm,22
xa_market_ret_lag1,219.538920879364,lightgbm,22
xa_market_dispersion,202.54035460948944,lightgbm,22
xa_market_ret_mean_5,193.71755981445312,lightgbm,22
cal_dom_sin,182.2110595703125,lightgbm,22
xa_ref_ret_lag2,130.1558380126953,lightgbm,22
xa_ref_ret_mean_5,107.13068914413452,lightgbm,22
cal_dom_cos,86.55296993255615,lightgbm,22
px_ret_std_10,84.97091054916382,lightgbm,22
xa_ref_vol_21,74.52912902832031,lightgbm,22
tech_obv_zscore_21,56.669209480285645,lightgbm,22
aux_fng_chg_7,56.265629291534424,lightgbm,22
px_ret_2,53.53680086135864,lightgbm,22
aux_fng_z_63,53.522459983825684,lightgbm,22
px_ret_std_5,51.252100467681885,lightgbm,22
px_cumret_30,49.579219341278076,lightgbm,22
vol_zscore_21,46.53555107116699,lightgbm,22
px_ret_skew_63,43.57411003112793,lightgbm,22
cal_moy_cos,41.24269962310791,lightgbm,22
px_ret_5,35.535400390625,lightgbm,22
px_dist_min_21,33.88572072982788,lightgbm,22
tech_rsi_14,29.345701217651367,lightgbm,22
vol_taker_buy_ratio,29.114500045776367,lightgbm,22
tech_stoch_k_14,28.92553949356079,lightgbm,22
px_ret_std_63,27.383000373840332,lightgbm,22
px_cumret_7,24.90612006187439,lightgbm,22
px_dist_max_21,21.30058002471924,lightgbm,22
vol_taker_buy_ratio_mean_7,21.022300720214844,lightgbm,22
tech_stoch_d_14,20.87320041656494,lightgbm,22
cal_dow_sin,19.468070030212402,lightgbm,22
aux_splycur_chg_7,18.28619956970215,lightgbm,22
vol_ret_corr_21,15.906589984893799,lightgbm,22
rng_tr_norm,15.792699813842773,lightgbm,22
tech_macd_signal_norm,14.061789989471436,lightgbm,22
rng_cc_parkinson_ratio_21,13.77706003189087,lightgbm,22
tech_macd_hist_norm,13.683300018310547,lightgbm,22
xa_rel_strength_7,13.444999694824219,lightgbm,22
rng_garman_klass_5,13.243499755859375,lightgbm,22
tech_bb_pos_20,13.133330345153809,lightgbm,22
rng_atr_14_norm,12.879449605941772,lightgbm,22
vol_taker_buy_ratio_dev,12.803899765014648,lightgbm,22
px_ret_mean_10,12.175200462341309,lightgbm,22
px_ret_skew_21,11.596799612045288,lightgbm,22
aux_txcnt_chg_7,10.511290073394775,lightgbm,22
px_dist_max_63,10.347690105438232,lightgbm,22
xa_corr_ref_30,10.042840003967285,lightgbm,22
px_ret_kurt_63,9.146780014038086,lightgbm,22
xa_excess_ret_lag1,9.109800338745117,lightgbm,22
aux_txcnt_z63,8.811140060424805,lightgbm,22
px_ret_mean_63,8.557570457458496,lightgbm,22
vol_log1p_quote_volume,7.29541015625,lightgbm,22
px_ret_10,6.994239807128906,lightgbm,22
vol_trades_zscore_21,6.8430399894714355,lightgbm,22
aux_splycur_z63,4.881309986114502,lightgbm,22
xa_corr_ref_90,3.0205700397491455,lightgbm,22
px_ret_kurt_21,1.7143900394439697,lightgbm,22
px_ret_21,1.2216600179672241,lightgbm,22
px_ret_std_21,0.0,lightgbm,22
px_ret_3,0.0,lightgbm,22
px_ret_mean_5,0.0,lightgbm,22
px_ret_mean_21,0.0,lightgbm,22
tech_macd_line_norm,0.0,lightgbm,22
rng_parkinson_21,0.0,lightgbm,22
rng_garman_klass_21,0.0,lightgbm,22
rng_parkinson_5,0.0,lightgbm,22
vol_log1p_volume,0.0,lightgbm,22
px_dist_min_63,0.0,lightgbm,22
vol_qv_median_ratio_63,0.0,lightgbm,22
px_cumret_90,0.0,lightgbm,22
rng_intraday,0.0,lightgbm,22
xa_rel_strength_30,0.0,lightgbm,22
xa_rank_ret_lag1,0.0,lightgbm,22
cal_is_weekend,0.0,lightgbm,22
cal_moy_sin,0.0,lightgbm,22
aux_adractcnt_chg_7,0.0,lightgbm,22
aux_adractcnt_z63,0.0,lightgbm,22
px_ret_1,521.0216488838196,lightgbm,22
rng_close_position,359.83245849609375,lightgbm,22
xa_market_dispersion,286.11115169525146,lightgbm,22
xa_market_ret_mean_5,275.0523610115051,lightgbm,22
aux_fng,240.89216995239258,lightgbm,22
cal_dom_sin,209.28928434848785,lightgbm,22
xa_ref_ret_lag1,203.87456035614014,lightgbm,22
xa_market_ret_lag1,175.00500082969666,lightgbm,22
xa_ref_ret_mean_5,163.80846881866455,lightgbm,22
cal_dow_cos,152.986590385437,lightgbm,22
xa_ref_ret_lag2,127.23575973510742,lightgbm,22
xa_ref_vol_21,121.28816986083984,lightgbm,22
tech_obv_zscore_21,99.16014957427979,lightgbm,22
cal_dom_cos,98.02969932556152,lightgbm,22
px_ret_mean_5,71.0539197921753,lightgbm,22
px_ret_std_5,65.40793085098267,lightgbm,22
aux_fng_z_63,57.95932054519653,lightgbm,22
aux_fng_chg_7,54.77613031864166,lightgbm,22
px_ret_std_63,53.17310047149658,lightgbm,22
px_ret_std_10,50.18879985809326,lightgbm,22
tech_stoch_d_14,46.84913110733032,lightgbm,22
rng_cc_parkinson_ratio_21,44.507479667663574,lightgbm,22
vol_qv_median_ratio_63,32.12310028076172,lightgbm,22
tech_bb_pos_20,32.05430817604065,lightgbm,22
vol_ret_corr_21,30.61364984512329,lightgbm,22
px_ret_21,30.473989486694336,lightgbm,22
vol_taker_buy_ratio,29.29189968109131,lightgbm,22
px_cumret_90,28.98486042022705,lightgbm,22
px_cumret_30,28.93858003616333,lightgbm,22
xa_rel_strength_7,25.266599655151367,lightgbm,22
aux_splycur_z63,24.980799674987793,lightgbm,22
vol_trades_zscore_21,23.693099975585938,lightgbm,22
cal_moy_cos,22.966599464416504,lightgbm,22
tech_macd_signal_norm,22.550430297851562,lightgbm,22
px_ret_2,22.127009868621826,lightgbm,22
px_ret_3,19.751800537109375,lightgbm,22
rng_intraday,18.808969974517822,lightgbm,22
px_dist_min_63,18.2867693901062,lightgbm,22
px_dist_max_63,18.23477053642273,lightgbm,22
tech_rsi_14,17.155630350112915,lightgbm,22
cal_moy_sin,15.746299743652344,lightgbm,22
vol_taker_buy_ratio_dev,15.515389919281006,lightgbm,22
cal_dow_sin,15.25879955291748,lightgbm,22
px_ret_mean_63,15.077459335327148,lightgbm,22
rng_atr_14_norm,12.964570045471191,lightgbm,22
px_cumret_7,12.814599990844727,lightgbm,22
vol_log1p_quote_volume,12.654800415039062,lightgbm,22
aux_txcnt_chg_7,11.8471097946167,lightgbm,22
vol_zscore_21,11.812100410461426,lightgbm,22
rng_parkinson_5,11.751399993896484,lightgbm,22
px_ret_10,11.102298557758331,lightgbm,22
rng_garman_klass_5,9.638030052185059,lightgbm,22
xa_corr_ref_90,9.492650032043457,lightgbm,22
aux_txcnt_z63,9.335869789123535,lightgbm,22
px_ret_kurt_63,8.876029968261719,lightgbm,22
px_ret_kurt_21,8.322070181369781,lightgbm,22
rng_garman_klass_21,7.5869598388671875,lightgbm,22
aux_adractcnt_chg_7,7.02386999130249,lightgbm,22
vol_log1p_volume,6.5484299659729,lightgbm,22
tech_macd_hist_norm,5.813640117645264,lightgbm,22
tech_stoch_k_14,5.04817008972168,lightgbm,22
rng_tr_norm,2.7227699756622314,lightgbm,22
px_ret_5,0.0,lightgbm,22
px_ret_std_21,0.0,lightgbm,22
px_ret_skew_21,0.0,lightgbm,22
px_ret_mean_10,0.0,lightgbm,22
px_ret_mean_21,0.0,lightgbm,22
rng_parkinson_21,0.0,lightgbm,22
px_dist_min_21,0.0,lightgbm,22
px_dist_max_21,0.0,lightgbm,22
px_ret_skew_63,0.0,lightgbm,22
vol_taker_buy_ratio_mean_7,0.0,lightgbm,22
tech_macd_line_norm,0.0,lightgbm,22
xa_rank_ret_lag1,0.0,lightgbm,22
xa_rel_strength_30,0.0,lightgbm,22
xa_corr_ref_30,0.0,lightgbm,22
xa_excess_ret_lag1,0.0,lightgbm,22
cal_is_weekend,0.0,lightgbm,22
aux_adractcnt_z63,0.0,lightgbm,22
aux_splycur_chg_7,0.0,lightgbm,22
px_ret_1,570.6725325584412,lightgbm,22
rng_close_position,455.43440341949463,lightgbm,22
xa_market_dispersion,348.46025943756104,lightgbm,22
aux_fng,280.3379588127136,lightgbm,22
cal_dow_cos,272.2074866294861,lightgbm,22
cal_dom_sin,245.4325499534607,lightgbm,22
xa_market_ret_lag1,219.14348936080933,lightgbm,22
xa_ref_ret_lag1,218.09943914413452,lightgbm,22
xa_market_ret_mean_5,198.8366003036499,lightgbm,22
tech_obv_zscore_21,146.08114910125732,lightgbm,22
xa_ref_ret_lag2,144.56095921993256,lightgbm,22
cal_dom_cos,134.19743251800537,lightgbm,22
aux_fng_z_63,125.6059398651123,lightgbm,22
xa_ref_ret_mean_5,124.32910132408142,lightgbm,22
xa_ref_vol_21,112.78128027915955,lightgbm,22
px_ret_2,102.55526161193848,lightgbm,22
vol_taker_buy_ratio,98.804940700531,lightgbm,22
aux_fng_chg_7,80.22746992111206,lightgbm,22
px_ret_5,75.78880977630615,lightgbm,22
rng_atr_14_norm,60.76900005340576,lightgbm,22
rng_cc_parkinson_ratio_21,58.78397035598755,lightgbm,22
px_ret_std_5,57.953399658203125,lightgbm,22
vol_zscore_21,46.2809100151062,lightgbm,22
vol_log1p_quote_volume,44.22297954559326,lightgbm,22
vol_qv_median_ratio_63,43.89577102661133,lightgbm,22
aux_splycur_chg_7,42.495201110839844,lightgbm,22
px_ret_std_10,37.30151033401489,lightgbm,22
vol_taker_buy_ratio_mean_7,37.29529047012329,lightgbm,22
px_cumret_90,34.955729484558105,lightgbm,22
px_dist_max_63,33.18330097198486,lightgbm,22
tech_stoch_k_14,30.70110034942627,lightgbm,22
cal_dow_sin,29.908199310302734,lightgbm,22
tech_macd_hist_norm,29.55315065383911,lightgbm,22
px_ret_3,28.79644012451172,lightgbm,22
xa_corr_ref_90,28.243170499801636,lightgbm,22
px_ret_10,28.16538953781128,lightgbm,22
px_dist_min_21,27.804800987243652,lightgbm,22
aux_splycur_z63,26.623600006103516,lightgbm,22
px_ret_skew_21,26.21426010131836,lightgbm,22
vol_ret_corr_21,25.854700565338135,lightgbm,22
aux_txcnt_z63,25.1488094329834,lightgbm,22
px_ret_std_63,23.154900550842285,lightgbm,22
px_ret_skew_63,22.790930032730103,lightgbm,22
px_cumret_30,22.754769802093506,lightgbm,22
vol_log1p_volume,22.06651020050049,lightgbm,22
px_dist_min_63,18.96226978302002,lightgbm,22
tech_macd_line_norm,18.841500282287598,lightgbm,22
rng_garman_klass_5,18.831019401550293,lightgbm,22
px_ret_21,18.437649726867676,lightgbm,22
cal_moy_cos,17.97509002685547,lightgbm,22
aux_adractcnt_chg_7,16.845670700073242,lightgbm,22
rng_tr_norm,16.226170539855957,lightgbm,22
px_ret_kurt_63,16.221240520477295,lightgbm,22
xa_rel_strength_30,16.14784002304077,lightgbm,22
aux_txcnt_chg_7,15.508230209350586,lightgbm,22
tech_bb_pos_20,15.44631028175354,lightgbm,22
tech_rsi_14,15.426040172576904,lightgbm,22
px_ret_kurt_21,14.47996997833252,lightgbm,22
rng_garman_klass_21,13.374300003051758,lightgbm,22
cal_moy_sin,13.198599815368652,lightgbm,22
tech_macd_signal_norm,12.874030113220215,lightgbm,22
xa_rel_strength_7,12.299599647521973,lightgbm,22
px_dist_max_21,11.745499610900879,lightgbm,22
px_ret_mean_10,9.81564998626709,lightgbm,22
px_ret_mean_5,9.645389556884766,lightgbm,22
vol_taker_buy_ratio_dev,9.371129989624023,lightgbm,22
tech_stoch_d_14,8.535050392150879,lightgbm,22
xa_excess_ret_lag1,7.818789958953857,lightgbm,22
px_ret_mean_63,7.728549957275391,lightgbm,22
px_cumret_7,5.990499973297119,lightgbm,22
px_ret_std_21,3.0523200035095215,lightgbm,22
vol_trades_zscore_21,3.008549928665161,lightgbm,22
px_ret_mean_21,0.0,lightgbm,22
rng_intraday,0.0,lightgbm,22
rng_parkinson_21,0.0,lightgbm,22
rng_parkinson_5,0.0,lightgbm,22
xa_rank_ret_lag1,0.0,lightgbm,22
xa_corr_ref_30,0.0,lightgbm,22
cal_is_weekend,0.0,lightgbm,22
aux_adractcnt_z63,0.0,lightgbm,22
rng_close_position,0.07610699416482845,ridge,23
aux_fng,0.0544782718626742,ridge,23
px_ret_1,0.05053090349169824,ridge,23
cal_is_weekend,0.04245982256742108,ridge,23
cal_dom_cos,0.0373825744932052,ridge,23
xa_ref_ret_lag2,0.03580630868431832,ridge,23
cal_dow_sin,0.03163005558681738,ridge,23
aux_splycur_chg_7,0.030776633101819353,ridge,23
cal_dow_cos,0.0289621837357167,ridge,23
cal_dom_sin,0.02607664559843561,ridge,23
cal_moy_cos,0.024962501468571482,ridge,23
xa_ref_ret_lag1,0.024732467254408547,ridge,23
rng_tr_norm,0.024522479241260962,ridge,23
px_ret_skew_21,0.024082347768657274,ridge,23
px_ret_21,0.02343281220914775,ridge,23
px_ret_mean_21,0.023432812209147745,ridge,23
aux_splycur_z63,0.02337935825641493,ridge,23
rng_intraday,0.022633466164559194,ridge,23
xa_rel_strength_7,0.022088577505407197,ridge,23
vol_taker_buy_ratio_mean_7,0.02192790406144766,ridge,23
tech_macd_hist_norm,0.020906859531364442,ridge,23
aux_fng_chg_7,0.0193309491257294,ridge,23
vol_zscore_21,0.01901141761748942,ridge,23
rng_garman_klass_5,0.017591317372222377,ridge,23
xa_corr_ref_30,0.017512336965238427,ridge,23
cal_moy_sin,0.01707120332790387,ridge,23
xa_ref_vol_21,0.015492860875039793,ridge,23
px_dist_max_21,0.015475975242046027,ridge,23
rng_atr_14_norm,0.015456769739044609,ridge,23
xa_market_dispersion,0.015269986205457914,ridge,23
xa_market_ret_lag1,0.014844370580218034,ridge,23
px_cumret_90,0.014424968220676659,ridge,23
tech_stoch_d_14,0.013779454702570392,ridge,23
xa_market_ret_mean_5,0.013482960846783538,ridge,23
aux_txcnt_z63,0.013262459597299596,ridge,23
rng_parkinson_5,0.01322573629111678,ridge,23
aux_adractcnt_chg_7,0.013036242014004499,ridge,23
vol_ret_corr_21,0.012501991758229036,ridge,23
px_cumret_30,0.012129960172472184,ridge,23
px_ret_mean_5,0.012049210133711253,ridge,23
px_ret_5,0.012049210133711246,ridge,23
px_ret_kurt_63,0.011825844263478087,ridge,23
px_ret_kurt_21,0.011600731530629642,ridge,23
px_ret_2,0.011242555655233301,ridge,23
px_ret_std_10,0.010890232712812795,ridge,23
tech_macd_line_norm,0.010465227740751681,ridge,23
px_dist_min_63,0.010082050422544658,ridge,23
aux_adractcnt_z63,0.009783181165794045,ridge,23
tech_obv_zscore_21,0.008526710829602635,ridge,23
xa_rel_strength_30,0.008521864082250868,ridge,23
px_ret_3,0.008300242462167297,ridge,23
rng_garman_klass_21,0.008277944178301206,ridge,23
tech_stoch_k_14,0.007275612193373212,ridge,23
rng_parkinson_21,0.006936794150956404,ridge,23
tech_macd_signal_norm,0.006770895991471277,ridge,23
vol_qv_median_ratio_63,0.006185388234076367,ridge,23
vol_log1p_volume,0.005836430444069457,ridge,23
aux_txcnt_chg_7,0.005745595249939535,ridge,23
px_ret_10,0.00562439423589957,ridge,23
px_ret_mean_10,0.005624394235899547,ridge,23
rng_cc_parkinson_ratio_21,0.005293367163662609,ridge,23
tech_bb_pos_20,0.005130830759171928,ridge,23
px_cumret_7,0.004431459317342502,ridge,23
px_dist_max_63,0.004338466079859974,ridge,23
px_ret_mean_63,0.0036796727497053544,ridge,23
px_ret_std_21,0.003376422516818866,ridge,23
xa_rank_ret_lag1,0.0033753901449844266,ridge,23
xa_corr_ref_90,0.003291972498880988,ridge,23
px_ret_std_5,0.0029971958077055784,ridge,23
vol_taker_buy_ratio,0.0029460179595871,ridge,23
vol_taker_buy_ratio_dev,0.0029460179595870734,ridge,23
xa_excess_ret_lag1,0.0028958619464149586,ridge,23
xa_ref_ret_mean_5,0.002720417628032872,ridge,23
px_dist_min_21,0.002704331626624721,ridge,23
px_ret_std_63,0.0023845561019262274,ridge,23
aux_fng_z_63,0.0020936372699860316,ridge,23
tech_rsi_14,0.0017842467396666276,ridge,23
px_ret_skew_63,0.0010686106734150522,ridge,23
vol_log1p_quote_volume,0.0009988855813336194,ridge,23
vol_trades_zscore_21,3.8730049045047215e-05,ridge,23
px_ret_1,547.5705165863037,lightgbm,23
rng_close_position,522.469241142273,lightgbm,23
xa_market_ret_mean_5,417.9450583457947,lightgbm,23
aux_fng,335.2575855255127,lightgbm,23
xa_market_dispersion,326.3842692375183,lightgbm,23
xa_market_ret_lag1,311.5910601615906,lightgbm,23
xa_ref_ret_mean_5,262.04816246032715,lightgbm,23
cal_dow_cos,204.78454875946045,lightgbm,23
cal_dom_cos,168.5855212211609,lightgbm,23
xa_ref_ret_lag1,158.25713968276978,lightgbm,23
xa_ref_ret_lag2,156.57521772384644,lightgbm,23
cal_dom_sin,156.55343198776245,lightgbm,23
aux_fng_z_63,120.53310084342957,lightgbm,23
px_ret_std_10,120.02842080593109,lightgbm,23
aux_fng_chg_7,109.0400002002716,lightgbm,23
xa_ref_vol_21,97.43145155906677,lightgbm,23
px_ret_skew_63,96.33048057556152,lightgbm,23
aux_splycur_chg_7,85.96808004379272,lightgbm,23
cal_dow_sin,83.40533018112183,lightgbm,23
vol_taker_buy_ratio,79.1441297531128,lightgbm,23
xa_corr_ref_90,77.06710004806519,lightgbm,23
cal_moy_cos,74.91449069976807,lightgbm,23
px_ret_std_63,73.77095079421997,lightgbm,23
tech_obv_zscore_21,65.05204916000366,lightgbm,23
px_ret_3,60.98383092880249,lightgbm,23
rng_parkinson_21,60.0876202583313,lightgbm,23
px_ret_2,57.93950033187866,lightgbm,23
px_ret_21,55.720369815826416,lightgbm,23
px_ret_std_5,54.835429191589355,lightgbm,23
rng_cc_parkinson_ratio_21,49.090750217437744,lightgbm,23
rng_intraday,46.13114023208618,lightgbm,23
px_ret_kurt_21,45.14044952392578,lightgbm,23
cal_moy_sin,44.609100341796875,lightgbm,23
xa_corr_ref_30,38.063860177993774,lightgbm,23
tech_rsi_14,37.077500343322754,lightgbm,23
xa_rel_strength_7,36.30939054489136,lightgbm,23
vol_zscore_21,35.8794002532959,lightgbm,23
rng_garman_klass_5,30.126699447631836,lightgbm,23
vol_ret_corr_21,29.655000686645508,lightgbm,23
tech_stoch_d_14,29.202320098876953,lightgbm,23
px_cumret_7,28.69596004486084,lightgbm,23
xa_excess_ret_lag1,27.279890537261963,lightgbm,23
px_dist_min_21,26.786449432373047,lightgbm,23
px_ret_5,25.112699508666992,lightgbm,23
tech_bb_pos_20,24.894899368286133,lightgbm,23
vol_trades_zscore_21,24.857500076293945,lightgbm,23
px_ret_mean_5,22.654069900512695,lightgbm,23
px_ret_skew_21,22.03645968437195,lightgbm,23
tech_macd_hist_norm,18.997819900512695,lightgbm,23
px_dist_min_63,18.848869800567627,lightgbm,23
rng_parkinson_5,18.002300262451172,lightgbm,23
px_ret_mean_63,17.548150062561035,lightgbm,23
tech_macd_line_norm,15.301869869232178,lightgbm,23
aux_txcnt_chg_7,13.811409950256348,lightgbm,23
aux_adractcnt_chg_7,13.707200050354004,lightgbm,23
vol_qv_median_ratio_63,13.009900093078613,lightgbm,23
px_ret_kurt_63,12.092399597167969,lightgbm,23
px_cumret_90,11.721099853515625,lightgbm,23
rng_garman_klass_21,11.613200187683105,lightgbm,23
rng_tr_norm,9.991740226745605,lightgbm,23
px_ret_std_21,9.821479797363281,lightgbm,23
tech_macd_signal_norm,8.906959533691406,lightgbm,23
px_ret_10,8.603830337524414,lightgbm,23
aux_txcnt_z63,8.291119575500488,lightgbm,23
px_dist_max_63,8.180310249328613,lightgbm,23
aux_adractcnt_z63,7.857550144195557,lightgbm,23
rng_atr_14_norm,7.656829833984375,lightgbm,23
vol_taker_buy_ratio_dev,3.017080068588257,lightgbm,23
px_ret_mean_10,0.0,lightgbm,23
px_ret_mean_21,0.0,lightgbm,23
vol_taker_buy_ratio_mean_7,0.0,lightgbm,23
px_cumret_30,0.0,lightgbm,23
px_dist_max_21,0.0,lightgbm,23
vol_log1p_volume,0.0,lightgbm,23
vol_log1p_quote_volume,0.0,lightgbm,23
tech_stoch_k_14,0.0,lightgbm,23
xa_rel_strength_30,0.0,lightgbm,23
xa_rank_ret_lag1,0.0,lightgbm,23
cal_is_weekend,0.0,lightgbm,23
aux_splycur_z63,0.0,lightgbm,23
px_ret_1,499.97526264190674,lightgbm,23
xa_market_dispersion,378.4810600280762,lightgbm,23
rng_close_position,288.4111804962158,lightgbm,23
aux_fng,242.14288187026978,lightgbm,23
cal_dow_cos,227.15769863128662,lightgbm,23
cal_dom_sin,211.7720286846161,lightgbm,23
xa_market_ret_mean_5,198.91759872436523,lightgbm,23
xa_ref_ret_lag1,185.18024921417236,lightgbm,23
xa_market_ret_lag1,159.50389099121094,lightgbm,23
xa_ref_ret_mean_5,149.79659962654114,lightgbm,23
xa_ref_vol_21,123.39602982997894,lightgbm,23
xa_ref_ret_lag2,105.1764988899231,lightgbm,23
px_ret_std_10,102.2675313949585,lightgbm,23
aux_fng_chg_7,95.41917014122009,lightgbm,23
aux_fng_z_63,69.45799922943115,lightgbm,23
aux_splycur_chg_7,67.3464298248291,lightgbm,23
xa_corr_ref_90,62.08249092102051,lightgbm,23
vol_qv_median_ratio_63,57.192009925842285,lightgbm,23
px_ret_std_63,47.90460014343262,lightgbm,23
vol_ret_corr_21,43.805959701538086,lightgbm,23
vol_trades_zscore_21,42.27023983001709,lightgbm,23
px_dist_min_63,42.03950023651123,lightgbm,23
px_ret_5,41.84974956512451,lightgbm,23
px_ret_kurt_21,41.72177982330322,lightgbm,23
px_ret_std_5,38.49837017059326,lightgbm,23
px_ret_2,38.085360527038574,lightgbm,23
tech_obv_zscore_21,37.67460012435913,lightgbm,23
rng_tr_norm,36.47989082336426,lightgbm,23
tech_stoch_k_14,36.258689880371094,lightgbm,23
px_ret_skew_63,36.09541034698486,lightgbm,23
cal_dow_sin,33.83581018447876,lightgbm,23
vol_taker_buy_ratio_dev,33.50559997558594,lightgbm,23
rng_cc_parkinson_ratio_21,30.41532039642334,lightgbm,23
cal_dom_cos,28.554790019989014,lightgbm,23
cal_moy_cos,27.389699935913086,lightgbm,23
tech_macd_line_norm,25.60487937927246,lightgbm,23
px_ret_std_21,25.262099266052246,lightgbm,23
rng_atr_14_norm,23.659480094909668,lightgbm,23
px_ret_21,21.926849842071533,lightgbm,23
tech_macd_hist_norm,20.88842010498047,lightgbm,23
rng_garman_klass_5,20.21086025238037,lightgbm,23
px_ret_10,19.513360023498535,lightgbm,23
px_cumret_30,16.663660049438477,lightgbm,23
px_ret_mean_63,16.417960166931152,lightgbm,23
xa_excess_ret_lag1,16.14137029647827,lightgbm,23
rng_parkinson_21,14.670469760894775,lightgbm,23
tech_macd_signal_norm,14.581769943237305,lightgbm,23
vol_log1p_quote_volume,14.415499687194824,lightgbm,23
px_cumret_90,13.787400245666504,lightgbm,23
px_ret_3,12.520600318908691,lightgbm,23
px_ret_mean_5,12.36460018157959,lightgbm,23
vol_zscore_21,12.234800338745117,lightgbm,23
aux_txcnt_chg_7,11.251529932022095,lightgbm,23
aux_splycur_z63,10.75479006767273,lightgbm,23
px_dist_min_21,10.744999885559082,lightgbm,23
px_ret_mean_10,10.725099563598633,lightgbm,23
cal_moy_sin,7.4511799812316895,lightgbm,23
vol_taker_buy_ratio,6.910459995269775,lightgbm,23
tech_rsi_14,6.763020038604736,lightgbm,23
px_dist_max_63,6.753159999847412,lightgbm,23
tech_stoch_d_14,5.905280113220215,lightgbm,23
px_ret_kurt_63,2.8075900077819824,lightgbm,23
px_ret_skew_21,1.0020300149917603,lightgbm,23
px_ret_mean_21,0.0,lightgbm,23
tech_bb_pos_20,0.0,lightgbm,23
rng_intraday,0.0,lightgbm,23
rng_parkinson_5,0.0,lightgbm,23
rng_garman_klass_21,0.0,lightgbm,23
px_dist_max_21,0.0,lightgbm,23
px_cumret_7,0.0,lightgbm,23
vol_log1p_volume,0.0,lightgbm,23
vol_taker_buy_ratio_mean_7,0.0,lightgbm,23
xa_rel_strength_30,0.0,lightgbm,23
xa_rel_strength_7,0.0,lightgbm,23
xa_rank_ret_lag1,0.0,lightgbm,23
xa_corr_ref_30,0.0,lightgbm,23
cal_is_weekend,0.0,lightgbm,23
aux_adractcnt_z63,0.0,lightgbm,23
aux_adractcnt_chg_7,0.0,lightgbm,23
aux_txcnt_z63,0.0,lightgbm,23
px_ret_1,442.40328216552734,lightgbm,23
rng_close_position,369.2011079788208,lightgbm,23
xa_market_dispersion,296.7140474319458,lightgbm,23
xa_market_ret_mean_5,286.5647315979004,lightgbm,23
aux_fng,251.93580150604248,lightgbm,23
xa_ref_ret_lag1,213.70426845550537,lightgbm,23
cal_dom_sin,171.46634912490845,lightgbm,23
cal_dow_cos,157.80509853363037,lightgbm,23
xa_market_ret_lag1,152.37440991401672,lightgbm,23
px_ret_std_10,134.05420017242432,lightgbm,23
xa_ref_ret_lag2,113.85706949234009,lightgbm,23
xa_ref_ret_mean_5,74.38504886627197,lightgbm,23
px_ret_2,72.30120086669922,lightgbm,23
xa_ref_vol_21,56.68039083480835,lightgbm,23
px_ret_std_5,54.81498908996582,lightgbm,23
vol_taker_buy_ratio,52.8950309753418,lightgbm,23
aux_fng_chg_7,50.04519987106323,lightgbm,23
aux_splycur_chg_7,46.05220031738281,lightgbm,23
px_ret_5,45.626590728759766,lightgbm,23
vol_taker_buy_ratio_mean_7,43.34667921066284,lightgbm,23
cal_dow_sin,42.8296594619751,lightgbm,23
tech_bb_pos_20,38.908040046691895,lightgbm,23
cal_moy_cos,38.171000480651855,lightgbm,23
tech_obv_zscore_21,35.10926961898804,lightgbm,23
aux_fng_z_63,33.439159870147705,lightgbm,23
px_ret_skew_21,30.47888946533203,lightgbm,23
px_ret_21,25.9064998626709,lightgbm,23
rng_atr_14_norm,25.182459831237793,lightgbm,23
tech_stoch_k_14,24.446710109710693,lightgbm,23
xa_corr_ref_90,23.82401990890503,lightgbm,23
xa_excess_ret_lag1,23.227900505065918,lightgbm,23
px_ret_skew_63,23.085479736328125,lightgbm,23
vol_trades_zscore_21,22.80323028564453,lightgbm,23
px_ret_kurt_21,21.066189765930176,lightgbm,23
px_ret_mean_63,20.60600996017456,lightgbm,23
px_dist_min_21,19.56867027282715,lightgbm,23
rng_cc_parkinson_ratio_21,19.173110008239746,lightgbm,23
rng_tr_norm,18.71780014038086,lightgbm,23
aux_txcnt_chg_7,18.66288995742798,lightgbm,23
xa_corr_ref_30,17.88597011566162,lightgbm,23
px_ret_mean_10,16.82390022277832,lightgbm,23
px_ret_std_63,16.190500259399414,lightgbm,23
cal_dom_cos,15.432899475097656,lightgbm,23
aux_splycur_z63,15.234410285949707,lightgbm,23
vol_ret_corr_21,14.709400177001953,lightgbm,23
px_ret_kurt_63,13.065799713134766,lightgbm,23
rng_parkinson_5,11.532269954681396,lightgbm,23
px_dist_min_63,11.078300476074219,lightgbm,23
vol_qv_median_ratio_63,10.614700317382812,lightgbm,23
px_cumret_90,10.343299865722656,lightgbm,23
vol_log1p_volume,9.68649959564209,lightgbm,23
vol_log1p_quote_volume,9.410160064697266,lightgbm,23
aux_adractcnt_z63,8.992919921875,lightgbm,23
rng_parkinson_21,8.042610168457031,lightgbm,23
tech_macd_signal_norm,6.105010032653809,lightgbm,23
px_dist_max_63,5.971489906311035,lightgbm,23
cal_moy_sin,5.555140018463135,lightgbm,23
tech_stoch_d_14,3.9499199390411377,lightgbm,23
tech_rsi_14,3.7843101024627686,lightgbm,23
tech_macd_hist_norm,2.1122701168060303,lightgbm,23
px_ret_3,0.0,lightgbm,23
px_ret_std_21,0.0,lightgbm,23
px_ret_10,0.0,lightgbm,23
px_ret_mean_5,0.0,lightgbm,23
px_ret_mean_21,0.0,lightgbm,23
tech_macd_line_norm,0.0,lightgbm,23
rng_garman_klass_21,0.0,lightgbm,23
rng_garman_klass_5,0.0,lightgbm,23
vol_taker_buy_ratio_dev,0.0,lightgbm,23
px_cumret_30,0.0,lightgbm,23
px_cumret_7,0.0,lightgbm,23
vol_zscore_21,0.0,lightgbm,23
px_dist_max_21,0.0,lightgbm,23
rng_intraday,0.0,lightgbm,23
xa_rank_ret_lag1,0.0,lightgbm,23
xa_rel_strength_7,0.0,lightgbm,23
xa_rel_strength_30,0.0,lightgbm,23
cal_is_weekend,0.0,lightgbm,23
aux_adractcnt_chg_7,0.0,lightgbm,23
aux_txcnt_z63,0.0,lightgbm,23
px_ret_1,400.81769847869873,lightgbm,23
rng_close_position,307.0488758087158,lightgbm,23
xa_market_dispersion,296.69584710150957,lightgbm,23
xa_market_ret_mean_5,184.20405197143555,lightgbm,23
xa_market_ret_lag1,181.73834037780762,lightgbm,23
aux_fng,177.73445463180542,lightgbm,23
px_ret_std_10,153.4735984802246,lightgbm,23
cal_dom_sin,143.28389930725098,lightgbm,23
xa_ref_ret_lag1,136.38911151885986,lightgbm,23
cal_dow_cos,119.35720157623291,lightgbm,23
xa_ref_ret_lag2,108.81676936149597,lightgbm,23
aux_fng_chg_7,71.98173904418945,lightgbm,23
aux_fng_z_63,65.3049201965332,lightgbm,23
xa_ref_ret_mean_5,53.88715934753418,lightgbm,23
tech_obv_zscore_21,51.729270458221436,lightgbm,23
xa_ref_vol_21,49.9751501083374,lightgbm,23
rng_cc_parkinson_ratio_21,43.27571105957031,lightgbm,23
px_ret_5,35.16199016571045,lightgbm,23
px_ret_10,31.86240005493164,lightgbm,23
px_cumret_90,30.925020217895508,lightgbm,23
aux_splycur_chg_7,29.225520133972168,lightgbm,23
cal_dom_cos,27.79609966278076,lightgbm,23
vol_taker_buy_ratio_dev,27.51360034942627,lightgbm,23
vol_taker_buy_ratio_mean_7,26.866999626159668,lightgbm,23
vol_qv_median_ratio_63,25.77869987487793,lightgbm,23
rng_parkinson_21,24.839200019836426,lightgbm,23
px_ret_mean_21,24.52690029144287,lightgbm,23
px_ret_skew_63,23.718909740447998,lightgbm,23
px_ret_std_63,23.659789085388184,lightgbm,23
px_ret_std_5,23.564390182495117,lightgbm,23
px_dist_min_63,22.758749961853027,lightgbm,23
vol_taker_buy_ratio,20.35537052154541,lightgbm,23
px_ret_mean_5,17.5669002532959,lightgbm,23
cal_dow_sin,16.488300323486328,lightgbm,23
aux_txcnt_z63,13.388199806213379,lightgbm,23
vol_trades_zscore_21,12.92770004272461,lightgbm,23
rng_atr_14_norm,12.874800205230713,lightgbm,23
aux_adractcnt_z63,11.852299690246582,lightgbm,23
tech_rsi_14,10.500399589538574,lightgbm,23
px_ret_std_21,10.095600128173828,lightgbm,23
xa_rel_strength_30,9.686300277709961,lightgbm,23
tech_stoch_k_14,9.366909980773926,lightgbm,23
px_ret_21,9.108489990234375,lightgbm,23
rng_garman_klass_5,8.864239692687988,lightgbm,23
xa_corr_ref_30,8.77985954284668,lightgbm,23
vol_zscore_21,8.621520042419434,lightgbm,23
cal_moy_cos,8.360899925231934,lightgbm,23
aux_txcnt_chg_7,8.005339860916138,lightgbm,23
tech_stoch_d_14,6.49521017074585,lightgbm,23
aux_splycur_z63,6.323629856109619,lightgbm,23
px_ret_kurt_21,5.952600002288818,lightgbm,23
vol_log1p_volume,4.650030016899109,lightgbm,23
rng_tr_norm,4.2045698165893555,lightgbm,23
tech_bb_pos_20,2.855449914932251,lightgbm,23
px_ret_skew_21,2.85260009765625,lightgbm,23
tech_macd_hist_norm,1.390089988708496,lightgbm,23
px_ret_mean_63,0.0,lightgbm,23
px_ret_mean_10,0.0,lightgbm,23
px_ret_3,0.0,lightgbm,23
px_ret_2,0.0,lightgbm,23
px_cumret_7,0.0,lightgbm,23
px_dist_min_21,0.0,lightgbm,23
px_dist_max_63,0.0,lightgbm,23
px_cumret_30,0.0,lightgbm,23
tech_macd_line_norm,0.0,lightgbm,23
tech_macd_signal_norm,0.0,lightgbm,23
rng_intraday,0.0,lightgbm,23
rng_garman_klass_21,0.0,lightgbm,23
rng_parkinson_5,0.0,lightgbm,23
vol_ret_corr_21,0.0,lightgbm,23
px_dist_max_21,0.0,lightgbm,23
vol_log1p_quote_volume,0.0,lightgbm,23
px_ret_kurt_63,0.0,lightgbm,23
xa_corr_ref_90,0.0,lightgbm,23
xa_rel_strength_7,0.0,lightgbm,23
xa_rank_ret_lag1,0.0,lightgbm,23
xa_excess_ret_lag1,0.0,lightgbm,23
cal_moy_sin,0.0,lightgbm,23
cal_is_weekend,0.0,lightgbm,23
aux_adractcnt_chg_7,0.0,lightgbm,23
px_ret_1,413.70440006256104,lightgbm,23
rng_close_position,352.875301361084,lightgbm,23
xa_market_dispersion,302.6927785873413,lightgbm,23
aux_fng,236.50004959106445,lightgbm,23
xa_market_ret_mean_5,203.95951986312866,lightgbm,23
xa_market_ret_lag1,176.96158123016357,lightgbm,23
xa_ref_ret_lag1,156.94439888000488,lightgbm,23
cal_dow_cos,142.93036103248596,lightgbm,23
xa_ref_ret_mean_5,131.88549995422363,lightgbm,23
cal_dom_sin,121.3350305557251,lightgbm,23
xa_ref_ret_lag2,102.51580047607422,lightgbm,23
px_ret_std_10,97.06870031356812,lightgbm,23
cal_dom_cos,77.16954040527344,lightgbm,23
xa_ref_vol_21,66.31237936019897,lightgbm,23
px_ret_std_5,64.20790004730225,lightgbm,23
px_ret_5,63.98755073547363,lightgbm,23
aux_fng_z_63,61.55483055114746,lightgbm,23
tech_obv_zscore_21,53.40748929977417,lightgbm,23
aux_fng_chg_7,48.53506946563721,lightgbm,23
px_cumret_30,45.93749964237213,lightgbm,23
vol_taker_buy_ratio,44.24810028076172,lightgbm,23
vol_qv_median_ratio_63,43.706199645996094,lightgbm,23
aux_splycur_chg_7,40.14328956604004,lightgbm,23
px_ret_2,39.3745002746582,lightgbm,23
rng_atr_14_norm,37.52168083190918,lightgbm,23
vol_ret_corr_21,35.47749042510986,lightgbm,23
rng_cc_parkinson_ratio_21,34.65851789712906,lightgbm,23
cal_moy_sin,33.706740856170654,lightgbm,23
tech_macd_line_norm,31.697900772094727,lightgbm,23
cal_moy_cos,30.376749992370605,lightgbm,23
px_ret_skew_63,30.09060001373291,lightgbm,23
px_ret_std_63,29.780210494995117,lightgbm,23
tech_rsi_14,25.402199745178223,lightgbm,23
vol_log1p_quote_volume,25.01394033432007,lightgbm,23
tech_stoch_d_14,24.830869674682617,lightgbm,23
px_dist_max_63,24.46293020248413,lightgbm,23
xa_corr_ref_90,20.878719806671143,lightgbm,23
px_dist_min_63,20.854029655456543,lightgbm,23
vol_trades_zscore_21,18.47001028060913,lightgbm,23
px_ret_3,18.11026954650879,lightgbm,23
px_ret_mean_10,17.47196054458618,lightgbm,23
px_ret_21,17.23421049118042,lightgbm,23
px_cumret_90,16.400169849395752,lightgbm,23
cal_is_weekend,15.718500137329102,lightgbm,23
tech_bb_pos_20,14.252982795238495,lightgbm,23
xa_excess_ret_lag1,12.524229764938354,lightgbm,23
rng_tr_norm,12.426300048828125,lightgbm,23
cal_dow_sin,12.11053991317749,lightgbm,23
px_ret_kurt_63,12.08568000793457,lightgbm,23
vol_taker_buy_ratio_dev,11.914899826049805,lightgbm,23
rng_intraday,11.355410099029541,lightgbm,23
rng_parkinson_21,11.234700202941895,lightgbm,23
px_ret_10,10.770700454711914,lightgbm,23
px_ret_kurt_21,10.321000099182129,lightgbm,23
px_dist_min_21,10.053799629211426,lightgbm,23
vol_taker_buy_ratio_mean_7,9.803292289376259,lightgbm,23
rng_garman_klass_21,9.314590454101562,lightgbm,23
aux_txcnt_z63,8.734330177307129,lightgbm,23
vol_log1p_volume,8.651650428771973,lightgbm,23
tech_stoch_k_14,7.489480018615723,lightgbm,23
vol_zscore_21,7.282619953155518,lightgbm,23
aux_txcnt_chg_7,6.111410140991211,lightgbm,23
xa_corr_ref_30,5.834799766540527,lightgbm,23
px_ret_mean_63,5.807330131530762,lightgbm,23
tech_macd_signal_norm,5.584889888763428,lightgbm,23
aux_splycur_z63,5.326409816741943,lightgbm,23
tech_macd_hist_norm,2.1959099769592285,lightgbm,23
px_ret_mean_5,0.0,lightgbm,23
px_ret_skew_21,0.0,lightgbm,23
px_ret_std_21,0.0,lightgbm,23
px_ret_mean_21,0.0,lightgbm,23
px_cumret_7,0.0,lightgbm,23
rng_parkinson_5,0.0,lightgbm,23
rng_garman_klass_5,0.0,lightgbm,23
px_dist_max_21,0.0,lightgbm,23
xa_rank_ret_lag1,0.0,lightgbm,23
xa_rel_strength_30,0.0,lightgbm,23
xa_rel_strength_7,0.0,lightgbm,23
aux_adractcnt_chg_7,0.0,lightgbm,23
aux_adractcnt_z63,0.0,lightgbm,23
rng_close_position,0.07933066697845118,ridge,24
aux_fng,0.05217092004438025,ridge,24
px_ret_1,0.05169797032556364,ridge,24
cal_dom_cos,0.04060154303931662,ridge,24
xa_ref_ret_lag2,0.039492251050072674,ridge,24
cal_dow_cos,0.03463318310131369,ridge,24
cal_is_weekend,0.03190534120709789,ridge,24
aux_splycur_chg_7,0.030418651075709548,ridge,24
cal_dow_sin,0.028583054163204072,ridge,24
aux_splycur_z63,0.0276341796056304,ridge,24
px_ret_skew_21,0.02660884672346455,ridge,24
cal_moy_cos,0.025206649155072296,ridge,24
rng_tr_norm,0.02483775707927366,ridge,24
px_ret_mean_21,0.023979261375132198,ridge,24
px_ret_21,0.023979261375132198,ridge,24
cal_dom_sin,0.02358617954907782,ridge,24
vol_taker_buy_ratio_mean_7,0.023147596557814624,ridge,24
rng_intraday,0.02268173529378156,ridge,24
xa_rel_strength_7,0.02149492062983385,ridge,24
xa_ref_ret_lag1,0.021080573792915894,ridge,24
xa_market_dispersion,0.01901085294202152,ridge,24
tech_macd_hist_norm,0.018801720263076596,ridge,24
xa_corr_ref_30,0.018272661817513938,ridge,24
vol_zscore_21,0.01753315433965519,ridge,24
xa_market_ret_lag1,0.017455334017219656,ridge,24
vol_ret_corr_21,0.017159963633158828,ridge,24
px_cumret_30,0.016736910678073508,ridge,24
xa_ref_vol_21,0.016635456683565683,ridge,24
cal_moy_sin,0.01605805343840213,ridge,24
aux_fng_chg_7,0.015691226416961673,ridge,24
px_dist_max_21,0.014798373048958596,ridge,24
px_cumret_90,0.01460878037990718,ridge,24
rng_garman_klass_5,0.014500669957969838,ridge,24
rng_atr_14_norm,0.013872538388607848,ridge,24
px_ret_5,0.013265771643283538,ridge,24
px_ret_mean_5,0.013265771643283533,ridge,24
tech_stoch_k_14,0.012500996580974144,ridge,24
px_dist_min_63,0.012383664334316976,ridge,24
px_ret_kurt_21,0.011811459234221498,ridge,24
aux_txcnt_chg_7,0.011746275028476923,ridge,24
xa_market_ret_mean_5,0.011625953220117443,ridge,24
rng_parkinson_5,0.01133574229634723,ridge,24
aux_txcnt_z63,0.011334126906442607,ridge,24
tech_stoch_d_14,0.011147659583143742,ridge,24
aux_adractcnt_z63,0.01101701600083243,ridge,24
px_ret_kurt_63,0.010604558463268068,ridge,24
px_ret_2,0.01057640437652604,ridge,24
aux_adractcnt_chg_7,0.008849914011869324,ridge,24
tech_macd_line_norm,0.00869448328433403,ridge,24
px_ret_3,0.00835420482940744,ridge,24
px_ret_std_10,0.007911474739546348,ridge,24
xa_rel_strength_30,0.007886002504948518,ridge,24
rng_garman_klass_21,0.007615823002747969,ridge,24
tech_obv_zscore_21,0.007532990711280787,ridge,24
px_ret_10,0.007339205240806305,ridge,24
px_ret_mean_10,0.007339205240806289,ridge,24
vol_log1p_volume,0.006752532708031785,ridge,24
rng_parkinson_21,0.0063276696568897945,ridge,24
tech_macd_signal_norm,0.00571827008417399,ridge,24
tech_bb_pos_20,0.005430899617489954,ridge,24
px_cumret_7,0.005269252605008801,ridge,24
px_dist_max_63,0.005059726479375999,ridge,24
rng_cc_parkinson_ratio_21,0.004893258663370629,ridge,24
xa_corr_ref_90,0.004840698578979681,ridge,24
xa_excess_ret_lag1,0.004493799767440633,ridge,24
aux_fng_z_63,0.00392189770649337,ridge,24
px_dist_min_21,0.003897604838797527,ridge,24
vol_qv_median_ratio_63,0.0035513750556818106,ridge,24
px_ret_std_21,0.003224303070405208,ridge,24
vol_taker_buy_ratio_dev,0.003080170525212607,ridge,24
vol_taker_buy_ratio,0.0030801705252125763,ridge,24
px_ret_std_5,0.0026895534792793713,ridge,24
px_ret_mean_63,0.0018257570616929694,ridge,24
tech_rsi_14,0.0017112852383962159,ridge,24
xa_ref_ret_mean_5,0.0016559025928281354,ridge,24
vol_trades_zscore_21,0.0016255157092440857,ridge,24
px_ret_std_63,0.00046803361186147004,ridge,24
px_ret_skew_63,0.00041769866425516616,ridge,24
vol_log1p_quote_volume,9.488962953960796e-05,ridge,24
xa_rank_ret_lag1,3.1349739359338945e-05,ridge,24
rng_close_position,519.4191324710846,lightgbm,24
px_ret_1,495.7689709663391,lightgbm,24
xa_market_dispersion,311.112340927124,lightgbm,24
xa_market_ret_mean_5,301.1982741355896,lightgbm,24
xa_market_ret_lag1,298.72966182231903,lightgbm,24
aux_fng,271.31273078918457,lightgbm,24
cal_dow_cos,194.79559183120728,lightgbm,24
cal_dom_sin,192.44181871414185,lightgbm,24
cal_dom_cos,152.89984822273254,lightgbm,24
px_ret_std_10,142.2326431274414,lightgbm,24
xa_ref_ret_lag1,141.82010078430176,lightgbm,24
px_ret_skew_21,108.41776061058044,lightgbm,24
xa_ref_vol_21,92.21476078033447,lightgbm,24
xa_ref_ret_mean_5,88.74829959869385,lightgbm,24
aux_fng_z_63,84.12620067596436,lightgbm,24
px_ret_2,81.49975204467773,lightgbm,24
tech_obv_zscore_21,79.70415925979614,lightgbm,24
aux_fng_chg_7,79.460120677948,lightgbm,24
xa_ref_ret_lag2,75.33650350570679,lightgbm,24
vol_taker_buy_ratio,70.00239944458008,lightgbm,24
aux_splycur_chg_7,61.3471999168396,lightgbm,24
cal_dow_sin,52.8108491897583,lightgbm,24
px_ret_5,52.13539981842041,lightgbm,24
xa_corr_ref_30,48.03302001953125,lightgbm,24
px_ret_kurt_21,46.865570068359375,lightgbm,24
px_ret_skew_63,45.77418041229248,lightgbm,24
rng_cc_parkinson_ratio_21,42.06923007965088,lightgbm,24
tech_stoch_k_14,41.209670066833496,lightgbm,24
xa_corr_ref_90,35.75557065010071,lightgbm,24
vol_zscore_21,32.17219924926758,lightgbm,24
vol_log1p_quote_volume,30.15335988998413,lightgbm,24
px_ret_std_63,30.14330005645752,lightgbm,24
tech_macd_line_norm,28.58180046081543,lightgbm,24
cal_moy_sin,27.785901069641113,lightgbm,24
tech_bb_pos_20,26.97450065612793,lightgbm,24
px_ret_std_5,25.362440586090088,lightgbm,24
vol_taker_buy_ratio_mean_7,22.138899564743042,lightgbm,24
px_cumret_90,21.768110275268555,lightgbm,24
px_dist_min_63,21.572790145874023,lightgbm,24
rng_atr_14_norm,20.40328025817871,lightgbm,24
aux_txcnt_chg_7,20.397680282592773,lightgbm,24
cal_moy_cos,19.910369873046875,lightgbm,24
px_ret_21,18.195250511169434,lightgbm,24
aux_adractcnt_chg_7,17.818510055541992,lightgbm,24
vol_qv_median_ratio_63,17.66836977005005,lightgbm,24
px_ret_3,16.428300857543945,lightgbm,24
tech_rsi_14,14.96291995048523,lightgbm,24
px_ret_mean_63,14.248800277709961,lightgbm,24
px_ret_std_21,13.696499824523926,lightgbm,24
px_cumret_7,13.52649974822998,lightgbm,24
vol_ret_corr_21,13.505900382995605,lightgbm,24
px_ret_mean_5,13.221400260925293,lightgbm,24
px_ret_kurt_63,12.426300048828125,lightgbm,24
px_ret_10,11.985300064086914,lightgbm,24
px_cumret_30,11.421600341796875,lightgbm,24
rng_tr_norm,10.782999992370605,lightgbm,24
xa_rel_strength_7,10.237500190734863,lightgbm,24
px_dist_max_63,9.366900444030762,lightgbm,24
aux_adractcnt_z63,7.471459865570068,lightgbm,24
px_ret_mean_21,7.335309982299805,lightgbm,24
aux_splycur_z63,7.275730133056641,lightgbm,24
tech_macd_hist_norm,7.192080020904541,lightgbm,24
aux_txcnt_z63,6.907480239868164,lightgbm,24
xa_excess_ret_lag1,6.3369598388671875,lightgbm,24
rng_intraday,5.656199932098389,lightgbm,24
xa_rank_ret_lag1,4.987120151519775,lightgbm,24
tech_stoch_d_14,4.185510158538818,lightgbm,24
rng_parkinson_21,3.591749906539917,lightgbm,24
vol_log1p_volume,0.40084901452064514,lightgbm,24
rng_parkinson_5,0.20645099878311157,lightgbm,24
px_ret_mean_10,0.0,lightgbm,24
vol_trades_zscore_21,0.0,lightgbm,24
tech_macd_signal_norm,0.0,lightgbm,24
vol_taker_buy_ratio_dev,0.0,lightgbm,24
rng_garman_klass_21,0.0,lightgbm,24
rng_garman_klass_5,0.0,lightgbm,24
px_dist_min_21,0.0,lightgbm,24
px_dist_max_21,0.0,lightgbm,24
xa_rel_strength_30,0.0,lightgbm,24
cal_is_weekend,0.0,lightgbm,24
px_ret_1,718.0198221206665,lightgbm,24
xa_ref_ret_lag1,535.0876703262329,lightgbm,24
xa_market_dispersion,495.62108850479126,lightgbm,24
rng_close_position,466.0986096858978,lightgbm,24
aux_fng,460.3573170900345,lightgbm,24
xa_market_ret_mean_5,384.1612300872803,lightgbm,24
cal_dow_cos,276.37005949020386,lightgbm,24
cal_dom_sin,243.14122104644775,lightgbm,24
xa_market_ret_lag1,231.30886793136597,lightgbm,24
xa_ref_ret_lag2,226.64280939102173,lightgbm,24
xa_ref_ret_mean_5,171.983811378479,lightgbm,24
aux_fng_z_63,169.27450132369995,lightgbm,24
xa_ref_vol_21,151.31473016738892,lightgbm,24
px_ret_std_10,139.00615119934082,lightgbm,24
px_ret_5,138.4387502670288,lightgbm,24
aux_fng_chg_7,129.8413598537445,lightgbm,24
cal_dom_cos,102.32309055328369,lightgbm,24
tech_obv_zscore_21,98.89363884925842,lightgbm,24
px_ret_std_63,84.19937181472778,lightgbm,24
vol_zscore_21,83.52791023254395,lightgbm,24
px_ret_skew_63,78.26589918136597,lightgbm,24
px_ret_std_5,70.77084922790527,lightgbm,24
vol_taker_buy_ratio_dev,70.06132936477661,lightgbm,24
tech_stoch_k_14,57.02612018585205,lightgbm,24
px_ret_21,56.25790023803711,lightgbm,24
cal_moy_sin,56.23354959487915,lightgbm,24
px_ret_2,53.33112955093384,lightgbm,24
tech_rsi_14,51.28834915161133,lightgbm,24
rng_cc_parkinson_ratio_21,44.208940505981445,lightgbm,24
vol_qv_median_ratio_63,44.0974006652832,lightgbm,24
xa_excess_ret_lag1,42.02499961853027,lightgbm,24
px_ret_mean_5,41.81659984588623,lightgbm,24
tech_bb_pos_20,38.7123703956604,lightgbm,24
vol_taker_buy_ratio_mean_7,35.03499984741211,lightgbm,24
vol_ret_corr_21,34.860910415649414,lightgbm,24
vol_trades_zscore_21,33.813899993896484,lightgbm,24
px_cumret_7,33.165719985961914,lightgbm,24
aux_splycur_chg_7,33.030280113220215,lightgbm,24
cal_dow_sin,32.03251028060913,lightgbm,24
vol_taker_buy_ratio,30.660770416259766,lightgbm,24
aux_splycur_z63,30.14130973815918,lightgbm,24
vol_log1p_quote_volume,30.039770126342773,lightgbm,24
xa_corr_ref_30,28.47966980934143,lightgbm,24
tech_stoch_d_14,27.4095196723938,lightgbm,24
px_cumret_90,26.33259916305542,lightgbm,24
px_ret_std_21,26.245200157165527,lightgbm,24
px_ret_mean_63,25.418699264526367,lightgbm,24
px_ret_skew_21,23.63235092163086,lightgbm,24
px_ret_mean_10,21.434529781341553,lightgbm,24
px_ret_kurt_21,21.292250156402588,lightgbm,24
px_dist_max_63,19.607919931411743,lightgbm,24
px_dist_min_63,19.542200088500977,lightgbm,24
px_ret_kurt_63,19.09477996826172,lightgbm,24
px_ret_3,16.801759481430054,lightgbm,24
px_cumret_30,15.605279922485352,lightgbm,24
aux_adractcnt_z63,15.057199478149414,lightgbm,24
rng_tr_norm,14.42839002609253,lightgbm,24
tech_macd_signal_norm,13.975099563598633,lightgbm,24
rng_parkinson_5,13.55364990234375,lightgbm,24
tech_macd_hist_norm,11.42369031906128,lightgbm,24
rng_intraday,11.174599647521973,lightgbm,24
aux_adractcnt_chg_7,10.77593994140625,lightgbm,24
vol_log1p_volume,10.404199600219727,lightgbm,24
aux_txcnt_chg_7,9.742110252380371,lightgbm,24
rng_garman_klass_21,8.740099906921387,lightgbm,24
xa_corr_ref_90,8.528240203857422,lightgbm,24
cal_moy_cos,7.6112799644470215,lightgbm,24
rng_atr_14_norm,7.370480060577393,lightgbm,24
rng_parkinson_21,7.168280124664307,lightgbm,24
px_ret_mean_21,3.4932498931884766,lightgbm,24
xa_rank_ret_lag1,3.332289934158325,lightgbm,24
px_ret_10,0.0,lightgbm,24
tech_macd_line_norm,0.0,lightgbm,24
rng_garman_klass_5,0.0,lightgbm,24
px_dist_min_21,0.0,lightgbm,24
px_dist_max_21,0.0,lightgbm,24
xa_rel_strength_7,0.0,lightgbm,24
xa_rel_strength_30,0.0,lightgbm,24
cal_is_weekend,0.0,lightgbm,24
aux_txcnt_z63,0.0,lightgbm,24
px_ret_1,600.9019289016724,lightgbm,24
rng_close_position,376.96296739578247,lightgbm,24
xa_market_dispersion,365.6070728302002,lightgbm,24
xa_ref_ret_lag1,269.9078998565674,lightgbm,24
xa_market_ret_lag1,230.77369022369385,lightgbm,24
xa_market_ret_mean_5,217.99283170700073,lightgbm,24
aux_fng,212.7457103729248,lightgbm,24
px_ret_std_10,208.28629970550537,lightgbm,24
cal_dom_sin,193.79208993911743,lightgbm,24
cal_dow_cos,156.73717880249023,lightgbm,24
xa_ref_vol_21,111.66224086284637,lightgbm,24
xa_ref_ret_lag2,96.37461042404175,lightgbm,24
cal_dom_cos,65.37021923065186,lightgbm,24
aux_splycur_chg_7,59.55747032165527,lightgbm,24
px_ret_2,57.0120210647583,lightgbm,24
rng_cc_parkinson_ratio_21,48.24967956542969,lightgbm,24
aux_fng_z_63,45.0831196308136,lightgbm,24
px_ret_5,44.12931102514267,lightgbm,24
vol_taker_buy_ratio_mean_7,40.65589904785156,lightgbm,24
px_ret_skew_63,38.90240001678467,lightgbm,24
px_ret_kurt_63,38.649070262908936,lightgbm,24
px_ret_10,37.79823017120361,lightgbm,24
px_ret_skew_21,36.24257040023804,lightgbm,24
xa_ref_ret_mean_5,35.42151975631714,lightgbm,24
px_cumret_30,31.8987398147583,lightgbm,24
px_ret_mean_10,28.896499633789062,lightgbm,24
rng_garman_klass_5,26.824140548706055,lightgbm,24
px_dist_max_21,26.613399505615234,lightgbm,24
vol_ret_corr_21,26.33457040786743,lightgbm,24
tech_obv_zscore_21,25.55504012107849,lightgbm,24
aux_txcnt_chg_7,23.744459629058838,lightgbm,24
px_ret_kurt_21,21.93921583890915,lightgbm,24
xa_corr_ref_30,21.88886046409607,lightgbm,24
xa_rel_strength_30,21.516000270843506,lightgbm,24
aux_fng_chg_7,20.924139976501465,lightgbm,24
xa_excess_ret_lag1,20.563349723815918,lightgbm,24
px_cumret_90,20.21056032180786,lightgbm,24
tech_macd_signal_norm,19.58024024963379,lightgbm,24
xa_rel_strength_7,18.45509910583496,lightgbm,24
rng_garman_klass_21,18.33696937561035,lightgbm,24
tech_stoch_k_14,18.2212393283844,lightgbm,24
rng_parkinson_21,16.77989959716797,lightgbm,24
rng_parkinson_5,15.915719509124756,lightgbm,24
px_dist_min_21,15.818400382995605,lightgbm,24
vol_qv_median_ratio_63,15.657759666442871,lightgbm,24
tech_stoch_d_14,15.603530168533325,lightgbm,24
xa_corr_ref_90,15.592549800872803,lightgbm,24
vol_trades_zscore_21,15.320710182189941,lightgbm,24
px_dist_min_63,14.31470012664795,lightgbm,24
cal_moy_sin,14.248499870300293,lightgbm,24
px_ret_std_5,13.490779876708984,lightgbm,24
vol_zscore_21,13.340399742126465,lightgbm,24
tech_rsi_14,13.047300338745117,lightgbm,24
tech_bb_pos_20,12.851200103759766,lightgbm,24
vol_taker_buy_ratio_dev,12.525500297546387,lightgbm,24
vol_log1p_volume,10.83549976348877,lightgbm,24
vol_taker_buy_ratio,10.656700134277344,lightgbm,24
px_ret_3,9.288359642028809,lightgbm,24
cal_moy_cos,8.699370384216309,lightgbm,24
aux_adractcnt_chg_7,8.514300346374512,lightgbm,24
cal_dow_sin,8.22992992401123,lightgbm,24
px_ret_std_63,8.044269561767578,lightgbm,24
tech_macd_hist_norm,6.332870006561279,lightgbm,24
px_ret_21,6.129419803619385,lightgbm,24
aux_splycur_z63,5.9626898765563965,lightgbm,24
rng_atr_14_norm,3.30115008354187,lightgbm,24
rng_intraday,2.6451399326324463,lightgbm,24
px_dist_max_63,0.7685779929161072,lightgbm,24
px_ret_mean_63,0.0,lightgbm,24
px_ret_std_21,0.0,lightgbm,24
px_ret_mean_21,0.0,lightgbm,24
px_ret_mean_5,0.0,lightgbm,24
tech_macd_line_norm,0.0,lightgbm,24
rng_tr_norm,0.0,lightgbm,24
px_cumret_7,0.0,lightgbm,24
vol_log1p_quote_volume,0.0,lightgbm,24
xa_rank_ret_lag1,0.0,lightgbm,24
cal_is_weekend,0.0,lightgbm,24
aux_adractcnt_z63,0.0,lightgbm,24
aux_txcnt_z63,0.0,lightgbm,24
px_ret_1,608.1655073165894,lightgbm,24
rng_close_position,597.5748424530029,lightgbm,24
xa_market_dispersion,497.1401481628418,lightgbm,24
xa_market_ret_lag1,347.7059907913208,lightgbm,24
aux_fng,330.70001125335693,lightgbm,24
xa_market_ret_mean_5,307.51948833465576,lightgbm,24
cal_dom_sin,227.44591188430786,lightgbm,24
cal_dow_cos,220.33545017242432,lightgbm,24
xa_ref_ret_lag1,195.32873916625977,lightgbm,24
px_ret_std_10,176.66283082962036,lightgbm,24
xa_ref_vol_21,176.29417896270752,lightgbm,24
xa_ref_ret_lag2,146.8579912185669,lightgbm,24
aux_fng_z_63,133.0589714050293,lightgbm,24
aux_fng_chg_7,124.9322578907013,lightgbm,24
xa_ref_ret_mean_5,116.59079909324646,lightgbm,24
cal_dom_cos,100.9467191696167,lightgbm,24
aux_splycur_chg_7,84.19663906097412,lightgbm,24
px_ret_std_5,79.89160919189453,lightgbm,24
px_ret_2,74.5389404296875,lightgbm,24
px_dist_min_63,73.8642406463623,lightgbm,24
px_ret_21,71.89784908294678,lightgbm,24
px_ret_5,70.50132846832275,lightgbm,24
xa_corr_ref_30,60.6043004989624,lightgbm,24
vol_taker_buy_ratio,58.39185953140259,lightgbm,24
tech_obv_zscore_21,58.16688919067383,lightgbm,24
cal_dow_sin,53.54206991195679,lightgbm,24
tech_stoch_k_14,53.29510021209717,lightgbm,24
px_ret_std_63,52.08323955535889,lightgbm,24
px_ret_skew_63,49.9731502532959,lightgbm,24
aux_splycur_z63,43.79699993133545,lightgbm,24
px_ret_mean_5,41.55303931236267,lightgbm,24
px_ret_10,37.33626079559326,lightgbm,24
rng_tr_norm,35.952268958091736,lightgbm,24
tech_rsi_14,35.28919982910156,lightgbm,24
vol_taker_buy_ratio_mean_7,34.773200035095215,lightgbm,24
vol_qv_median_ratio_63,34.255799293518066,lightgbm,24
rng_garman_klass_5,33.33102893829346,lightgbm,24
cal_moy_cos,32.251580238342285,lightgbm,24
px_ret_skew_21,31.682159900665283,lightgbm,24
tech_bb_pos_20,30.622950553894043,lightgbm,24
vol_trades_zscore_21,28.61959934234619,lightgbm,24
cal_moy_sin,28.439400672912598,lightgbm,24
rng_garman_klass_21,27.17909002304077,lightgbm,24
px_ret_kurt_21,23.117700576782227,lightgbm,24
vol_ret_corr_21,23.005889415740967,lightgbm,24
xa_rel_strength_7,22.951300621032715,lightgbm,24
rng_parkinson_21,22.887969970703125,lightgbm,24
xa_excess_ret_lag1,22.438329696655273,lightgbm,24
aux_txcnt_chg_7,21.112969875335693,lightgbm,24
vol_taker_buy_ratio_dev,19.662419319152832,lightgbm,24
vol_log1p_quote_volume,19.217339754104614,lightgbm,24
px_ret_3,17.962859630584717,lightgbm,24
px_ret_mean_63,17.918109893798828,lightgbm,24
tech_macd_line_norm,17.494990348815918,lightgbm,24
tech_macd_hist_norm,15.405860185623169,lightgbm,24
px_cumret_30,14.523799896240234,lightgbm,24
vol_log1p_volume,14.235049724578857,lightgbm,24
rng_cc_parkinson_ratio_21,11.685500144958496,lightgbm,24
vol_zscore_21,11.356399536132812,lightgbm,24
xa_rel_strength_30,10.970199584960938,lightgbm,24
px_ret_kurt_63,10.821100234985352,lightgbm,24
px_cumret_7,10.582099914550781,lightgbm,24
tech_stoch_d_14,10.576499938964844,lightgbm,24
rng_intraday,10.175999641418457,lightgbm,24
px_cumret_90,10.03849983215332,lightgbm,24
px_ret_std_21,9.538129806518555,lightgbm,24
rng_parkinson_5,9.29738998413086,lightgbm,24
tech_macd_signal_norm,9.212019920349121,lightgbm,24
aux_adractcnt_z63,4.586740016937256,lightgbm,24
px_ret_mean_21,0.0,lightgbm,24
px_ret_mean_10,0.0,lightgbm,24
px_dist_min_21,0.0,lightgbm,24
rng_atr_14_norm,0.0,lightgbm,24
px_dist_max_63,0.0,lightgbm,24
px_dist_max_21,0.0,lightgbm,24
xa_rank_ret_lag1,0.0,lightgbm,24
xa_corr_ref_90,0.0,lightgbm,24
cal_is_weekend,0.0,lightgbm,24
aux_adractcnt_chg_7,0.0,lightgbm,24
aux_txcnt_z63,0.0,lightgbm,24
px_ret_1,531.8633508682251,lightgbm,24
rng_close_position,424.14570665359497,lightgbm,24
xa_market_dispersion,411.57517886161804,lightgbm,24
aux_fng,290.5078983306885,lightgbm,24
xa_ref_ret_lag1,245.28544354438782,lightgbm,24
xa_market_ret_lag1,237.26952266693115,lightgbm,24
xa_market_ret_mean_5,204.19595098495483,lightgbm,24
cal_dow_cos,199.69638872146606,lightgbm,24
px_ret_std_10,166.7500991821289,lightgbm,24
xa_ref_ret_mean_5,159.0349509716034,lightgbm,24
xa_ref_ret_lag2,157.54722118377686,lightgbm,24
cal_dom_sin,148.77410984039307,lightgbm,24
cal_dom_cos,138.6320605278015,lightgbm,24
aux_fng_z_63,98.95019102096558,lightgbm,24
xa_ref_vol_21,82.8928285241127,lightgbm,24
aux_fng_chg_7,73.42742884159088,lightgbm,24
px_ret_2,60.21568059921265,lightgbm,24
px_dist_min_63,59.91104984283447,lightgbm,24
tech_obv_zscore_21,58.676079750061035,lightgbm,24
tech_bb_pos_20,55.225199699401855,lightgbm,24
px_ret_std_63,54.96766948699951,lightgbm,24
rng_cc_parkinson_ratio_21,54.47087001800537,lightgbm,24
px_ret_5,46.27137863636017,lightgbm,24
vol_trades_zscore_21,43.384621143341064,lightgbm,24
rng_atr_14_norm,42.352519035339355,lightgbm,24
tech_macd_hist_norm,41.13065004348755,lightgbm,24
px_ret_10,40.700870513916016,lightgbm,24
tech_rsi_14,40.42496061325073,lightgbm,24
vol_taker_buy_ratio_dev,39.55246925354004,lightgbm,24
px_ret_kurt_21,38.21402883529663,lightgbm,24
px_ret_std_5,36.179259300231934,lightgbm,24
px_ret_skew_63,32.479899406433105,lightgbm,24
aux_txcnt_chg_7,32.12530016899109,lightgbm,24
px_cumret_90,32.09576892852783,lightgbm,24
cal_moy_cos,31.726969718933105,lightgbm,24
px_ret_mean_63,29.045039653778076,lightgbm,24
px_ret_mean_10,28.64400005340576,lightgbm,24
px_cumret_30,27.483354538679123,lightgbm,24
vol_zscore_21,27.07730007171631,lightgbm,24
rng_tr_norm,25.696389198303223,lightgbm,24
vol_taker_buy_ratio_mean_7,24.81860065460205,lightgbm,24
xa_corr_ref_90,23.368200302124023,lightgbm,24
cal_moy_sin,21.887300491333008,lightgbm,24
px_ret_skew_21,21.60872972011566,lightgbm,24
px_cumret_7,19.818900108337402,lightgbm,24
rng_garman_klass_21,18.018800735473633,lightgbm,24
vol_ret_corr_21,16.936219692230225,lightgbm,24
tech_stoch_k_14,16.932939529418945,lightgbm,24
vol_qv_median_ratio_63,16.816760540008545,lightgbm,24
tech_stoch_d_14,14.920929431915283,lightgbm,24
rng_intraday,13.411700248718262,lightgbm,24
px_ret_3,13.408300399780273,lightgbm,24
xa_corr_ref_30,11.855370044708252,lightgbm,24
aux_splycur_chg_7,10.442299842834473,lightgbm,24
xa_rel_strength_7,10.015600204467773,lightgbm,24
px_dist_min_21,9.728529930114746,lightgbm,24
px_ret_kurt_63,9.670960426330566,lightgbm,24
xa_rel_strength_30,8.629460334777832,lightgbm,24
px_ret_21,8.489899635314941,lightgbm,24
rng_parkinson_5,8.375410079956055,lightgbm,24
vol_log1p_volume,8.11870002746582,lightgbm,24
xa_excess_ret_lag1,4.341279983520508,lightgbm,24
vol_taker_buy_ratio,3.824359893798828,lightgbm,24
px_ret_mean_5,0.0,lightgbm,24
px_ret_mean_21,0.0,lightgbm,24
px_ret_std_21,0.0,lightgbm,24
rng_parkinson_21,0.0,lightgbm,24
tech_macd_signal_norm,0.0,lightgbm,24
px_dist_max_63,0.0,lightgbm,24
px_dist_max_21,0.0,lightgbm,24
vol_log1p_quote_volume,0.0,lightgbm,24
rng_garman_klass_5,0.0,lightgbm,24
tech_macd_line_norm,0.0,lightgbm,24
xa_rank_ret_lag1,0.0,lightgbm,24
cal_is_weekend,0.0,lightgbm,24
cal_dow_sin,0.0,lightgbm,24
aux_adractcnt_chg_7,0.0,lightgbm,24
aux_adractcnt_z63,0.0,lightgbm,24
aux_txcnt_z63,0.0,lightgbm,24
aux_splycur_z63,0.0,lightgbm,24
rng_close_position,0.08132184140037824,ridge,25
px_ret_1,0.052014329001885386,ridge,25
aux_fng,0.04049505862426744,ridge,25
cal_dom_cos,0.03808380964850368,ridge,25
xa_ref_ret_lag2,0.0380681402765691,ridge,25
cal_dow_cos,0.037677482098562635,ridge,25
cal_dow_sin,0.03763072141576569,ridge,25
cal_is_weekend,0.033451906805218985,ridge,25
aux_splycur_chg_7,0.02873803360086513,ridge,25
vol_taker_buy_ratio_mean_7,0.026495591804643746,ridge,25
aux_splycur_z63,0.026029734927349415,ridge,25
cal_moy_cos,0.025624633522269902,ridge,25
rng_tr_norm,0.024503375484895205,ridge,25
px_ret_mean_21,0.022878886019098228,ridge,25
px_ret_21,0.02287888601909822,ridge,25
rng_intraday,0.022555821567992195,ridge,25
xa_ref_ret_lag1,0.022348612876519368,ridge,25
vol_ret_corr_21,0.0204503294416846,ridge,25
px_ret_skew_21,0.02019734882063179,ridge,25
xa_corr_ref_30,0.019896860237334616,ridge,25
xa_rel_strength_7,0.019247902039904098,ridge,25
cal_dom_sin,0.01774202263498079,ridge,25
vol_zscore_21,0.01772852360930554,ridge,25
tech_macd_hist_norm,0.017448896520481188,ridge,25
px_cumret_30,0.017294723156133028,ridge,25
xa_market_dispersion,0.016419477094594605,ridge,25
rng_atr_14_norm,0.01619680902230717,ridge,25
tech_obv_zscore_21,0.014794619702133844,ridge,25
xa_ref_vol_21,0.014614150460596602,ridge,25
px_cumret_90,0.013823237115951008,ridge,25
tech_stoch_k_14,0.013512117730445989,ridge,25
px_dist_min_63,0.01320222459616002,ridge,25
aux_fng_z_63,0.013087931155833989,ridge,25
px_dist_max_21,0.012987891328084675,ridge,25
px_ret_2,0.01288500637833221,ridge,25
rng_garman_klass_5,0.012540205701709039,ridge,25
xa_market_ret_lag1,0.01224611160998794,ridge,25
tech_stoch_d_14,0.012048975299881363,ridge,25
aux_fng_chg_7,0.011791534516691553,ridge,25
px_ret_mean_5,0.011680404138055408,ridge,25
px_ret_5,0.011680404138055402,ridge,25
cal_moy_sin,0.010955866622013274,ridge,25
px_ret_kurt_63,0.0104720541376634,ridge,25
aux_txcnt_chg_7,0.01013960523081371,ridge,25
rng_parkinson_5,0.009894744382251455,ridge,25
xa_market_ret_mean_5,0.009692937059551618,ridge,25
aux_adractcnt_z63,0.00943218308861951,ridge,25
xa_corr_ref_90,0.008971621421332917,ridge,25
aux_txcnt_z63,0.008577836267061954,ridge,25
px_ret_3,0.008374083963534666,ridge,25
aux_adractcnt_chg_7,0.008358992425917639,ridge,25
px_ret_mean_10,0.008305295408826548,ridge,25
px_ret_10,0.008305295408826515,ridge,25
tech_macd_line_norm,0.008281851259379247,ridge,25
tech_bb_pos_20,0.0071783267879237155,ridge,25
rng_garman_klass_21,0.006887817353281716,ridge,25
xa_rel_strength_30,0.006835895965933544,ridge,25
px_dist_max_63,0.006128236089811221,ridge,25
tech_macd_signal_norm,0.005944441838569995,ridge,25
px_ret_kurt_21,0.0058306005932500645,ridge,25
px_ret_std_10,0.005748037226318482,ridge,25
px_dist_min_21,0.005637578433007831,ridge,25
rng_parkinson_21,0.0055203016685539215,ridge,25
vol_taker_buy_ratio_dev,0.004523073312901588,ridge,25
vol_taker_buy_ratio,0.004523073312901556,ridge,25
px_ret_mean_63,0.004422691769918176,ridge,25
vol_qv_median_ratio_63,0.004393498324667199,ridge,25
xa_excess_ret_lag1,0.004338633382673663,ridge,25
px_ret_std_63,0.004291838249998877,ridge,25
vol_log1p_volume,0.00372485093471602,ridge,25
px_ret_std_5,0.003600118279663621,ridge,25
xa_rank_ret_lag1,0.0028536097568143985,ridge,25
vol_trades_zscore_21,0.002712446090833524,ridge,25
px_ret_skew_63,0.0025157799477066164,ridge,25
px_cumret_7,0.00243426334472594,ridge,25
px_ret_std_21,0.0019224550288917078,ridge,25
xa_ref_ret_mean_5,0.0005541964367295443,ridge,25
rng_cc_parkinson_ratio_21,0.0004415930798035655,ridge,25
vol_log1p_quote_volume,0.00016003186476470365,ridge,25
tech_rsi_14,0.0001084093366578018,ridge,25
px_ret_1,562.5657474994659,lightgbm,25
rng_close_position,500.82366532087326,lightgbm,25
xa_market_dispersion,383.1610379219055,lightgbm,25
xa_market_ret_lag1,345.06314754486084,lightgbm,25
aux_fng,313.13197922706604,lightgbm,25
xa_market_ret_mean_5,303.12705886363983,lightgbm,25
cal_dow_cos,194.3317995071411,lightgbm,25
xa_ref_ret_lag1,181.55973958969116,lightgbm,25
aux_fng_z_63,173.8036594390869,lightgbm,25
cal_dom_sin,162.58334875106812,lightgbm,25
rng_cc_parkinson_ratio_21,116.05150079727173,lightgbm,25
xa_ref_vol_21,113.30317044258118,lightgbm,25
xa_ref_ret_mean_5,107.5004301071167,lightgbm,25
cal_dom_cos,95.25479888916016,lightgbm,25
xa_ref_ret_lag2,82.82659673690796,lightgbm,25
px_ret_std_10,76.39251852035522,lightgbm,25
tech_obv_zscore_21,76.35336065292358,lightgbm,25
px_ret_2,72.77449989318848,lightgbm,25
cal_dow_sin,71.24112129211426,lightgbm,25
xa_corr_ref_90,64.67346048355103,lightgbm,25
px_ret_std_5,56.61594915390015,lightgbm,25
cal_moy_cos,52.19057035446167,lightgbm,25
px_ret_3,49.413179874420166,lightgbm,25
cal_moy_sin,48.02929973602295,lightgbm,25
px_ret_10,47.73655033111572,lightgbm,25
vol_qv_median_ratio_63,45.94418907165527,lightgbm,25
aux_fng_chg_7,44.927510023117065,lightgbm,25
px_ret_5,44.06619930267334,lightgbm,25
vol_zscore_21,41.312599182128906,lightgbm,25
px_dist_min_63,39.204400062561035,lightgbm,25
tech_stoch_k_14,36.60341000556946,lightgbm,25
aux_txcnt_chg_7,33.3086199760437,lightgbm,25
tech_bb_pos_20,33.29902935028076,lightgbm,25
px_ret_mean_63,31.29623031616211,lightgbm,25
rng_atr_14_norm,30.57358980178833,lightgbm,25
px_ret_skew_21,29.4654598236084,lightgbm,25
rng_tr_norm,28.040109634399414,lightgbm,25
px_ret_skew_63,26.57532024383545,lightgbm,25
rng_garman_klass_5,25.571849822998047,lightgbm,25
px_cumret_30,25.482573628425598,lightgbm,25
tech_macd_signal_norm,25.360499382019043,lightgbm,25
vol_taker_buy_ratio_mean_7,24.347835309803486,lightgbm,25
px_dist_min_21,24.191490650177002,lightgbm,25
xa_corr_ref_30,22.609729766845703,lightgbm,25
vol_taker_buy_ratio,20.681564271450043,lightgbm,25
px_ret_21,20.221529960632324,lightgbm,25
xa_rel_strength_30,17.849510192871094,lightgbm,25
px_cumret_90,15.133099555969238,lightgbm,25
vol_trades_zscore_21,14.2635498046875,lightgbm,25
aux_splycur_chg_7,13.541600227355957,lightgbm,25
xa_excess_ret_lag1,13.514890193939209,lightgbm,25
px_dist_max_63,13.401599884033203,lightgbm,25
xa_rel_strength_7,12.517999649047852,lightgbm,25
rng_parkinson_21,11.975199699401855,lightgbm,25
px_cumret_7,11.91450023651123,lightgbm,25
rng_garman_klass_21,11.46500015258789,lightgbm,25
rng_intraday,11.311100006103516,lightgbm,25
px_ret_std_63,11.187287330627441,lightgbm,25
vol_log1p_volume,10.796199798583984,lightgbm,25
vol_log1p_quote_volume,8.622520446777344,lightgbm,25
px_ret_kurt_21,8.581450462341309,lightgbm,25
tech_macd_hist_norm,7.931069850921631,lightgbm,25
vol_taker_buy_ratio_dev,6.95527982711792,lightgbm,25
aux_adractcnt_chg_7,5.023509979248047,lightgbm,25
aux_adractcnt_z63,3.4452099800109863,lightgbm,25
vol_ret_corr_21,2.464329957962036,lightgbm,25
px_ret_std_21,0.0,lightgbm,25
px_ret_mean_5,0.0,lightgbm,25
px_ret_mean_21,0.0,lightgbm,25
px_ret_mean_10,0.0,lightgbm,25
px_dist_max_21,0.0,lightgbm,25
px_ret_kurt_63,0.0,lightgbm,25
tech_macd_line_norm,0.0,lightgbm,25
tech_rsi_14,0.0,lightgbm,25
rng_parkinson_5,0.0,lightgbm,25
tech_stoch_d_14,0.0,lightgbm,25
xa_rank_ret_lag1,0.0,lightgbm,25
cal_is_weekend,0.0,lightgbm,25
aux_txcnt_z63,0.0,lightgbm,25
aux_splycur_z63,0.0,lightgbm,25
px_ret_1,747.7901067733765,lightgbm,25
xa_market_dispersion,457.8791494369507,lightgbm,25
rng_close_position,449.6983995437622,lightgbm,25
aux_fng,393.9823226928711,lightgbm,25
xa_market_ret_mean_5,323.0842385292053,lightgbm,25
xa_ref_ret_lag1,289.5983467102051,lightgbm,25
xa_ref_ret_lag2,268.73081946372986,lightgbm,25
aux_fng_z_63,244.31515836715698,lightgbm,25
cal_dom_sin,232.71838188171387,lightgbm,25
xa_market_ret_lag1,222.01590061187744,lightgbm,25
cal_dow_cos,212.90060329437256,lightgbm,25
xa_ref_ret_mean_5,188.19413089752197,lightgbm,25
xa_ref_vol_21,182.64919924736023,lightgbm,25
px_ret_2,121.16020011901855,lightgbm,25
tech_obv_zscore_21,111.77665901184082,lightgbm,25
rng_cc_parkinson_ratio_21,102.33111953735352,lightgbm,25
cal_dom_cos,98.26319932937622,lightgbm,25
aux_fng_chg_7,78.87463045120239,lightgbm,25
vol_trades_zscore_21,69.10468006134033,lightgbm,25
px_ret_skew_63,67.77147912979126,lightgbm,25
px_dist_min_21,65.16429996490479,lightgbm,25
px_ret_std_5,64.94549922645092,lightgbm,25
px_ret_mean_5,63.71179962158203,lightgbm,25
px_ret_3,58.20404314994812,lightgbm,25
cal_moy_sin,57.01969003677368,lightgbm,25
px_ret_std_63,55.89781951904297,lightgbm,25
px_dist_min_63,53.64970111846924,lightgbm,25
px_ret_std_10,51.9791898727417,lightgbm,25
px_ret_21,50.418670654296875,lightgbm,25
px_ret_5,48.94155025482178,lightgbm,25
aux_splycur_chg_7,46.779709339141846,lightgbm,25
aux_txcnt_chg_7,46.33120036125183,lightgbm,25
vol_zscore_21,45.97885990142822,lightgbm,25
tech_stoch_k_14,40.99738931655884,lightgbm,25
px_cumret_90,40.69990062713623,lightgbm,25
vol_taker_buy_ratio_dev,37.95287036895752,lightgbm,25
px_ret_kurt_21,36.91774034500122,lightgbm,25
aux_txcnt_z63,35.54590034484863,lightgbm,25
xa_rel_strength_7,34.274879455566406,lightgbm,25
aux_splycur_z63,33.59854984283447,lightgbm,25
px_ret_mean_63,32.10607051849365,lightgbm,25
xa_corr_ref_30,28.534720182418823,lightgbm,25
cal_dow_sin,28.28382968902588,lightgbm,25
vol_taker_buy_ratio_mean_7,25.333200454711914,lightgbm,25
tech_bb_pos_20,23.768279790878296,lightgbm,25
aux_adractcnt_chg_7,23.705379962921143,lightgbm,25
tech_rsi_14,22.616230487823486,lightgbm,25
rng_atr_14_norm,21.859379768371582,lightgbm,25
px_cumret_30,20.568349838256836,lightgbm,25
tech_macd_signal_norm,19.98734998703003,lightgbm,25
px_ret_10,18.777369111776352,lightgbm,25
rng_garman_klass_21,18.51533031463623,lightgbm,25
vol_qv_median_ratio_63,18.38170051574707,lightgbm,25
tech_stoch_d_14,18.03715991973877,lightgbm,25
vol_taker_buy_ratio,17.275002598762512,lightgbm,25
rng_parkinson_5,15.258239984512329,lightgbm,25
cal_moy_cos,14.910799980163574,lightgbm,25
rng_intraday,14.236420154571533,lightgbm,25
tech_macd_line_norm,13.845400333404541,lightgbm,25
px_ret_mean_21,10.79800033569336,lightgbm,25
px_dist_max_63,9.959580421447754,lightgbm,25
px_ret_skew_21,9.420319557189941,lightgbm,25
aux_adractcnt_z63,9.29341983795166,lightgbm,25
tech_macd_hist_norm,8.320290088653564,lightgbm,25
xa_excess_ret_lag1,8.185649871826172,lightgbm,25
vol_ret_corr_21,6.310550212860107,lightgbm,25
xa_rank_ret_lag1,2.404510021209717,lightgbm,25
px_dist_max_21,2.3599801063537598,lightgbm,25
px_ret_mean_10,0.0,lightgbm,25
px_ret_std_21,0.0,lightgbm,25
vol_log1p_quote_volume,0.0,lightgbm,25
px_cumret_7,0.0,lightgbm,25
rng_garman_klass_5,0.0,lightgbm,25
rng_parkinson_21,0.0,lightgbm,25
rng_tr_norm,0.0,lightgbm,25
vol_log1p_volume,0.0,lightgbm,25
px_ret_kurt_63,0.0,lightgbm,25
xa_rel_strength_30,0.0,lightgbm,25
xa_corr_ref_90,0.0,lightgbm,25
cal_is_weekend,0.0,lightgbm,25
px_ret_1,750.9938704967499,lightgbm,25
rng_close_position,702.1473677158356,lightgbm,25
xa_market_dispersion,605.5291724205017,lightgbm,25
xa_market_ret_lag1,484.70769786834717,lightgbm,25
xa_market_ret_mean_5,467.84238839149475,lightgbm,25
xa_ref_ret_lag1,413.41155195236206,lightgbm,25
aux_fng,371.0397582054138,lightgbm,25
cal_dow_cos,329.27464866638184,lightgbm,25
cal_dom_sin,318.13563871383667,lightgbm,25
aux_fng_z_63,269.57646131515503,lightgbm,25
xa_ref_ret_lag2,247.36560821533203,lightgbm,25
px_ret_std_10,191.97531986236572,lightgbm,25
xa_ref_vol_21,182.0184404850006,lightgbm,25
cal_dom_cos,159.51426076889038,lightgbm,25
aux_fng_chg_7,129.75422751903534,lightgbm,25
px_ret_2,127.27155017852783,lightgbm,25
xa_ref_ret_mean_5,124.87562942504883,lightgbm,25
rng_cc_parkinson_ratio_21,110.78968954086304,lightgbm,25
aux_splycur_chg_7,106.19044971466064,lightgbm,25
vol_ret_corr_21,94.25573086738586,lightgbm,25
px_ret_5,80.52968883514404,lightgbm,25
px_ret_21,76.47621059417725,lightgbm,25
tech_stoch_k_14,76.1887788772583,lightgbm,25
tech_macd_signal_norm,75.12968063354492,lightgbm,25
px_ret_skew_63,73.4803991317749,lightgbm,25
tech_obv_zscore_21,63.13004994392395,lightgbm,25
vol_trades_zscore_21,58.865500926971436,lightgbm,25
vol_taker_buy_ratio,57.61025094985962,lightgbm,25
vol_log1p_quote_volume,56.93408966064453,lightgbm,25
rng_atr_14_norm,53.76200008392334,lightgbm,25
px_ret_std_63,51.43733096122742,lightgbm,25
px_ret_std_5,49.26791071891785,lightgbm,25
px_cumret_30,49.044899463653564,lightgbm,25
tech_macd_hist_norm,48.912414733320475,lightgbm,25
cal_dow_sin,46.668700218200684,lightgbm,25
tech_bb_pos_20,46.13018035888672,lightgbm,25
px_ret_mean_5,45.643720626831055,lightgbm,25
px_ret_skew_21,44.81030988693237,lightgbm,25
px_dist_min_63,44.40280055999756,lightgbm,25
vol_taker_buy_ratio_mean_7,43.85621929168701,lightgbm,25
vol_taker_buy_ratio_dev,42.43352937698364,lightgbm,25
px_ret_kurt_21,41.81178951263428,lightgbm,25
xa_corr_ref_30,40.33657032251358,lightgbm,25
vol_zscore_21,38.48924970626831,lightgbm,25
tech_rsi_14,36.29059982299805,lightgbm,25
px_ret_3,36.270599603652954,lightgbm,25
xa_rel_strength_30,35.47614049911499,lightgbm,25
px_cumret_90,35.31159973144531,lightgbm,25
rng_parkinson_5,34.40149927139282,lightgbm,25
aux_splycur_z63,34.23301029205322,lightgbm,25
rng_tr_norm,33.32180118560791,lightgbm,25
xa_excess_ret_lag1,32.070189476013184,lightgbm,25
aux_txcnt_z63,30.400409698486328,lightgbm,25
px_ret_10,30.189730644226074,lightgbm,25
vol_log1p_volume,28.33130979537964,lightgbm,25
cal_moy_sin,25.92240047454834,lightgbm,25
cal_moy_cos,23.688329696655273,lightgbm,25
px_dist_min_21,23.625449180603027,lightgbm,25
rng_intraday,20.735660552978516,lightgbm,25
tech_macd_line_norm,18.61081027984619,lightgbm,25
px_dist_max_63,17.66095995903015,lightgbm,25
xa_corr_ref_90,15.88548994064331,lightgbm,25
tech_stoch_d_14,15.28292989730835,lightgbm,25
px_cumret_7,14.498299598693848,lightgbm,25
aux_txcnt_chg_7,13.593440055847168,lightgbm,25
px_ret_mean_10,11.211899757385254,lightgbm,25
px_ret_kurt_63,10.086640119552612,lightgbm,25
px_ret_mean_63,9.87028980255127,lightgbm,25
rng_garman_klass_5,9.867989540100098,lightgbm,25
px_ret_std_21,6.852719783782959,lightgbm,25
xa_rel_strength_7,5.58558988571167,lightgbm,25
px_dist_max_21,3.9858601093292236,lightgbm,25
px_ret_mean_21,0.0,lightgbm,25
rng_parkinson_21,0.0,lightgbm,25
vol_qv_median_ratio_63,0.0,lightgbm,25
rng_garman_klass_21,0.0,lightgbm,25
xa_rank_ret_lag1,0.0,lightgbm,25
cal_is_weekend,0.0,lightgbm,25
aux_adractcnt_chg_7,0.0,lightgbm,25
aux_adractcnt_z63,0.0,lightgbm,25
px_ret_1,756.4864411354065,lightgbm,25
rng_close_position,637.2767376899719,lightgbm,25
xa_market_dispersion,459.37953877449036,lightgbm,25
xa_market_ret_lag1,453.6295108795166,lightgbm,25
xa_market_ret_mean_5,372.13419246673584,lightgbm,25
aux_fng,316.42995965480804,lightgbm,25
cal_dow_cos,315.84850215911865,lightgbm,25
xa_ref_ret_mean_5,281.26119178533554,lightgbm,25
xa_ref_vol_21,261.1249620914459,lightgbm,25
xa_ref_ret_lag1,259.67130184173584,lightgbm,25
xa_ref_ret_lag2,239.65302991867065,lightgbm,25
aux_fng_z_63,227.0126314163208,lightgbm,25
cal_dom_sin,219.0459507703781,lightgbm,25
cal_dom_cos,204.1458501815796,lightgbm,25
px_ret_std_10,157.46619129180908,lightgbm,25
tech_obv_zscore_21,111.84412860870361,lightgbm,25
cal_dow_sin,106.61786913871765,lightgbm,25
cal_moy_cos,102.7147102355957,lightgbm,25
aux_splycur_chg_7,100.70827913284302,lightgbm,25
px_ret_2,99.92530059814453,lightgbm,25
px_dist_min_63,96.77099990844727,lightgbm,25
aux_fng_chg_7,90.55945014953613,lightgbm,25
tech_rsi_14,77.46885061264038,lightgbm,25
px_ret_21,66.83364963531494,lightgbm,25
vol_trades_zscore_21,62.76767015457153,lightgbm,25
rng_cc_parkinson_ratio_21,62.69133996963501,lightgbm,25
aux_txcnt_chg_7,59.744789123535156,lightgbm,25
px_ret_5,58.388479709625244,lightgbm,25
vol_zscore_21,54.14847993850708,lightgbm,25
aux_splycur_z63,51.292970180511475,lightgbm,25
px_ret_10,51.11030101776123,lightgbm,25
px_cumret_90,43.85654973983765,lightgbm,25
px_ret_skew_63,43.0228705406189,lightgbm,25
vol_qv_median_ratio_63,42.43616962432861,lightgbm,25
px_dist_max_63,41.44209957122803,lightgbm,25
px_ret_mean_5,38.910330295562744,lightgbm,25
rng_atr_14_norm,37.83500003814697,lightgbm,25
tech_stoch_k_14,35.27615976333618,lightgbm,25
px_ret_mean_63,34.81514024734497,lightgbm,25
px_ret_skew_21,32.68008255958557,lightgbm,25
cal_moy_sin,29.390899658203125,lightgbm,25
tech_macd_line_norm,28.823800086975098,lightgbm,25
xa_corr_ref_30,28.696249961853027,lightgbm,25
px_ret_std_21,26.93332028388977,lightgbm,25
xa_rel_strength_7,24.549699783325195,lightgbm,25
px_ret_std_5,23.6613507270813,lightgbm,25
vol_taker_buy_ratio,22.47439956665039,lightgbm,25
px_dist_min_21,22.108559608459473,lightgbm,25
px_cumret_30,20.34485960006714,lightgbm,25
px_ret_kurt_21,18.561060428619385,lightgbm,25
rng_parkinson_21,17.998119831085205,lightgbm,25
px_ret_mean_21,17.816389560699463,lightgbm,25
tech_macd_hist_norm,17.77434992790222,lightgbm,25
xa_rel_strength_30,17.677809715270996,lightgbm,25
xa_excess_ret_lag1,17.38533192873001,lightgbm,25
vol_ret_corr_21,17.384051024913788,lightgbm,25
aux_adractcnt_z63,17.133229732513428,lightgbm,25
vol_taker_buy_ratio_mean_7,16.807309865951538,lightgbm,25
rng_intraday,16.530930042266846,lightgbm,25
tech_stoch_d_14,15.844200134277344,lightgbm,25
rng_garman_klass_21,12.041299819946289,lightgbm,25
xa_corr_ref_90,12.038100242614746,lightgbm,25
aux_txcnt_z63,11.454519629478455,lightgbm,25
px_cumret_7,10.249899864196777,lightgbm,25
rng_tr_norm,10.238810062408447,lightgbm,25
aux_adractcnt_chg_7,10.203499794006348,lightgbm,25
vol_taker_buy_ratio_dev,9.869339942932129,lightgbm,25
tech_macd_signal_norm,8.51338005065918,lightgbm,25
px_ret_mean_10,6.408209800720215,lightgbm,25
vol_log1p_volume,6.099100112915039,lightgbm,25
xa_rank_ret_lag1,4.172399997711182,lightgbm,25
px_ret_3,0.0,lightgbm,25
px_ret_std_63,0.0,lightgbm,25
rng_garman_klass_5,0.0,lightgbm,25
tech_bb_pos_20,0.0,lightgbm,25
vol_log1p_quote_volume,0.0,lightgbm,25
px_dist_max_21,0.0,lightgbm,25
px_ret_kurt_63,0.0,lightgbm,25
rng_parkinson_5,0.0,lightgbm,25
cal_is_weekend,0.0,lightgbm,25
rng_close_position,750.3279747962952,lightgbm,25
px_ret_1,671.6331691741943,lightgbm,25
xa_market_dispersion,591.4484438896179,lightgbm,25
xa_market_ret_lag1,494.70259499549866,lightgbm,25
xa_market_ret_mean_5,485.16578817367554,lightgbm,25
aux_fng,426.8764705657959,lightgbm,25
xa_ref_ret_lag1,382.89172983169556,lightgbm,25
cal_dom_sin,353.75333166122437,lightgbm,25
xa_ref_ret_lag2,334.8443989753723,lightgbm,25
cal_dow_cos,276.01481795310974,lightgbm,25
xa_ref_vol_21,235.476149559021,lightgbm,25
aux_fng_z_63,217.44914865493774,lightgbm,25
cal_dom_cos,203.6998610496521,lightgbm,25
xa_ref_ret_mean_5,162.58105993270874,lightgbm,25
px_dist_min_63,133.0543384552002,lightgbm,25
px_ret_std_5,131.0499086380005,lightgbm,25
tech_obv_zscore_21,112.55052185058594,lightgbm,25
px_ret_std_10,108.96692085266113,lightgbm,25
aux_splycur_chg_7,103.19238901138306,lightgbm,25
px_ret_5,99.48346996307373,lightgbm,25
px_ret_2,92.40784025192261,lightgbm,25
px_ret_skew_63,87.05663871765137,lightgbm,25
xa_corr_ref_90,81.40810871124268,lightgbm,25
px_cumret_30,77.89915037155151,lightgbm,25
cal_moy_sin,77.33933103084564,lightgbm,25
px_ret_3,76.4209189414978,lightgbm,25
px_cumret_90,75.87196969985962,lightgbm,25
vol_zscore_21,73.83679962158203,lightgbm,25
vol_taker_buy_ratio_dev,71.12081909179688,lightgbm,25
aux_fng_chg_7,69.86925935745239,lightgbm,25
tech_stoch_k_14,65.43530035018921,lightgbm,25
rng_cc_parkinson_ratio_21,62.7908992767334,lightgbm,25
px_dist_min_21,57.25711917877197,lightgbm,25
px_ret_std_63,56.66797971725464,lightgbm,25
rng_garman_klass_21,52.87537956237793,lightgbm,25
xa_corr_ref_30,48.88939046859741,lightgbm,25
vol_trades_zscore_21,48.767019748687744,lightgbm,25
px_ret_21,48.72611951828003,lightgbm,25
cal_moy_cos,44.60758018493652,lightgbm,25
tech_macd_hist_norm,44.16337037086487,lightgbm,25
px_ret_mean_5,41.40329933166504,lightgbm,25
px_ret_skew_21,39.44294047355652,lightgbm,25
vol_taker_buy_ratio_mean_7,39.40795040130615,lightgbm,25
vol_log1p_volume,36.93590021133423,lightgbm,25
px_ret_kurt_21,36.66206932067871,lightgbm,25
vol_taker_buy_ratio,35.3390007019043,lightgbm,25
vol_log1p_quote_volume,31.673529624938965,lightgbm,25
aux_splycur_z63,29.406930208206177,lightgbm,25
rng_tr_norm,28.900850296020508,lightgbm,25
aux_adractcnt_z63,27.451149940490723,lightgbm,25
aux_txcnt_chg_7,27.03059959411621,lightgbm,25
rng_atr_14_norm,25.732359409332275,lightgbm,25
tech_stoch_d_14,21.2562198638916,lightgbm,25
px_ret_mean_63,20.51394033432007,lightgbm,25
rng_intraday,20.10579013824463,lightgbm,25
rng_parkinson_5,18.930919647216797,lightgbm,25
px_ret_kurt_63,16.90248966217041,lightgbm,25
px_ret_mean_21,16.723210334777832,lightgbm,25
vol_qv_median_ratio_63,15.946969985961914,lightgbm,25
tech_macd_signal_norm,15.761030197143555,lightgbm,25
px_ret_10,15.561179995536804,lightgbm,25
cal_dow_sin,15.2321195602417,lightgbm,25
tech_rsi_14,14.944580078125,lightgbm,25
px_dist_max_63,14.369749784469604,lightgbm,25
xa_rel_strength_30,14.182100296020508,lightgbm,25
px_ret_mean_10,13.949700355529785,lightgbm,25
xa_rel_strength_7,13.456540584564209,lightgbm,25
vol_ret_corr_21,13.392069816589355,lightgbm,25
px_cumret_7,12.660909652709961,lightgbm,25
aux_adractcnt_chg_7,11.14355993270874,lightgbm,25
tech_macd_line_norm,8.947529792785645,lightgbm,25
xa_excess_ret_lag1,7.6739702224731445,lightgbm,25
px_ret_std_21,0.0,lightgbm,25
rng_garman_klass_5,0.0,lightgbm,25
rng_parkinson_21,0.0,lightgbm,25
px_dist_max_21,0.0,lightgbm,25
tech_bb_pos_20,0.0,lightgbm,25
xa_rank_ret_lag1,0.0,lightgbm,25
cal_is_weekend,0.0,lightgbm,25
aux_txcnt_z63,0.0,lightgbm,25
rng_close_position,0.07405910686308663,ridge,26
px_ret_1,0.051941238624300744,ridge,26
cal_dow_cos,0.04080924556233388,ridge,26
cal_is_weekend,0.03754865847717751,ridge,26
cal_dow_sin,0.035404033134187794,ridge,26
xa_ref_ret_lag2,0.03485383693229106,ridge,26
aux_fng,0.032851751572381724,ridge,26
cal_moy_cos,0.030433128551022304,ridge,26
px_ret_21,0.027324398076036916,ridge,26
px_ret_mean_21,0.02732439807603691,ridge,26
aux_splycur_chg_7,0.027292700755145772,ridge,26
xa_ref_ret_lag1,0.025773269612136534,ridge,26
vol_taker_buy_ratio_mean_7,0.025437775497494094,ridge,26
aux_splycur_z63,0.024045898085704114,ridge,26
rng_tr_norm,0.02385611987629547,ridge,26
cal_dom_cos,0.023716075972351765,ridge,26
rng_intraday,0.0216584892104042,ridge,26
xa_corr_ref_30,0.021583188016425187,ridge,26
px_ret_skew_21,0.021070583751988285,ridge,26
vol_ret_corr_21,0.020080827492668162,ridge,26
tech_obv_zscore_21,0.019353376109014383,ridge,26
px_cumret_30,0.018786980453739034,ridge,26
tech_macd_hist_norm,0.01867537977423174,ridge,26
xa_rel_strength_7,0.017538195202998336,ridge,26
vol_zscore_21,0.017510051855128907,ridge,26
xa_market_dispersion,0.017488988662548426,ridge,26
aux_fng_chg_7,0.01713715303899351,ridge,26
rng_atr_14_norm,0.016852753116399312,ridge,26
xa_ref_vol_21,0.016555239019791,ridge,26
aux_fng_z_63,0.016493321878743947,ridge,26
aux_adractcnt_chg_7,0.015425363287608134,ridge,26
xa_market_ret_lag1,0.015124005385313844,ridge,26
px_dist_min_63,0.013810319508526854,ridge,26
tech_stoch_k_14,0.013772133136902204,ridge,26
cal_dom_sin,0.013625855237025359,ridge,26
px_dist_max_21,0.013614972894216417,ridge,26
px_cumret_90,0.013611407737612241,ridge,26
px_ret_kurt_63,0.012423709809994455,ridge,26
rng_garman_klass_5,0.011954447037033664,ridge,26
aux_adractcnt_z63,0.01179330998226343,ridge,26
aux_txcnt_z63,0.011314963898543027,ridge,26
px_ret_2,0.01106808588624317,ridge,26
xa_corr_ref_90,0.010987001984063605,ridge,26
px_ret_mean_5,0.010794912621393527,ridge,26
px_ret_5,0.010794912621393498,ridge,26
rng_parkinson_5,0.009911550263246688,ridge,26
px_ret_3,0.009596810142310718,ridge,26
aux_txcnt_chg_7,0.009521603303271287,ridge,26
vol_qv_median_ratio_63,0.009408714679072725,ridge,26
cal_moy_sin,0.00932505592997817,ridge,26
xa_market_ret_mean_5,0.009268587750047389,ridge,26
px_ret_std_10,0.008817592547736269,ridge,26
tech_macd_line_norm,0.007871920020219901,ridge,26
tech_stoch_d_14,0.006882104876009033,ridge,26
xa_rel_strength_30,0.00656864032665233,ridge,26
rng_garman_klass_21,0.006299889247199879,ridge,26
px_ret_mean_63,0.006253733904494765,ridge,26
px_ret_skew_63,0.006054115544615696,ridge,26
px_ret_10,0.0056257523908432245,ridge,26
px_ret_mean_10,0.005625752390843183,ridge,26
tech_bb_pos_20,0.005269874989472422,ridge,26
tech_macd_signal_norm,0.005072526428479968,ridge,26
rng_parkinson_21,0.004967197209487122,ridge,26
px_dist_min_21,0.0049167057155960125,ridge,26
xa_excess_ret_lag1,0.004741306057201431,ridge,26
px_ret_std_5,0.004428284488569664,ridge,26
px_dist_max_63,0.00417979310435826,ridge,26
px_ret_std_63,0.003668122325455816,ridge,26
vol_taker_buy_ratio_dev,0.003659038086470333,ridge,26
vol_taker_buy_ratio,0.0036590380864703026,ridge,26
px_ret_kurt_21,0.0035618751690540853,ridge,26
vol_log1p_volume,0.0032541010129896746,ridge,26
px_cumret_7,0.0026945439281939533,ridge,26
rng_cc_parkinson_ratio_21,0.002233618735194642,ridge,26
xa_rank_ret_lag1,0.0022257732910161954,ridge,26
px_ret_std_21,0.00166861471500437,ridge,26
tech_rsi_14,0.0010624913730680253,ridge,26
xa_ref_ret_mean_5,0.0009556316450876246,ridge,26
vol_log1p_quote_volume,0.0007077341373870414,ridge,26
vol_trades_zscore_21,0.0004110585455918301,ridge,26
rng_close_position,920.3885152339935,lightgbm,26
px_ret_1,791.4760286808014,lightgbm,26
xa_market_dispersion,773.4786465167999,lightgbm,26
xa_market_ret_mean_5,688.9804291725159,lightgbm,26
xa_market_ret_lag1,660.9715476036072,lightgbm,26
aux_fng,598.9864315986633,lightgbm,26
cal_dow_cos,549.9011118412018,lightgbm,26
cal_dom_sin,418.6268620491028,lightgbm,26
xa_ref_vol_21,410.95652198791504,lightgbm,26
xa_ref_ret_lag2,410.03664618730545,lightgbm,26
aux_fng_z_63,386.62482929229736,lightgbm,26
xa_ref_ret_lag1,372.48317861557007,lightgbm,26
xa_ref_ret_mean_5,340.1889491081238,lightgbm,26
px_ret_std_10,263.022629737854,lightgbm,26
aux_fng_chg_7,234.21626043319702,lightgbm,26
px_ret_2,209.46862125396729,lightgbm,26
aux_splycur_chg_7,203.3728199005127,lightgbm,26
px_dist_min_63,201.96670138835907,lightgbm,26
px_ret_skew_63,196.6530901491642,lightgbm,26
rng_cc_parkinson_ratio_21,180.09186005592346,lightgbm,26
cal_dom_cos,146.11259984970093,lightgbm,26
vol_ret_corr_21,143.33778929710388,lightgbm,26
px_ret_kurt_21,135.8989839553833,lightgbm,26
vol_trades_zscore_21,122.25097012519836,lightgbm,26
vol_taker_buy_ratio,122.18580323457718,lightgbm,26
tech_obv_zscore_21,115.89904880523682,lightgbm,26
px_ret_5,115.23344993591309,lightgbm,26
xa_corr_ref_30,108.83202886581421,lightgbm,26
xa_corr_ref_90,108.13308048248291,lightgbm,26
px_ret_std_5,108.11854898929596,lightgbm,26
cal_moy_sin,93.69642066955566,lightgbm,26
px_ret_10,90.45174980163574,lightgbm,26
aux_txcnt_chg_7,88.51389932632446,lightgbm,26
px_ret_skew_21,84.01473045349121,lightgbm,26
px_cumret_90,83.98031997680664,lightgbm,26
tech_stoch_k_14,83.32714891433716,lightgbm,26
tech_bb_pos_20,79.59294986724854,lightgbm,26
aux_splycur_z63,78.43985080718994,lightgbm,26
px_ret_3,78.3320689201355,lightgbm,26
cal_dow_sin,74.80248975753784,lightgbm,26
px_ret_mean_63,66.11679983139038,lightgbm,26
cal_moy_cos,65.70174980163574,lightgbm,26
px_ret_std_63,64.07490921020508,lightgbm,26
tech_stoch_d_14,60.60100972652435,lightgbm,26
px_ret_21,59.15292024612427,lightgbm,26
px_ret_mean_5,56.63920021057129,lightgbm,26
vol_qv_median_ratio_63,56.369579792022705,lightgbm,26
vol_taker_buy_ratio_mean_7,56.17442035675049,lightgbm,26
px_ret_kurt_63,50.857959508895874,lightgbm,26
aux_txcnt_z63,50.03336000442505,lightgbm,26
vol_zscore_21,48.40810012817383,lightgbm,26
tech_macd_hist_norm,47.53013741970062,lightgbm,26
px_dist_min_21,46.98964977264404,lightgbm,26
px_cumret_30,46.22077131271362,lightgbm,26
vol_taker_buy_ratio_dev,43.179659843444824,lightgbm,26
xa_excess_ret_lag1,42.25614929199219,lightgbm,26
tech_macd_line_norm,40.59101963043213,lightgbm,26
rng_intraday,35.68977069854736,lightgbm,26
vol_log1p_quote_volume,33.6318998336792,lightgbm,26
px_ret_mean_21,26.02402973175049,lightgbm,26
xa_rel_strength_7,26.00040054321289,lightgbm,26
rng_atr_14_norm,25.90122938156128,lightgbm,26
tech_rsi_14,25.668209552764893,lightgbm,26
px_ret_mean_10,25.60550022125244,lightgbm,26
px_dist_max_63,25.125100135803223,lightgbm,26
px_ret_std_21,24.753899574279785,lightgbm,26
rng_parkinson_21,23.336509704589844,lightgbm,26
aux_adractcnt_z63,20.927249908447266,lightgbm,26
tech_macd_signal_norm,20.580979824066162,lightgbm,26
aux_adractcnt_chg_7,19.16701030731201,lightgbm,26
rng_garman_klass_21,17.906409859657288,lightgbm,26
vol_log1p_volume,16.629239797592163,lightgbm,26
rng_parkinson_5,11.294300079345703,lightgbm,26
rng_tr_norm,6.6008100509643555,lightgbm,26
px_dist_max_21,6.4499897956848145,lightgbm,26
xa_rel_strength_30,4.946360111236572,lightgbm,26
px_cumret_7,4.736700057983398,lightgbm,26
xa_rank_ret_lag1,4.286660194396973,lightgbm,26
rng_garman_klass_5,0.32119500637054443,lightgbm,26
cal_is_weekend,0.0,lightgbm,26
px_ret_1,895.9190909862518,lightgbm,26
rng_close_position,676.0734553337097,lightgbm,26
xa_market_dispersion,630.554060459137,lightgbm,26
xa_market_ret_mean_5,527.9823708534241,lightgbm,26
aux_fng_z_63,471.03847324848175,lightgbm,26
xa_market_ret_lag1,436.6479504108429,lightgbm,26
cal_dow_cos,420.32220935821533,lightgbm,26
aux_fng,376.6443305015564,lightgbm,26
xa_ref_ret_lag2,365.1396508216858,lightgbm,26
xa_ref_ret_lag1,361.4473810195923,lightgbm,26
cal_dom_sin,331.67339873313904,lightgbm,26
xa_ref_vol_21,263.04382967948914,lightgbm,26
xa_ref_ret_mean_5,257.55051708221436,lightgbm,26
aux_fng_chg_7,187.88023018836975,lightgbm,26
px_ret_std_10,154.62877988815308,lightgbm,26
px_ret_std_5,154.4225995540619,lightgbm,26
px_dist_min_63,144.23351001739502,lightgbm,26
cal_moy_sin,143.71838855743408,lightgbm,26
px_cumret_90,140.0034899711609,lightgbm,26
px_ret_skew_63,137.3761100769043,lightgbm,26
px_ret_3,121.56821870803833,lightgbm,26
px_ret_5,121.38769054412842,lightgbm,26
px_dist_min_21,101.59767007827759,lightgbm,26
cal_dom_cos,96.98125123977661,lightgbm,26
vol_trades_zscore_21,96.73580980300903,lightgbm,26
aux_splycur_chg_7,90.90548992156982,lightgbm,26
vol_taker_buy_ratio_dev,89.71625089645386,lightgbm,26
xa_corr_ref_90,83.48116111755371,lightgbm,26
tech_obv_zscore_21,76.1984806060791,lightgbm,26
aux_splycur_z63,73.07760047912598,lightgbm,26
px_ret_2,70.0786703824997,lightgbm,26
vol_taker_buy_ratio,68.66053742170334,lightgbm,26
vol_log1p_quote_volume,66.64077997207642,lightgbm,26
rng_cc_parkinson_ratio_21,58.42599034309387,lightgbm,26
tech_bb_pos_20,52.05661058425903,lightgbm,26
px_ret_mean_63,52.02559041976929,lightgbm,26
vol_taker_buy_ratio_mean_7,51.15329074859619,lightgbm,26
px_cumret_30,45.33248996734619,lightgbm,26
cal_moy_cos,45.307350158691406,lightgbm,26
px_ret_21,44.819509506225586,lightgbm,26
tech_rsi_14,44.68703031539917,lightgbm,26
rng_tr_norm,44.634199142456055,lightgbm,26
px_dist_max_63,44.26287913322449,lightgbm,26
cal_dow_sin,43.383440017700195,lightgbm,26
aux_txcnt_z63,43.10056018829346,lightgbm,26
px_ret_skew_21,41.32437038421631,lightgbm,26
xa_corr_ref_30,39.304699659347534,lightgbm,26
px_ret_kurt_63,39.269999504089355,lightgbm,26
aux_txcnt_chg_7,39.02992057800293,lightgbm,26
tech_stoch_d_14,39.005579233169556,lightgbm,26
px_ret_std_63,38.395129680633545,lightgbm,26
aux_adractcnt_chg_7,36.811699628829956,lightgbm,26
px_ret_kurt_21,30.926889419555664,lightgbm,26
rng_garman_klass_5,28.116829872131348,lightgbm,26
rng_atr_14_norm,27.806599617004395,lightgbm,26
rng_parkinson_21,27.699310302734375,lightgbm,26
xa_rel_strength_30,27.3055100440979,lightgbm,26
tech_macd_hist_norm,27.305305242538452,lightgbm,26
rng_intraday,26.570610523223877,lightgbm,26
vol_qv_median_ratio_63,26.00540065765381,lightgbm,26
vol_zscore_21,25.335869789123535,lightgbm,26
px_ret_mean_5,24.991700172424316,lightgbm,26
tech_stoch_k_14,23.112159967422485,lightgbm,26
xa_excess_ret_lag1,22.919690132141113,lightgbm,26
vol_ret_corr_21,20.91894030570984,lightgbm,26
tech_macd_signal_norm,20.681459426879883,lightgbm,26
tech_macd_line_norm,18.163830757141113,lightgbm,26
px_ret_mean_10,15.211540222167969,lightgbm,26
aux_adractcnt_z63,11.49209976196289,lightgbm,26
px_dist_max_21,9.989509582519531,lightgbm,26
vol_log1p_volume,9.235410213470459,lightgbm,26
xa_rel_strength_7,9.165140151977539,lightgbm,26
rng_garman_klass_21,7.805000066757202,lightgbm,26
rng_parkinson_5,3.839240074157715,lightgbm,26
px_ret_10,0.0,lightgbm,26
px_ret_std_21,0.0,lightgbm,26
px_ret_mean_21,0.0,lightgbm,26
px_cumret_7,0.0,lightgbm,26
xa_rank_ret_lag1,0.0,lightgbm,26
cal_is_weekend,0.0,lightgbm,26
px_ret_1,748.6588764190674,lightgbm,26
xa_market_dispersion,595.6353316307068,lightgbm,26
rng_close_position,594.6920642852783,lightgbm,26
cal_dow_cos,451.16352891921997,lightgbm,26
xa_market_ret_lag1,449.22636222839355,lightgbm,26
xa_market_ret_mean_5,393.7834987640381,lightgbm,26
xa_ref_ret_lag1,365.06645011901855,lightgbm,26
aux_fng,289.52284145355225,lightgbm,26
xa_ref_ret_lag2,283.697500705719,lightgbm,26
xa_ref_ret_mean_5,222.0450611114502,lightgbm,26
cal_dom_sin,211.53316712379456,lightgbm,26
px_ret_std_10,172.05188846588135,lightgbm,26
aux_fng_z_63,167.27486991882324,lightgbm,26
xa_ref_vol_21,166.98773097991943,lightgbm,26
cal_dom_cos,129.67253923416138,lightgbm,26
px_ret_skew_63,122.73828089237213,lightgbm,26
vol_taker_buy_ratio,120.13809967041016,lightgbm,26
px_ret_kurt_21,108.74991941452026,lightgbm,26
px_ret_5,107.55343008041382,lightgbm,26
aux_splycur_chg_7,99.39540100097656,lightgbm,26
px_ret_21,92.82579529285431,lightgbm,26
aux_fng_chg_7,91.62726879119873,lightgbm,26
px_cumret_90,84.27107954025269,lightgbm,26
cal_moy_cos,83.3689398765564,lightgbm,26
rng_cc_parkinson_ratio_21,81.0200828909874,lightgbm,26
px_ret_std_5,80.65353059768677,lightgbm,26
px_dist_min_63,70.10513877868652,lightgbm,26
cal_moy_sin,62.18254041671753,lightgbm,26
tech_stoch_d_14,59.75057527422905,lightgbm,26
px_ret_3,59.645415246486664,lightgbm,26
tech_macd_hist_norm,55.31795024871826,lightgbm,26
px_ret_mean_5,52.95529079437256,lightgbm,26
px_ret_2,52.11031985282898,lightgbm,26
px_ret_10,50.23127031326294,lightgbm,26
tech_stoch_k_14,49.636629939079285,lightgbm,26
xa_corr_ref_90,46.0574893951416,lightgbm,26
vol_zscore_21,44.541409730911255,lightgbm,26
vol_qv_median_ratio_63,43.25192427635193,lightgbm,26
tech_rsi_14,42.46947956085205,lightgbm,26
vol_trades_zscore_21,38.78730010986328,lightgbm,26
xa_rel_strength_7,38.58497977256775,lightgbm,26
vol_taker_buy_ratio_mean_7,36.264480113983154,lightgbm,26
px_ret_mean_63,34.49285131692886,lightgbm,26
aux_splycur_z63,34.32550048828125,lightgbm,26
rng_tr_norm,33.355770111083984,lightgbm,26
tech_obv_zscore_21,31.715240478515625,lightgbm,26
rng_parkinson_21,29.956129550933838,lightgbm,26
xa_corr_ref_30,29.694549560546875,lightgbm,26
cal_dow_sin,28.305160760879517,lightgbm,26
rng_intraday,26.049129605293274,lightgbm,26
px_dist_max_63,24.80910015106201,lightgbm,26
vol_log1p_volume,24.117679595947266,lightgbm,26
tech_bb_pos_20,23.90282952785492,lightgbm,26
px_ret_kurt_63,23.209360122680664,lightgbm,26
px_ret_std_63,20.55213975906372,lightgbm,26
aux_txcnt_chg_7,20.31244945526123,lightgbm,26
tech_macd_line_norm,19.59570026397705,lightgbm,26
px_ret_skew_21,19.29100012779236,lightgbm,26
px_cumret_30,18.931580543518066,lightgbm,26
xa_excess_ret_lag1,18.336730003356934,lightgbm,26
rng_parkinson_5,16.48665952682495,lightgbm,26
tech_macd_signal_norm,14.890200138092041,lightgbm,26
aux_adractcnt_z63,12.540499687194824,lightgbm,26
px_cumret_7,12.38539981842041,lightgbm,26
px_dist_min_21,11.42130994796753,lightgbm,26
aux_adractcnt_chg_7,10.289759874343872,lightgbm,26
px_ret_mean_21,9.470479965209961,lightgbm,26
px_ret_std_21,8.407682061195374,lightgbm,26
aux_txcnt_z63,7.925519943237305,lightgbm,26
vol_ret_corr_21,4.011350154876709,lightgbm,26
px_ret_mean_10,0.0,lightgbm,26
vol_log1p_quote_volume,0.0,lightgbm,26
vol_taker_buy_ratio_dev,0.0,lightgbm,26
rng_garman_klass_5,0.0,lightgbm,26
rng_garman_klass_21,0.0,lightgbm,26
rng_atr_14_norm,0.0,lightgbm,26
px_dist_max_21,0.0,lightgbm,26
xa_rank_ret_lag1,0.0,lightgbm,26
xa_rel_strength_30,0.0,lightgbm,26
cal_is_weekend,0.0,lightgbm,26
xa_market_dispersion,939.048168182373,lightgbm,26
px_ret_1,827.7604484558105,lightgbm,26
rng_close_position,788.9994239807129,lightgbm,26
aux_fng,594.9781489372253,lightgbm,26
xa_market_ret_lag1,586.5623457431793,lightgbm,26
xa_market_ret_mean_5,549.3834015130997,lightgbm,26
xa_ref_vol_21,523.7992029190063,lightgbm,26
xa_ref_ret_lag2,458.8597185611725,lightgbm,26
aux_fng_z_63,450.58857095241547,lightgbm,26
cal_dow_cos,445.58655071258545,lightgbm,26
xa_ref_ret_lag1,444.4310148358345,lightgbm,26
cal_dom_sin,403.38601875305176,lightgbm,26
xa_ref_ret_mean_5,383.1112790107727,lightgbm,26
px_ret_std_10,254.96039152145386,lightgbm,26
cal_dom_cos,249.4692792892456,lightgbm,26
aux_fng_chg_7,204.17347860336304,lightgbm,26
rng_cc_parkinson_ratio_21,170.17786991596222,lightgbm,26
vol_taker_buy_ratio,164.23030853271484,lightgbm,26
px_ret_5,161.12582874298096,lightgbm,26
px_ret_skew_21,157.97456860542297,lightgbm,26
px_ret_3,155.39959955215454,lightgbm,26
tech_obv_zscore_21,145.68657970428467,lightgbm,26
px_ret_skew_63,124.46891856193542,lightgbm,26
px_cumret_30,122.30357909202576,lightgbm,26
aux_splycur_z63,121.33289957046509,lightgbm,26
px_ret_std_5,121.00857019424438,lightgbm,26
aux_splycur_chg_7,119.55978012084961,lightgbm,26
px_dist_min_63,113.62720060348511,lightgbm,26
px_ret_21,108.58661818504333,lightgbm,26
px_ret_mean_5,107.48305034637451,lightgbm,26
tech_stoch_k_14,102.91410970687866,lightgbm,26
px_ret_2,91.440110206604,lightgbm,26
vol_qv_median_ratio_63,88.67073059082031,lightgbm,26
px_ret_kurt_21,83.22722911834717,lightgbm,26
vol_zscore_21,81.42334961891174,lightgbm,26
px_dist_min_21,77.55113935470581,lightgbm,26
cal_dow_sin,76.61874032020569,lightgbm,26
xa_corr_ref_30,76.48001050949097,lightgbm,26
px_ret_kurt_63,72.70120024681091,lightgbm,26
px_ret_10,72.67326974868774,lightgbm,26
vol_log1p_quote_volume,72.32082080841064,lightgbm,26
tech_stoch_d_14,71.28729104995728,lightgbm,26
px_cumret_90,70.94382905960083,lightgbm,26
vol_taker_buy_ratio_mean_7,69.57874059677124,lightgbm,26
xa_corr_ref_90,67.09241104125977,lightgbm,26
cal_moy_sin,66.30182933807373,lightgbm,26
cal_moy_cos,62.02665996551514,lightgbm,26
vol_trades_zscore_21,60.97770977020264,lightgbm,26
vol_ret_corr_21,60.5861701965332,lightgbm,26
px_ret_mean_21,57.661529541015625,lightgbm,26
tech_rsi_14,56.33986043930054,lightgbm,26
px_ret_mean_63,52.49723029136658,lightgbm,26
rng_tr_norm,51.267850399017334,lightgbm,26
vol_log1p_volume,50.78453040122986,lightgbm,26
tech_macd_hist_norm,40.6802521944046,lightgbm,26
tech_macd_line_norm,35.46619987487793,lightgbm,26
xa_excess_ret_lag1,35.36707019805908,lightgbm,26
rng_parkinson_5,35.19862079620361,lightgbm,26
rng_intraday,32.0802001953125,lightgbm,26
xa_rel_strength_7,30.63053035736084,lightgbm,26
aux_txcnt_chg_7,27.402860164642334,lightgbm,26
tech_macd_signal_norm,24.71321964263916,lightgbm,26
aux_adractcnt_chg_7,24.465330123901367,lightgbm,26
rng_atr_14_norm,24.388500213623047,lightgbm,26
rng_garman_klass_5,23.049700260162354,lightgbm,26
tech_bb_pos_20,22.33456039428711,lightgbm,26
px_cumret_7,20.18636989593506,lightgbm,26
vol_taker_buy_ratio_dev,18.811269760131836,lightgbm,26
px_dist_max_63,16.779319763183594,lightgbm,26
px_ret_std_63,13.671820282936096,lightgbm,26
px_ret_std_21,12.467000007629395,lightgbm,26
aux_txcnt_z63,11.762499809265137,lightgbm,26
rng_garman_klass_21,11.563000082969666,lightgbm,26
px_ret_mean_10,11.21679973602295,lightgbm,26
rng_parkinson_21,10.521909594535828,lightgbm,26
cal_is_weekend,10.4891996383667,lightgbm,26
px_dist_max_21,8.240169525146484,lightgbm,26
aux_adractcnt_z63,5.530370235443115,lightgbm,26
xa_rel_strength_30,0.0,lightgbm,26
xa_rank_ret_lag1,0.0,lightgbm,26
px_ret_1,653.0731374025345,lightgbm,26
rng_close_position,621.6662917137146,lightgbm,26
xa_market_dispersion,601.2385206222534,lightgbm,26
xa_market_ret_mean_5,482.46429085731506,lightgbm,26
cal_dow_cos,438.2615919113159,lightgbm,26
xa_ref_ret_lag1,377.50425362586975,lightgbm,26
xa_market_ret_lag1,313.9299510717392,lightgbm,26
xa_ref_ret_lag2,260.48151329159737,lightgbm,26
aux_fng_z_63,259.94260573387146,lightgbm,26
aux_fng,259.40920066833496,lightgbm,26
cal_dom_sin,203.06939029693604,lightgbm,26
xa_ref_ret_mean_5,200.57649898529053,lightgbm,26
xa_ref_vol_21,195.99396109580994,lightgbm,26
px_ret_5,192.16636085510254,lightgbm,26
px_ret_std_10,178.6538610458374,lightgbm,26
aux_fng_chg_7,161.56732833385468,lightgbm,26
px_dist_min_63,129.25003910064697,lightgbm,26
cal_dom_cos,116.67580878734589,lightgbm,26
px_ret_std_5,110.70879125595093,lightgbm,26
tech_obv_zscore_21,95.95861995220184,lightgbm,26
aux_splycur_chg_7,94.52147006988525,lightgbm,26
px_ret_skew_63,91.31929969787598,lightgbm,26
rng_cc_parkinson_ratio_21,90.9099702835083,lightgbm,26
vol_taker_buy_ratio,77.20538997650146,lightgbm,26
px_ret_kurt_21,69.8346232175827,lightgbm,26
px_ret_21,64.64769983291626,lightgbm,26
vol_taker_buy_ratio_dev,62.028029918670654,lightgbm,26
px_ret_3,61.45222854614258,lightgbm,26
px_dist_min_21,61.30278038978577,lightgbm,26
vol_taker_buy_ratio_mean_7,60.97832012176514,lightgbm,26
px_cumret_90,60.10087013244629,lightgbm,26
px_ret_kurt_63,57.17450952529907,lightgbm,26
xa_corr_ref_90,55.497309386730194,lightgbm,26
px_ret_std_63,54.24683904647827,lightgbm,26
vol_zscore_21,53.401530265808105,lightgbm,26
xa_excess_ret_lag1,44.003126272931695,lightgbm,26
aux_txcnt_chg_7,41.00117063522339,lightgbm,26
rng_tr_norm,37.95390033721924,lightgbm,26
px_ret_skew_21,37.50480937957764,lightgbm,26
cal_moy_cos,37.46723937988281,lightgbm,26
tech_bb_pos_20,36.53729873895645,lightgbm,26
aux_splycur_z63,36.38067007064819,lightgbm,26
px_ret_2,35.995999813079834,lightgbm,26
vol_qv_median_ratio_63,31.843098640441895,lightgbm,26
xa_corr_ref_30,31.432640552520752,lightgbm,26
cal_dow_sin,31.362346291542053,lightgbm,26
tech_stoch_d_14,31.19299077987671,lightgbm,26
tech_rsi_14,31.09333038330078,lightgbm,26
px_ret_mean_5,30.990060091018677,lightgbm,26
aux_adractcnt_chg_7,29.74260950088501,lightgbm,26
tech_macd_hist_norm,28.335100173950195,lightgbm,26
vol_ret_corr_21,27.640910625457764,lightgbm,26
rng_atr_14_norm,24.791900634765625,lightgbm,26
vol_trades_zscore_21,24.344220399856567,lightgbm,26
rng_parkinson_21,23.991999626159668,lightgbm,26
px_ret_mean_63,23.876160621643066,lightgbm,26
px_cumret_30,23.38441038131714,lightgbm,26
vol_log1p_quote_volume,21.920860767364502,lightgbm,26
px_cumret_7,20.75870990753174,lightgbm,26
aux_txcnt_z63,20.31583070755005,lightgbm,26
rng_garman_klass_5,17.80473041534424,lightgbm,26
xa_rel_strength_7,16.916730165481567,lightgbm,26
px_ret_mean_21,13.428899765014648,lightgbm,26
px_dist_max_63,12.746729850769043,lightgbm,26
aux_adractcnt_z63,11.678799629211426,lightgbm,26
px_ret_10,11.506500244140625,lightgbm,26
cal_moy_sin,8.863340377807617,lightgbm,26
xa_rel_strength_30,8.723090171813965,lightgbm,26
px_ret_std_21,7.944610118865967,lightgbm,26
rng_intraday,7.740300178527832,lightgbm,26
tech_stoch_k_14,7.174480199813843,lightgbm,26
vol_log1p_volume,6.694910049438477,lightgbm,26
rng_parkinson_5,4.506309986114502,lightgbm,26
px_ret_mean_10,0.0,lightgbm,26
rng_garman_klass_21,0.0,lightgbm,26
px_dist_max_21,0.0,lightgbm,26
tech_macd_line_norm,0.0,lightgbm,26
tech_macd_signal_norm,0.0,lightgbm,26
xa_rank_ret_lag1,0.0,lightgbm,26
cal_is_weekend,0.0,lightgbm,26
